=======================================================
Building redis for Windows at tag: 8.8-rc1
=======================================================
[1/5] Fetching redis...
Cloning into 'C:\Users\samue\repos\redis-windows\build_work\redis'...
Note: switching to '5f6aa626ac6009fb17657e78f772bbb6275eb6f6'.

You are in 'detached HEAD' state. You can look around, make experimental
changes and commit them, and you can discard any commits you make in this
state without impacting any branches by switching back to a branch.

If you want to create a new branch to retain commits you create, you may
do so (now or later) by using -c with the switch command. Example:

  git switch -c <new-branch-name>

Or undo this operation with:

  git switch -

Turn off this advice by setting config variable advice.detachedHead to false

[2/5] Applying overlay and patches...
Checking patch deps/tre/lib/xmalloc.c...
Checking patch modules/redisearch/Makefile...
Checking patch src/Makefile...
Checking patch src/config.c...
Checking patch src/module.c...
Checking patch tests/unit/cluster/slot-stats.tcl...
Applied patch deps/tre/lib/xmalloc.c cleanly.
Applied patch modules/redisearch/Makefile cleanly.
Applied patch src/Makefile cleanly.
Applied patch src/config.c cleanly.
Applied patch src/module.c cleanly.
Applied patch tests/unit/cluster/slot-stats.tcl cleanly.
C:/Users/samue/repos/redis-windows/patches/tcl_hang.patch:2947: trailing whitespace.
        
C:/Users/samue/repos/redis-windows/patches/tcl_hang.patch:2960: trailing whitespace.
            wait_for_condition 50 20 { [get_stat_subexpiry r] == 0 } else { fail "subexpiry should be 0" } 
C:/Users/samue/repos/redis-windows/patches/tcl_hang.patch:2965: trailing whitespace.
        
C:/Users/samue/repos/redis-windows/patches/tcl_hang.patch:3838: trailing whitespace.
        
Checking patch tests/test_helper.tcl...
Checking patch tests/unit/type/hash-field-expire.tcl...
Checking patch tests/unit/type/string.tcl...
Applied patch tests/test_helper.tcl cleanly.
Applied patch tests/unit/type/hash-field-expire.tcl cleanly.
Applied patch tests/unit/type/string.tcl cleanly.
warning: 4 lines add whitespace errors.
Configuring CMake...
-- Selecting Windows SDK version 10.0.26100.0 to target Windows 10.0.26200.
-- The C compiler identification is MSVC 19.44.35227.0
-- The CXX compiler identification is MSVC 19.44.35227.0
-- Detecting C compiler ABI info
-- Detecting C compiler ABI info - done
-- Check for working C compiler: C:/Program Files/Microsoft Visual Studio/2022/Enterprise/VC/Tools/MSVC/14.44.35207/bin/Hostx64/x64/cl.exe - skipped
-- Detecting C compile features
-- Detecting C compile features - done
-- Detecting CXX compiler ABI info
-- Detecting CXX compiler ABI info - done
-- Check for working CXX compiler: C:/Program Files/Microsoft Visual Studio/2022/Enterprise/VC/Tools/MSVC/14.44.35207/bin/Hostx64/x64/cl.exe - skipped
-- Detecting CXX compile features
-- Detecting CXX compile features - done
-- Performing Test HAS_MSVC_ANALYZE
-- Performing Test HAS_MSVC_ANALYZE - Success
-- Performing Test HAS_GUARD_CF
-- Performing Test HAS_GUARD_CF - Success
-- Performing Test HAS_SDL
-- Performing Test HAS_SDL - Success
CMake Warning at CMakeLists.txt:268 (message):
  AUTO_WIN_MSVC_DIR =
  C:/Users/samue/repos/redis-windows/build_work/redis/build/_deps/auto_win_msvc-src


CMake Warning at CMakeLists.txt:271 (message):
  POSIX_EXTRA_DIRS =
  C:/Users/samue/repos/redis-windows/build_work/redis/build/_deps/auto_win_msvc-src/bsd-machine-endian/include;C:/Users/samue/repos/redis-windows/build_work/redis/build/_deps/auto_win_msvc-src/bsd-malloc-np/include;C:/Users/samue/repos/redis-windows/build_work/redis/build/_deps/auto_win_msvc-src/bsd-pthread-np/include;C:/Users/samue/repos/redis-windows/build_work/redis/build/_deps/auto_win_msvc-src/bsd-sys-cpuset/include;C:/Users/samue/repos/redis-windows/build_work/redis/build/_deps/auto_win_msvc-src/bsd-sys-endian/include;C:/Users/samue/repos/redis-windows/build_work/redis/build/_deps/auto_win_msvc-src/bsd-sys-event/include;C:/Users/samue/repos/redis-windows/build_work/redis/build/_deps/auto_win_msvc-src/bsd-sys-file/include;C:/Users/samue/repos/redis-windows/build_work/redis/build/_deps/auto_win_msvc-src/bsd-sys-param/include;C:/Users/samue/repos/redis-windows/build_work/redis/build/_deps/auto_win_msvc-src/bsd-sys-sysctl/include;C:/Users/samue/repos/redis-windows/build_work/redis/build/_deps/auto_win_msvc-src/bsd-vm-param/include;C:/Users/samue/repos/redis-windows/build_work/redis/build/_deps/auto_win_msvc-src/linux-backtrace/include;C:/Users/samue/repos/redis-windows/build_work/redis/build/_deps/auto_win_msvc-src/linux-endian/include;C:/Users/samue/repos/redis-windows/build_work/redis/build/_deps/auto_win_msvc-src/linux-epoll/include;C:/Users/samue/repos/redis-windows/build_work/redis/build/_deps/auto_win_msvc-src/linux-execinfo/include;C:/Users/samue/repos/redis-windows/build_work/redis/build/_deps/auto_win_msvc-src/linux-features/include;C:/Users/samue/repos/redis-windows/build_work/redis/build/_deps/auto_win_msvc-src/linux-getopt/include;C:/Users/samue/repos/redis-windows/build_work/redis/build/_deps/auto_win_msvc-src/linux-hv-hloop/include;C:/Users/samue/repos/redis-windows/build_work/redis/build/_deps/auto_win_msvc-src/linux-magic/include;C:/Users/samue/repos/redis-windows/build_work/redis/build/_deps/auto_win_msvc-src/linux-rdma/include;C:/Users/samue/repos/redis-windows/build_work/redis/build/_deps/auto_win_msvc-src/linux-sys-bitops/include;C:/Users/samue/repos/redis-windows/build_work/redis/build/_deps/auto_win_msvc-src/linux-sys-prctl/include;C:/Users/samue/repos/redis-windows/build_work/redis/build/_deps/auto_win_msvc-src/linux-sys-procfs/include;C:/Users/samue/repos/redis-windows/build_work/redis/build/_deps/auto_win_msvc-src/linux-sys-statfs/include;C:/Users/samue/repos/redis-windows/build_work/redis/build/_deps/auto_win_msvc-src/linux-sys-syscall/include;C:/Users/samue/repos/redis-windows/build_work/redis/build/_deps/auto_win_msvc-src/linux-sys-user/include;C:/Users/samue/repos/redis-windows/build_work/redis/build/_deps/auto_win_msvc-src/linux-systemd/include;C:/Users/samue/repos/redis-windows/build_work/redis/build/_deps/auto_win_msvc-src/posix-alloca/include;C:/Users/samue/repos/redis-windows/build_work/redis/build/_deps/auto_win_msvc-src/posix-arpa/include;C:/Users/samue/repos/redis-windows/build_work/redis/build/_deps/auto_win_msvc-src/posix-core/include;C:/Users/samue/repos/redis-windows/build_work/redis/build/_deps/auto_win_msvc-src/posix-dirent/include;C:/Users/samue/repos/redis-windows/build_work/redis/build/_deps/auto_win_msvc-src/posix-dlfcn/include;C:/Users/samue/repos/redis-windows/build_work/redis/build/_deps/auto_win_msvc-src/posix-glob/include;C:/Users/samue/repos/redis-windows/build_work/redis/build/_deps/auto_win_msvc-src/posix-inttypes/include;C:/Users/samue/repos/redis-windows/build_work/redis/build/_deps/auto_win_msvc-src/posix-ipc/include;C:/Users/samue/repos/redis-windows/build_work/redis/build/_deps/auto_win_msvc-src/posix-langinfo/include;C:/Users/samue/repos/redis-windows/build_work/redis/build/_deps/auto_win_msvc-src/posix-libgen/include;C:/Users/samue/repos/redis-windows/build_work/redis/build/_deps/auto_win_msvc-src/posix-libproc/include;C:/Users/samue/repos/redis-windows/build_work/redis/build/_deps/auto_win_msvc-src/posix-libunwind/include;C:/Users/samue/repos/redis-windows/build_work/redis/build/_deps/auto_win_msvc-src/posix-mman/include;C:/Users/samue/repos/redis-windows/build_work/redis/build/_deps/auto_win_msvc-src/posix-netdb/include;C:/Users/samue/repos/redis-windows/build_work/redis/build/_deps/auto_win_msvc-src/posix-netinet/include;C:/Users/samue/repos/redis-windows/build_work/redis/build/_deps/auto_win_msvc-src/posix-poll/include;C:/Users/samue/repos/redis-windows/build_work/redis/build/_deps/auto_win_msvc-src/posix-pthread/include;C:/Users/samue/repos/redis-windows/build_work/redis/build/_deps/auto_win_msvc-src/posix-pwdgrp/include;C:/Users/samue/repos/redis-windows/build_work/redis/build/_deps/auto_win_msvc-src/posix-regex/include;C:/Users/samue/repos/redis-windows/build_work/redis/build/_deps/auto_win_msvc-src/posix-sched/include;C:/Users/samue/repos/redis-windows/build_work/redis/build/_deps/auto_win_msvc-src/posix-signal/include;C:/Users/samue/repos/redis-windows/build_work/redis/build/_deps/auto_win_msvc-src/posix-sockets/include;C:/Users/samue/repos/redis-windows/build_work/redis/build/_deps/auto_win_msvc-src/posix-spawn/include;C:/Users/samue/repos/redis-windows/build_work/redis/build/_deps/auto_win_msvc-src/posix-stat/include;C:/Users/samue/repos/redis-windows/build_work/redis/build/_deps/auto_win_msvc-src/posix-stdbool/include;C:/Users/samue/repos/redis-windows/build_work/redis/build/_deps/auto_win_msvc-src/posix-stdint/include;C:/Users/samue/repos/redis-windows/build_work/redis/build/_deps/auto_win_msvc-src/posix-strings/include;C:/Users/samue/repos/redis-windows/build_work/redis/build/_deps/auto_win_msvc-src/posix-stropts/include;C:/Users/samue/repos/redis-windows/build_work/redis/build/_deps/auto_win_msvc-src/posix-sys-ioctl/include;C:/Users/samue/repos/redis-windows/build_work/redis/build/_deps/auto_win_msvc-src/posix-sys-mman/include;C:/Users/samue/repos/redis-windows/build_work/redis/build/_deps/auto_win_msvc-src/posix-sys-resource/include;C:/Users/samue/repos/redis-windows/build_work/redis/build/_deps/auto_win_msvc-src/posix-sys-select/include;C:/Users/samue/repos/redis-windows/build_work/redis/build/_deps/auto_win_msvc-src/posix-sys-uio/include;C:/Users/samue/repos/redis-windows/build_work/redis/build/_deps/auto_win_msvc-src/posix-syslog/include;C:/Users/samue/repos/redis-windows/build_work/redis/build/_deps/auto_win_msvc-src/posix-termios/include;C:/Users/samue/repos/redis-windows/build_work/redis/build/_deps/auto_win_msvc-src/posix-time/include;C:/Users/samue/repos/redis-windows/build_work/redis/build/_deps/auto_win_msvc-src/posix-times/include;C:/Users/samue/repos/redis-windows/build_work/redis/build/_deps/auto_win_msvc-src/posix-types/include;C:/Users/samue/repos/redis-windows/build_work/redis/build/_deps/auto_win_msvc-src/posix-ucontext/include;C:/Users/samue/repos/redis-windows/build_work/redis/build/_deps/auto_win_msvc-src/posix-unwind/include;C:/Users/samue/repos/redis-windows/build_work/redis/build/_deps/auto_win_msvc-src/posix-utsname/include;C:/Users/samue/repos/redis-windows/build_work/redis/build/_deps/auto_win_msvc-src/posix-wait/include


-- Processor count: 16
-- Building in release mode
-- Using 
-- TLS is disabled
-- RDMA is disabled
-- Building on Windows
-- Looking for include file stdatomic.h
-- Looking for include file stdatomic.h - found
-- Looking for mkstemp
-- Looking for mkstemp - not found
Detected version: 1.2.0
-- CFLAGS: /DWIN32 /D_WINDOWS /std:c11 /experimental:c11atomics  /std:c11 /experimental:c11atomics
-- Build Lua scripting engine module
CMake Warning at CMakeLists.txt:777 (message):
  EVALUATING TEST MODULES


-- Building test module: commandfilter
-- Building test module: basics
-- Building test module: testrdb
-- Building test module: fork
-- Building test module: infotest
-- Building test module: propagate
-- Building test module: misc
-- Building test module: hooks
-- Building test module: blockonkeys
-- Building test module: blockonbackground
-- Building test module: scan
-- Building test module: datatype
-- Building test module: datatype2
-- Building test module: auth
-- Building test module: keyspace_events
-- Building test module: blockedclient
-- Building test module: getkeys
-- Building test module: getchannels
-- Building test module: test_lazyfree
-- Building test module: timer
-- Building test module: defragtest
-- Building test module: keyspecs
-- Building test module: hash
-- Building test module: zset
-- Building test module: stream
-- Building test module: mallocsize
-- Building test module: aclcheck
-- Building test module: list
-- Building test module: subcommands
-- Building test module: reply
-- Building test module: cmdintrospection
-- Building test module: eventloop
-- Building test module: moduleconfigs
-- Building test module: moduleconfigstwo
-- Building test module: publish
-- Building test module: usercall
-- Building test module: postnotifications
-- Building test module: moduleauthtwo
-- Building test module: rdbloadsave
-- Building test module: crash
-- Building test module: internalsecret
-- Building test module: configaccess
-- Building test module: test_keymeta
-- Building test module: keymeta_notify
-- Redis version: 8.7.240
-- Current host distro: unknown
-- Configuring done (27.1s)
-- Generating done (6.1s)
-- Build files have been written to: C:/Users/samue/repos/redis-windows/build_work/redis/build
Building redis...
MSBuild version 17.14.40+3e7442088 for .NET Framework

  1>Checking Build System
  Building Custom Rule C:/Users/samue/repos/redis-windows/build_work/redis/cmake/CMakeLists.txt
  Building Custom Rule C:/Users/samue/repos/redis-windows/build_work/redis/cmake/CMakeLists.txt
  Building Custom Rule C:/Users/samue/repos/redis-windows/build_work/redis/build/_deps/auto_win_msvc-src/linux-epoll/CMakeLists.txt
  wepoll.c
  wepoll.vcxproj -> C:\Users\samue\repos\redis-windows\build_work\redis\build\_deps\auto_win_msvc-build\linux-epoll\Release\wepoll.lib
  Building Custom Rule C:/Users/samue/repos/redis-windows/build_work/redis/build/_deps/auto_win_msvc-src/CMakeLists.txt
  bsd-machine-endian.c
  bsd-malloc-np.c
  bsd-pthread-np.c
  bsd-sys-cpuset.c
  bsd-sys-endian.c
  bsd-sys-event.c
  bsd-sys-file.c
  bsd-sys-param.c
  bsd-sys-sysctl.c
  linux-backtrace.c
  linux-endian.c
  linux-epoll.c
  linux-execinfo.c
  linux-features.c
  linux-getopt.c
  linux-sys-bitops.c
  linux-sys-prctl.c
  linux-sys-procfs.c
  linux-sys-statfs.c
  linux-sys-syscall.c
  Generating Code...
  Compiling...
  linux-sys-user.c
  posix-arpa-inet.c
  posix-core.c
  posix_read_write.c
  posix-dirent.c
  posix-dlfcn.c
  posix-glob.c
  posix-inttypes.c
  posix-ipc.c
  posix-langinfo.c
  posix-libgen.c
  posix-libproc.c
  posix-mman.c
  posix-netinet.c
  posix-pthread.c
  posix-pwdgrp.c
  posix-regex.c
  posix-sched.c
  posix-signal.c
  posix-sockets.c
  Generating Code...
  Compiling...
  posix-poll.c
  posix-spawn.c
  posix-stat.c
  posix-stdbool.c
  posix-stdint.c
  posix-strings.c
  posix-stropts.c
  posix-sys-ioctl.c
  posix-sys-resource.c
  posix-sys-uio.c
  posix-syslog.c
  posix-termios.c
  posix-time.c
  posix-times.c
  posix-types.c
  posix-ucontext.c
  posix-utsname.c
  uname_main.c
  posix-wait.c
  solaris-port.c
  Generating Code...
  Compiling...
  solaris-sys-byteorder.c
  solaris-sys-feature-tests.c
  posix-alloca.c
  posix-unwind.c
  Generating Code...
  auto-win-msvc.vcxproj -> C:\Users\samue\repos\redis-windows\build_work\redis\build\_deps\auto_win_msvc-build\Release\auto-win-msvc.lib
  Building Custom Rule C:/Users/samue/repos/redis-windows/build_work/redis/cmake/deps/fpconv/CMakeLists.txt
  fpconv_dtoa.c
C:\Users\samue\repos\redis-windows\build_work\redis\build\msvc_compat.h(156,9): warning C4028: formal parameter 1 different from declaration [C:\Users\samue\repos\redis-windows\build_work\redis\build\deps\fpconv\fpconv.vcxproj]
  (compiling source file '../../../deps/fpconv/fpconv_dtoa.c')
  
C:\Users\samue\repos\redis-windows\build_work\redis\build\msvc_compat.h(157,9): warning C4028: formal parameter 1 different from declaration [C:\Users\samue\repos\redis-windows\build_work\redis\build\deps\fpconv\fpconv.vcxproj]
  (compiling source file '../../../deps/fpconv/fpconv_dtoa.c')
  
C:\Users\samue\repos\redis-windows\build_work\redis\build\msvc_compat.h(164,5): warning C4028: formal parameter 1 different from declaration [C:\Users\samue\repos\redis-windows\build_work\redis\build\deps\fpconv\fpconv.vcxproj]
  (compiling source file '../../../deps/fpconv/fpconv_dtoa.c')
  
  fpconv.vcxproj -> C:\Users\samue\repos\redis-windows\build_work\redis\build\lib\Release\fpconv.lib
  Building Custom Rule C:/Users/samue/repos/redis-windows/build_work/redis/cmake/deps/hdr_histogram/CMakeLists.txt
  hdr_histogram.c
C:\Users\samue\repos\redis-windows\build_work\redis\build\msvc_compat.h(156,9): warning C4028: formal parameter 1 different from declaration [C:\Users\samue\repos\redis-windows\build_work\redis\build\deps\hdr_histogram\hdr_histogram.vcxproj]
  (compiling source file '../../../deps/hdr_histogram/hdr_histogram.c')
  
C:\Users\samue\repos\redis-windows\build_work\redis\build\msvc_compat.h(157,9): warning C4028: formal parameter 1 different from declaration [C:\Users\samue\repos\redis-windows\build_work\redis\build\deps\hdr_histogram\hdr_histogram.vcxproj]
  (compiling source file '../../../deps/hdr_histogram/hdr_histogram.c')
  
C:\Users\samue\repos\redis-windows\build_work\redis\build\msvc_compat.h(164,5): warning C4028: formal parameter 1 different from declaration [C:\Users\samue\repos\redis-windows\build_work\redis\build\deps\hdr_histogram\hdr_histogram.vcxproj]
  (compiling source file '../../../deps/hdr_histogram/hdr_histogram.c')
  
  hdr_histogram.vcxproj -> C:\Users\samue\repos\redis-windows\build_work\redis\build\lib\Release\hdr_histogram.lib
  Building Custom Rule C:/Users/samue/repos/redis-windows/build_work/redis/cmake/deps/hiredis/CMakeLists.txt
  alloc.c
C:\Users\samue\repos\redis-windows\build_work\redis\build\msvc_compat.h(156,9): warning C4028: formal parameter 1 different from declaration [C:\Users\samue\repos\redis-windows\build_work\redis\build\deps\hiredis\hiredis.vcxproj]
  (compiling source file '../../../deps/hiredis/alloc.c')
  
C:\Users\samue\repos\redis-windows\build_work\redis\build\msvc_compat.h(157,9): warning C4028: formal parameter 1 different from declaration [C:\Users\samue\repos\redis-windows\build_work\redis\build\deps\hiredis\hiredis.vcxproj]
  (compiling source file '../../../deps/hiredis/alloc.c')
  
C:\Users\samue\repos\redis-windows\build_work\redis\build\msvc_compat.h(164,5): warning C4028: formal parameter 1 different from declaration [C:\Users\samue\repos\redis-windows\build_work\redis\build\deps\hiredis\hiredis.vcxproj]
  (compiling source file '../../../deps/hiredis/alloc.c')
  
  async.c
C:\Users\samue\repos\redis-windows\build_work\redis\build\msvc_compat.h(156,9): warning C4028: formal parameter 1 different from declaration [C:\Users\samue\repos\redis-windows\build_work\redis\build\deps\hiredis\hiredis.vcxproj]
  (compiling source file '../../../deps/hiredis/async.c')
  
C:\Users\samue\repos\redis-windows\build_work\redis\build\msvc_compat.h(157,9): warning C4028: formal parameter 1 different from declaration [C:\Users\samue\repos\redis-windows\build_work\redis\build\deps\hiredis\hiredis.vcxproj]
  (compiling source file '../../../deps/hiredis/async.c')
  
C:\Users\samue\repos\redis-windows\build_work\redis\build\msvc_compat.h(164,5): warning C4028: formal parameter 1 different from declaration [C:\Users\samue\repos\redis-windows\build_work\redis\build\deps\hiredis\hiredis.vcxproj]
  (compiling source file '../../../deps/hiredis/async.c')
  
  hiredis.c
C:\Users\samue\repos\redis-windows\build_work\redis\build\msvc_compat.h(156,9): warning C4028: formal parameter 1 different from declaration [C:\Users\samue\repos\redis-windows\build_work\redis\build\deps\hiredis\hiredis.vcxproj]
  (compiling source file '../../../deps/hiredis/hiredis.c')
  
C:\Users\samue\repos\redis-windows\build_work\redis\build\msvc_compat.h(157,9): warning C4028: formal parameter 1 different from declaration [C:\Users\samue\repos\redis-windows\build_work\redis\build\deps\hiredis\hiredis.vcxproj]
  (compiling source file '../../../deps/hiredis/hiredis.c')
  
C:\Users\samue\repos\redis-windows\build_work\redis\build\msvc_compat.h(164,5): warning C4028: formal parameter 1 different from declaration [C:\Users\samue\repos\redis-windows\build_work\redis\build\deps\hiredis\hiredis.vcxproj]
  (compiling source file '../../../deps/hiredis/hiredis.c')
  
  net.c
C:\Users\samue\repos\redis-windows\build_work\redis\build\msvc_compat.h(156,9): warning C4028: formal parameter 1 different from declaration [C:\Users\samue\repos\redis-windows\build_work\redis\build\deps\hiredis\hiredis.vcxproj]
  (compiling source file '../../../deps/hiredis/net.c')
  
C:\Users\samue\repos\redis-windows\build_work\redis\build\msvc_compat.h(157,9): warning C4028: formal parameter 1 different from declaration [C:\Users\samue\repos\redis-windows\build_work\redis\build\deps\hiredis\hiredis.vcxproj]
  (compiling source file '../../../deps/hiredis/net.c')
  
C:\Users\samue\repos\redis-windows\build_work\redis\build\msvc_compat.h(164,5): warning C4028: formal parameter 1 different from declaration [C:\Users\samue\repos\redis-windows\build_work\redis\build\deps\hiredis\hiredis.vcxproj]
  (compiling source file '../../../deps/hiredis/net.c')
  
  read.c
C:\Users\samue\repos\redis-windows\build_work\redis\build\msvc_compat.h(156,9): warning C4028: formal parameter 1 different from declaration [C:\Users\samue\repos\redis-windows\build_work\redis\build\deps\hiredis\hiredis.vcxproj]
  (compiling source file '../../../deps/hiredis/read.c')
  
C:\Users\samue\repos\redis-windows\build_work\redis\build\msvc_compat.h(157,9): warning C4028: formal parameter 1 different from declaration [C:\Users\samue\repos\redis-windows\build_work\redis\build\deps\hiredis\hiredis.vcxproj]
  (compiling source file '../../../deps/hiredis/read.c')
  
C:\Users\samue\repos\redis-windows\build_work\redis\build\msvc_compat.h(164,5): warning C4028: formal parameter 1 different from declaration [C:\Users\samue\repos\redis-windows\build_work\redis\build\deps\hiredis\hiredis.vcxproj]
  (compiling source file '../../../deps/hiredis/read.c')
  
  sds.c
C:\Users\samue\repos\redis-windows\build_work\redis\build\msvc_compat.h(156,9): warning C4028: formal parameter 1 different from declaration [C:\Users\samue\repos\redis-windows\build_work\redis\build\deps\hiredis\hiredis.vcxproj]
  (compiling source file '../../patched/deps/hiredis/sds.c')
  
C:\Users\samue\repos\redis-windows\build_work\redis\build\msvc_compat.h(157,9): warning C4028: formal parameter 1 different from declaration [C:\Users\samue\repos\redis-windows\build_work\redis\build\deps\hiredis\hiredis.vcxproj]
  (compiling source file '../../patched/deps/hiredis/sds.c')
  
C:\Users\samue\repos\redis-windows\build_work\redis\build\msvc_compat.h(164,5): warning C4028: formal parameter 1 different from declaration [C:\Users\samue\repos\redis-windows\build_work\redis\build\deps\hiredis\hiredis.vcxproj]
  (compiling source file '../../patched/deps/hiredis/sds.c')
  
  sockcompat.c
C:\Users\samue\repos\redis-windows\build_work\redis\build\msvc_compat.h(156,9): warning C4028: formal parameter 1 different from declaration [C:\Users\samue\repos\redis-windows\build_work\redis\build\deps\hiredis\hiredis.vcxproj]
  (compiling source file '../../../deps/hiredis/sockcompat.c')
  
C:\Users\samue\repos\redis-windows\build_work\redis\build\msvc_compat.h(157,9): warning C4028: formal parameter 1 different from declaration [C:\Users\samue\repos\redis-windows\build_work\redis\build\deps\hiredis\hiredis.vcxproj]
  (compiling source file '../../../deps/hiredis/sockcompat.c')
  
C:\Users\samue\repos\redis-windows\build_work\redis\build\msvc_compat.h(164,5): warning C4028: formal parameter 1 different from declaration [C:\Users\samue\repos\redis-windows\build_work\redis\build\deps\hiredis\hiredis.vcxproj]
  (compiling source file '../../../deps/hiredis/sockcompat.c')
  
  Generating Code...
  hiredis.vcxproj -> C:\Users\samue\repos\redis-windows\build_work\redis\build\lib\Release\hiredis.lib
  Building Custom Rule C:/Users/samue/repos/redis-windows/build_work/redis/cmake/deps/linenoise/CMakeLists.txt
  linenoise.c
C:\Users\samue\repos\redis-windows\build_work\redis\build\msvc_compat.h(156,9): warning C4028: formal parameter 1 different from declaration [C:\Users\samue\repos\redis-windows\build_work\redis\build\deps\linenoise\linenoise.vcxproj]
  (compiling source file '../../patched/deps/linenoise/linenoise.c')
  
C:\Users\samue\repos\redis-windows\build_work\redis\build\msvc_compat.h(157,9): warning C4028: formal parameter 1 different from declaration [C:\Users\samue\repos\redis-windows\build_work\redis\build\deps\linenoise\linenoise.vcxproj]
  (compiling source file '../../patched/deps/linenoise/linenoise.c')
  
C:\Users\samue\repos\redis-windows\build_work\redis\build\msvc_compat.h(164,5): warning C4028: formal parameter 1 different from declaration [C:\Users\samue\repos\redis-windows\build_work\redis\build\deps\linenoise\linenoise.vcxproj]
  (compiling source file '../../patched/deps/linenoise/linenoise.c')
  
  linenoise.vcxproj -> C:\Users\samue\repos\redis-windows\build_work\redis\build\lib\Release\linenoise.lib
  Building Custom Rule C:/Users/samue/repos/redis-windows/build_work/redis/cmake/deps/xxhash/CMakeLists.txt
  xxhash.c
C:\Users\samue\repos\redis-windows\build_work\redis\build\msvc_compat.h(156,9): warning C4028: formal parameter 1 different from declaration [C:\Users\samue\repos\redis-windows\build_work\redis\build\deps\xxhash\xxhash.vcxproj]
  (compiling source file '../../../deps/xxhash/xxhash.c')
  
C:\Users\samue\repos\redis-windows\build_work\redis\build\msvc_compat.h(157,9): warning C4028: formal parameter 1 different from declaration [C:\Users\samue\repos\redis-windows\build_work\redis\build\deps\xxhash\xxhash.vcxproj]
  (compiling source file '../../../deps/xxhash/xxhash.c')
  
C:\Users\samue\repos\redis-windows\build_work\redis\build\msvc_compat.h(164,5): warning C4028: formal parameter 1 different from declaration [C:\Users\samue\repos\redis-windows\build_work\redis\build\deps\xxhash\xxhash.vcxproj]
  (compiling source file '../../../deps/xxhash/xxhash.c')
  
  xxhash.vcxproj -> C:\Users\samue\repos\redis-windows\build_work\redis\build\lib\Release\xxhash.lib
  Building Custom Rule C:/Users/samue/repos/redis-windows/build_work/redis/cmake/src/CMakeLists.txt
  cli_commands.c
C:\Users\samue\repos\redis-windows\build_work\redis\build\msvc_compat.h(156,9): warning C4028: formal parameter 1 different from declaration [C:\Users\samue\repos\redis-windows\build_work\redis\build\src\redis-cli.vcxproj]
  (compiling source file '../patched/src/cli_commands.c')
  
C:\Users\samue\repos\redis-windows\build_work\redis\build\msvc_compat.h(157,9): warning C4028: formal parameter 1 different from declaration [C:\Users\samue\repos\redis-windows\build_work\redis\build\src\redis-cli.vcxproj]
  (compiling source file '../patched/src/cli_commands.c')
  
C:\Users\samue\repos\redis-windows\build_work\redis\build\msvc_compat.h(164,5): warning C4028: formal parameter 1 different from declaration [C:\Users\samue\repos\redis-windows\build_work\redis\build\src\redis-cli.vcxproj]
  (compiling source file '../patched/src/cli_commands.c')
  
  cli_common.c
C:\Users\samue\repos\redis-windows\build_work\redis\build\msvc_compat.h(156,9): warning C4028: formal parameter 1 different from declaration [C:\Users\samue\repos\redis-windows\build_work\redis\build\src\redis-cli.vcxproj]
  (compiling source file '../patched/src/cli_common.c')
  
C:\Users\samue\repos\redis-windows\build_work\redis\build\msvc_compat.h(157,9): warning C4028: formal parameter 1 different from declaration [C:\Users\samue\repos\redis-windows\build_work\redis\build\src\redis-cli.vcxproj]
  (compiling source file '../patched/src/cli_common.c')
  
C:\Users\samue\repos\redis-windows\build_work\redis\build\msvc_compat.h(164,5): warning C4028: formal parameter 1 different from declaration [C:\Users\samue\repos\redis-windows\build_work\redis\build\src\redis-cli.vcxproj]
  (compiling source file '../patched/src/cli_common.c')
  
C:\Users\samue\repos\redis-windows\build_work\redis\build\patched\src\cli_common.c(141,34): warning C4146: unary minus operator applied to unsigned type, result still unsigned [C:\Users\samue\repos\redis-windows\build_work\redis\build\src\redis-cli.vcxproj]
C:\Users\samue\repos\redis-windows\build_work\redis\build\patched\src\cli_common.c(165,30): warning C4146: unary minus operator applied to unsigned type, result still unsigned [C:\Users\samue\repos\redis-windows\build_work\redis\build\src\redis-cli.vcxproj]
C:\Users\samue\repos\redis-windows\build_work\redis\build\patched\src\cli_common.c(195,21): warning C4244: 'initializing': conversion from 'ssize_t' to 'int', possible loss of data [C:\Users\samue\repos\redis-windows\build_work\redis\build\src\redis-cli.vcxproj]
  anet.c
C:\Users\samue\repos\redis-windows\build_work\redis\build\msvc_compat.h(156,9): warning C4028: formal parameter 1 different from declaration [C:\Users\samue\repos\redis-windows\build_work\redis\build\src\redis-cli.vcxproj]
  (compiling source file '../patched/src/anet.c')
  
C:\Users\samue\repos\redis-windows\build_work\redis\build\msvc_compat.h(157,9): warning C4028: formal parameter 1 different from declaration [C:\Users\samue\repos\redis-windows\build_work\redis\build\src\redis-cli.vcxproj]
  (compiling source file '../patched/src/anet.c')
  
C:\Users\samue\repos\redis-windows\build_work\redis\build\msvc_compat.h(164,5): warning C4028: formal parameter 1 different from declaration [C:\Users\samue\repos\redis-windows\build_work\redis\build\src\redis-cli.vcxproj]
  (compiling source file '../patched/src/anet.c')
  
C:\Users\samue\repos\redis-windows\build_work\redis\build\patched\src\sds.h(146,34): warning C4267: '=': conversion from 'size_t' to 'unsigned char', possible loss of data [C:\Users\samue\repos\redis-windows\build_work\redis\build\src\redis-cli.vcxproj]
  (compiling source file '../patched/src/anet.c')
  
C:\Users\samue\repos\redis-windows\build_work\redis\build\patched\src\sds.h(150,33): warning C4267: '=': conversion from 'size_t' to 'uint8_t', possible loss of data [C:\Users\samue\repos\redis-windows\build_work\redis\build\src\redis-cli.vcxproj]
  (compiling source file '../patched/src/anet.c')
  
C:\Users\samue\repos\redis-windows\build_work\redis\build\patched\src\sds.h(153,34): warning C4267: '=': conversion from 'size_t' to 'uint16_t', possible loss of data [C:\Users\samue\repos\redis-windows\build_work\redis\build\src\redis-cli.vcxproj]
  (compiling source file '../patched/src/anet.c')
  
C:\Users\samue\repos\redis-windows\build_work\redis\build\patched\src\sds.h(156,34): warning C4267: '=': conversion from 'size_t' to 'uint32_t', possible loss of data [C:\Users\samue\repos\redis-windows\build_work\redis\build\src\redis-cli.vcxproj]
  (compiling source file '../patched/src/anet.c')
  
C:\Users\samue\repos\redis-windows\build_work\redis\build\patched\src\sds.h(174,34): warning C4267: '+=': conversion from 'size_t' to 'uint8_t', possible loss of data [C:\Users\samue\repos\redis-windows\build_work\redis\build\src\redis-cli.vcxproj]
  (compiling source file '../patched/src/anet.c')
  
C:\Users\samue\repos\redis-windows\build_work\redis\build\patched\src\sds.h(177,35): warning C4267: '+=': conversion from 'size_t' to 'uint16_t', possible loss of data [C:\Users\samue\repos\redis-windows\build_work\redis\build\src\redis-cli.vcxproj]
  (compiling source file '../patched/src/anet.c')
  
C:\Users\samue\repos\redis-windows\build_work\redis\build\patched\src\sds.h(180,35): warning C4267: '+=': conversion from 'size_t' to 'uint32_t', possible loss of data [C:\Users\samue\repos\redis-windows\build_work\redis\build\src\redis-cli.vcxproj]
  (compiling source file '../patched/src/anet.c')
  
C:\Users\samue\repos\redis-windows\build_work\redis\build\patched\src\sds.h(169,57): warning C4267: 'initializing': conversion from 'size_t' to 'unsigned char', possible loss of data [C:\Users\samue\repos\redis-windows\build_work\redis\build\src\redis-cli.vcxproj]
  (compiling source file '../patched/src/anet.c')
  
C:\Users\samue\repos\redis-windows\build_work\redis\build\patched\src\sds.h(234,50): warning C4267: '=': conversion from 'size_t' to 'uint8_t', possible loss of data [C:\Users\samue\repos\redis-windows\build_work\redis\build\src\redis-cli.vcxproj]
  (compiling source file '../patched/src/anet.c')
  
C:\Users\samue\repos\redis-windows\build_work\redis\build\patched\src\sds.h(237,53): warning C4267: '=': conversion from 'size_t' to 'uint16_t', possible loss of data [C:\Users\samue\repos\redis-windows\build_work\redis\build\src\redis-cli.vcxproj]
  (compiling source file '../patched/src/anet.c')
  
C:\Users\samue\repos\redis-windows\build_work\redis\build\patched\src\sds.h(240,36): warning C4267: '=': conversion from 'size_t' to 'uint32_t', possible loss of data [C:\Users\samue\repos\redis-windows\build_work\redis\build\src\redis-cli.vcxproj]
  (compiling source file '../patched/src/anet.c')
  
C:\Users\samue\repos\redis-windows\build_work\redis\build\patched\src\anet.c(281,19): warning C4244: '=': conversion from '__int64' to 'long', possible loss of data [C:\Users\samue\repos\redis-windows\build_work\redis\build\src\redis-cli.vcxproj]
C:\Users\samue\repos\redis-windows\build_work\redis\build\patched\src\anet.c(295,19): warning C4244: '=': conversion from '__int64' to 'long', possible loss of data [C:\Users\samue\repos\redis-windows\build_work\redis\build\src\redis-cli.vcxproj]
C:\Users\samue\repos\redis-windows\build_work\redis\build\patched\src\anet.c(416,40): warning C4267: 'function': conversion from 'size_t' to 'posix_socklen_t', possible loss of data [C:\Users\samue\repos\redis-windows\build_work\redis\build\src\redis-cli.vcxproj]
C:\Users\samue\repos\redis-windows\build_work\redis\build\patched\src\anet.c(427,35): warning C4267: 'function': conversion from 'size_t' to 'posix_socklen_t', possible loss of data [C:\Users\samue\repos\redis-windows\build_work\redis\build\src\redis-cli.vcxproj]
C:\Users\samue\repos\redis-windows\build_work\redis\build\patched\src\anet.c(555,42): warning C4267: 'function': conversion from 'size_t' to 'socklen_t', possible loss of data [C:\Users\samue\repos\redis-windows\build_work\redis\build\src\redis-cli.vcxproj]
  adlist.c
C:\Users\samue\repos\redis-windows\build_work\redis\build\msvc_compat.h(156,9): warning C4028: formal parameter 1 different from declaration [C:\Users\samue\repos\redis-windows\build_work\redis\build\src\redis-cli.vcxproj]
  (compiling source file '../patched/src/adlist.c')
  
C:\Users\samue\repos\redis-windows\build_work\redis\build\msvc_compat.h(157,9): warning C4028: formal parameter 1 different from declaration [C:\Users\samue\repos\redis-windows\build_work\redis\build\src\redis-cli.vcxproj]
  (compiling source file '../patched/src/adlist.c')
  
C:\Users\samue\repos\redis-windows\build_work\redis\build\msvc_compat.h(164,5): warning C4028: formal parameter 1 different from declaration [C:\Users\samue\repos\redis-windows\build_work\redis\build\src\redis-cli.vcxproj]
  (compiling source file '../patched/src/adlist.c')
  
  dict.c
C:\Users\samue\repos\redis-windows\build_work\redis\build\msvc_compat.h(156,9): warning C4028: formal parameter 1 different from declaration [C:\Users\samue\repos\redis-windows\build_work\redis\build\src\redis-cli.vcxproj]
  (compiling source file '../patched/src/dict.c')
  
C:\Users\samue\repos\redis-windows\build_work\redis\build\msvc_compat.h(157,9): warning C4028: formal parameter 1 different from declaration [C:\Users\samue\repos\redis-windows\build_work\redis\build\src\redis-cli.vcxproj]
  (compiling source file '../patched/src/dict.c')
  
C:\Users\samue\repos\redis-windows\build_work\redis\build\msvc_compat.h(164,5): warning C4028: formal parameter 1 different from declaration [C:\Users\samue\repos\redis-windows\build_work\redis\build\src\redis-cli.vcxproj]
  (compiling source file '../patched/src/dict.c')
  
C:\Users\samue\repos\redis-windows\build_work\redis\build\patched\src\sds.h(146,34): warning C4267: '=': conversion from 'size_t' to 'unsigned char', possible loss of data [C:\Users\samue\repos\redis-windows\build_work\redis\build\src\redis-cli.vcxproj]
  (compiling source file '../patched/src/dict.c')
  
C:\Users\samue\repos\redis-windows\build_work\redis\build\patched\src\sds.h(150,33): warning C4267: '=': conversion from 'size_t' to 'uint8_t', possible loss of data [C:\Users\samue\repos\redis-windows\build_work\redis\build\src\redis-cli.vcxproj]
  (compiling source file '../patched/src/dict.c')
  
C:\Users\samue\repos\redis-windows\build_work\redis\build\patched\src\sds.h(153,34): warning C4267: '=': conversion from 'size_t' to 'uint16_t', possible loss of data [C:\Users\samue\repos\redis-windows\build_work\redis\build\src\redis-cli.vcxproj]
  (compiling source file '../patched/src/dict.c')
  
C:\Users\samue\repos\redis-windows\build_work\redis\build\patched\src\sds.h(156,34): warning C4267: '=': conversion from 'size_t' to 'uint32_t', possible loss of data [C:\Users\samue\repos\redis-windows\build_work\redis\build\src\redis-cli.vcxproj]
  (compiling source file '../patched/src/dict.c')
  
C:\Users\samue\repos\redis-windows\build_work\redis\build\patched\src\sds.h(174,34): warning C4267: '+=': conversion from 'size_t' to 'uint8_t', possible loss of data [C:\Users\samue\repos\redis-windows\build_work\redis\build\src\redis-cli.vcxproj]
  (compiling source file '../patched/src/dict.c')
  
C:\Users\samue\repos\redis-windows\build_work\redis\build\patched\src\sds.h(177,35): warning C4267: '+=': conversion from 'size_t' to 'uint16_t', possible loss of data [C:\Users\samue\repos\redis-windows\build_work\redis\build\src\redis-cli.vcxproj]
  (compiling source file '../patched/src/dict.c')
  
C:\Users\samue\repos\redis-windows\build_work\redis\build\patched\src\sds.h(180,35): warning C4267: '+=': conversion from 'size_t' to 'uint32_t', possible loss of data [C:\Users\samue\repos\redis-windows\build_work\redis\build\src\redis-cli.vcxproj]
  (compiling source file '../patched/src/dict.c')
  
C:\Users\samue\repos\redis-windows\build_work\redis\build\patched\src\sds.h(169,57): warning C4267: 'initializing': conversion from 'size_t' to 'unsigned char', possible loss of data [C:\Users\samue\repos\redis-windows\build_work\redis\build\src\redis-cli.vcxproj]
  (compiling source file '../patched/src/dict.c')
  
C:\Users\samue\repos\redis-windows\build_work\redis\build\patched\src\sds.h(234,50): warning C4267: '=': conversion from 'size_t' to 'uint8_t', possible loss of data [C:\Users\samue\repos\redis-windows\build_work\redis\build\src\redis-cli.vcxproj]
  (compiling source file '../patched/src/dict.c')
  
C:\Users\samue\repos\redis-windows\build_work\redis\build\patched\src\sds.h(237,53): warning C4267: '=': conversion from 'size_t' to 'uint16_t', possible loss of data [C:\Users\samue\repos\redis-windows\build_work\redis\build\src\redis-cli.vcxproj]
  (compiling source file '../patched/src/dict.c')
  
C:\Users\samue\repos\redis-windows\build_work\redis\build\patched\src\sds.h(240,36): warning C4267: '=': conversion from 'size_t' to 'uint32_t', possible loss of data [C:\Users\samue\repos\redis-windows\build_work\redis\build\src\redis-cli.vcxproj]
  (compiling source file '../patched/src/dict.c')
  
C:\Users\samue\repos\redis-windows\build_work\redis\build\patched\src\dict.c(957,32): warning C4244: '=': conversion from 'uint64_t' to 'int', possible loss of data [C:\Users\samue\repos\redis-windows\build_work\redis\build\src\redis-cli.vcxproj]
C:\Users\samue\repos\redis-windows\build_work\redis\build\patched\src\dict.c(1105,19): warning C4311: 'type cast': pointer truncation from 'dictEntry **' to 'long' [C:\Users\samue\repos\redis-windows\build_work\redis\build\src\redis-cli.vcxproj]
C:\Users\samue\repos\redis-windows\build_work\redis\build\patched\src\dict.c(1108,19): warning C4311: 'type cast': pointer truncation from 'dictEntry **' to 'long' [C:\Users\samue\repos\redis-windows\build_work\redis\build\src\redis-cli.vcxproj]
C:\Users\samue\repos\redis-windows\build_work\redis\build\patched\src\dict.c(1631,21): warning C4267: 'function': conversion from 'size_t' to 'unsigned long', possible loss of data [C:\Users\samue\repos\redis-windows\build_work\redis\build\src\redis-cli.vcxproj]
C:\Users\samue\repos\redis-windows\build_work\redis\build\patched\src\dict.c(1726,27): warning C4244: 'return': conversion from 'unsigned __int64' to 'signed char', possible loss of data [C:\Users\samue\repos\redis-windows\build_work\redis\build\src\redis-cli.vcxproj]
  sds.c
C:\Users\samue\repos\redis-windows\build_work\redis\build\msvc_compat.h(156,9): warning C4028: formal parameter 1 different from declaration [C:\Users\samue\repos\redis-windows\build_work\redis\build\src\redis-cli.vcxproj]
  (compiling source file '../patched/src/sds.c')
  
C:\Users\samue\repos\redis-windows\build_work\redis\build\msvc_compat.h(157,9): warning C4028: formal parameter 1 different from declaration [C:\Users\samue\repos\redis-windows\build_work\redis\build\src\redis-cli.vcxproj]
  (compiling source file '../patched/src/sds.c')
  
C:\Users\samue\repos\redis-windows\build_work\redis\build\msvc_compat.h(164,5): warning C4028: formal parameter 1 different from declaration [C:\Users\samue\repos\redis-windows\build_work\redis\build\src\redis-cli.vcxproj]
  (compiling source file '../patched/src/sds.c')
  
C:\Users\samue\repos\redis-windows\build_work\redis\build\patched\src\sds.h(146,34): warning C4267: '=': conversion from 'size_t' to 'unsigned char', possible loss of data [C:\Users\samue\repos\redis-windows\build_work\redis\build\src\redis-cli.vcxproj]
  (compiling source file '../patched/src/sds.c')
  
C:\Users\samue\repos\redis-windows\build_work\redis\build\patched\src\sds.h(150,33): warning C4267: '=': conversion from 'size_t' to 'uint8_t', possible loss of data [C:\Users\samue\repos\redis-windows\build_work\redis\build\src\redis-cli.vcxproj]
  (compiling source file '../patched/src/sds.c')
  
C:\Users\samue\repos\redis-windows\build_work\redis\build\patched\src\sds.h(153,34): warning C4267: '=': conversion from 'size_t' to 'uint16_t', possible loss of data [C:\Users\samue\repos\redis-windows\build_work\redis\build\src\redis-cli.vcxproj]
  (compiling source file '../patched/src/sds.c')
  
C:\Users\samue\repos\redis-windows\build_work\redis\build\patched\src\sds.h(156,34): warning C4267: '=': conversion from 'size_t' to 'uint32_t', possible loss of data [C:\Users\samue\repos\redis-windows\build_work\redis\build\src\redis-cli.vcxproj]
  (compiling source file '../patched/src/sds.c')
  
C:\Users\samue\repos\redis-windows\build_work\redis\build\patched\src\sds.h(174,34): warning C4267: '+=': conversion from 'size_t' to 'uint8_t', possible loss of data [C:\Users\samue\repos\redis-windows\build_work\redis\build\src\redis-cli.vcxproj]
  (compiling source file '../patched/src/sds.c')
  
C:\Users\samue\repos\redis-windows\build_work\redis\build\patched\src\sds.h(177,35): warning C4267: '+=': conversion from 'size_t' to 'uint16_t', possible loss of data [C:\Users\samue\repos\redis-windows\build_work\redis\build\src\redis-cli.vcxproj]
  (compiling source file '../patched/src/sds.c')
  
C:\Users\samue\repos\redis-windows\build_work\redis\build\patched\src\sds.h(180,35): warning C4267: '+=': conversion from 'size_t' to 'uint32_t', possible loss of data [C:\Users\samue\repos\redis-windows\build_work\redis\build\src\redis-cli.vcxproj]
  (compiling source file '../patched/src/sds.c')
  
C:\Users\samue\repos\redis-windows\build_work\redis\build\patched\src\sds.h(169,57): warning C4267: 'initializing': conversion from 'size_t' to 'unsigned char', possible loss of data [C:\Users\samue\repos\redis-windows\build_work\redis\build\src\redis-cli.vcxproj]
  (compiling source file '../patched/src/sds.c')
  
C:\Users\samue\repos\redis-windows\build_work\redis\build\patched\src\sds.h(234,50): warning C4267: '=': conversion from 'size_t' to 'uint8_t', possible loss of data [C:\Users\samue\repos\redis-windows\build_work\redis\build\src\redis-cli.vcxproj]
  (compiling source file '../patched/src/sds.c')
  
C:\Users\samue\repos\redis-windows\build_work\redis\build\patched\src\sds.h(237,53): warning C4267: '=': conversion from 'size_t' to 'uint16_t', possible loss of data [C:\Users\samue\repos\redis-windows\build_work\redis\build\src\redis-cli.vcxproj]
  (compiling source file '../patched/src/sds.c')
  
C:\Users\samue\repos\redis-windows\build_work\redis\build\patched\src\sds.h(240,36): warning C4267: '=': conversion from 'size_t' to 'uint32_t', possible loss of data [C:\Users\samue\repos\redis-windows\build_work\redis\build\src\redis-cli.vcxproj]
  (compiling source file '../patched/src/sds.c')
  
C:\Users\samue\repos\redis-windows\build_work\redis\build\patched\src\sds.c(148,24): warning C4267: '=': conversion from 'size_t' to 'unsigned char', possible loss of data [C:\Users\samue\repos\redis-windows\build_work\redis\build\src\redis-cli.vcxproj]
C:\Users\samue\repos\redis-windows\build_work\redis\build\patched\src\sds.c(153,23): warning C4267: '=': conversion from 'size_t' to 'uint8_t', possible loss of data [C:\Users\samue\repos\redis-windows\build_work\redis\build\src\redis-cli.vcxproj]
C:\Users\samue\repos\redis-windows\build_work\redis\build\patched\src\sds.c(155,25): warning C4267: '=': conversion from 'size_t' to 'uint8_t', possible loss of data [C:\Users\samue\repos\redis-windows\build_work\redis\build\src\redis-cli.vcxproj]
C:\Users\samue\repos\redis-windows\build_work\redis\build\patched\src\sds.c(161,23): warning C4267: '=': conversion from 'size_t' to 'uint16_t', possible loss of data [C:\Users\samue\repos\redis-windows\build_work\redis\build\src\redis-cli.vcxproj]
C:\Users\samue\repos\redis-windows\build_work\redis\build\patched\src\sds.c(163,25): warning C4267: '=': conversion from 'size_t' to 'uint16_t', possible loss of data [C:\Users\samue\repos\redis-windows\build_work\redis\build\src\redis-cli.vcxproj]
C:\Users\samue\repos\redis-windows\build_work\redis\build\patched\src\sds.c(169,23): warning C4267: '=': conversion from 'size_t' to 'uint32_t', possible loss of data [C:\Users\samue\repos\redis-windows\build_work\redis\build\src\redis-cli.vcxproj]
C:\Users\samue\repos\redis-windows\build_work\redis\build\patched\src\sds.c(171,25): warning C4267: '=': conversion from 'size_t' to 'uint32_t', possible loss of data [C:\Users\samue\repos\redis-windows\build_work\redis\build\src\redis-cli.vcxproj]
C:\Users\samue\repos\redis-windows\build_work\redis\build\patched\src\sds.c(478,30): warning C4244: '=': conversion from 'ssize_t' to 'unsigned char', possible loss of data [C:\Users\samue\repos\redis-windows\build_work\redis\build\src\redis-cli.vcxproj]
C:\Users\samue\repos\redis-windows\build_work\redis\build\patched\src\sds.c(485,31): warning C4244: '+=': conversion from 'ssize_t' to 'uint8_t', possible loss of data [C:\Users\samue\repos\redis-windows\build_work\redis\build\src\redis-cli.vcxproj]
C:\Users\samue\repos\redis-windows\build_work\redis\build\patched\src\sds.c(491,31): warning C4244: '+=': conversion from 'ssize_t' to 'uint16_t', possible loss of data [C:\Users\samue\repos\redis-windows\build_work\redis\build\src\redis-cli.vcxproj]
C:\Users\samue\repos\redis-windows\build_work\redis\build\patched\src\sds.c(497,31): warning C4244: '+=': conversion from 'ssize_t' to 'uint32_t', possible loss of data [C:\Users\samue\repos\redis-windows\build_work\redis\build\src\redis-cli.vcxproj]
C:\Users\samue\repos\redis-windows\build_work\redis\build\patched\src\sds.c(686,9): warning C4267: '=': conversion from 'size_t' to 'long', possible loss of data [C:\Users\samue\repos\redis-windows\build_work\redis\build\src\redis-cli.vcxproj]
C:\Users\samue\repos\redis-windows\build_work\redis\build\patched\src\sds.c(713,22): warning C4267: '+=': conversion from 'size_t' to 'long', possible loss of data [C:\Users\samue\repos\redis-windows\build_work\redis\build\src\redis-cli.vcxproj]
C:\Users\samue\repos\redis-windows\build_work\redis\build\patched\src\sds.c(729,26): warning C4267: '+=': conversion from 'size_t' to 'long', possible loss of data [C:\Users\samue\repos\redis-windows\build_work\redis\build\src\redis-cli.vcxproj]
C:\Users\samue\repos\redis-windows\build_work\redis\build\patched\src\sds.c(746,26): warning C4267: '+=': conversion from 'size_t' to 'long', possible loss of data [C:\Users\samue\repos\redis-windows\build_work\redis\build\src\redis-cli.vcxproj]
  sha256.c
C:\Users\samue\repos\redis-windows\build_work\redis\build\msvc_compat.h(156,9): warning C4028: formal parameter 1 different from declaration [C:\Users\samue\repos\redis-windows\build_work\redis\build\src\redis-cli.vcxproj]
  (compiling source file '../patched/src/sha256.c')
  
C:\Users\samue\repos\redis-windows\build_work\redis\build\msvc_compat.h(157,9): warning C4028: formal parameter 1 different from declaration [C:\Users\samue\repos\redis-windows\build_work\redis\build\src\redis-cli.vcxproj]
  (compiling source file '../patched/src/sha256.c')
  
C:\Users\samue\repos\redis-windows\build_work\redis\build\msvc_compat.h(164,5): warning C4028: formal parameter 1 different from declaration [C:\Users\samue\repos\redis-windows\build_work\redis\build\src\redis-cli.vcxproj]
  (compiling source file '../patched/src/sha256.c')
  
C:\Users\samue\repos\redis-windows\build_work\redis\build\patched\src\sha256.c(141,21): warning C4244: '=': conversion from 'unsigned __int64' to 'BYTE', possible loss of data [C:\Users\samue\repos\redis-windows\build_work\redis\build\src\redis-cli.vcxproj]
C:\Users\samue\repos\redis-windows\build_work\redis\build\patched\src\sha256.c(142,30): warning C4244: '=': conversion from 'unsigned __int64' to 'BYTE', possible loss of data [C:\Users\samue\repos\redis-windows\build_work\redis\build\src\redis-cli.vcxproj]
C:\Users\samue\repos\redis-windows\build_work\redis\build\patched\src\sha256.c(143,30): warning C4244: '=': conversion from 'unsigned __int64' to 'BYTE', possible loss of data [C:\Users\samue\repos\redis-windows\build_work\redis\build\src\redis-cli.vcxproj]
C:\Users\samue\repos\redis-windows\build_work\redis\build\patched\src\sha256.c(144,30): warning C4244: '=': conversion from 'unsigned __int64' to 'BYTE', possible loss of data [C:\Users\samue\repos\redis-windows\build_work\redis\build\src\redis-cli.vcxproj]
C:\Users\samue\repos\redis-windows\build_work\redis\build\patched\src\sha256.c(145,30): warning C4244: '=': conversion from 'unsigned __int64' to 'BYTE', possible loss of data [C:\Users\samue\repos\redis-windows\build_work\redis\build\src\redis-cli.vcxproj]
C:\Users\samue\repos\redis-windows\build_work\redis\build\patched\src\sha256.c(146,30): warning C4244: '=': conversion from 'unsigned __int64' to 'BYTE', possible loss of data [C:\Users\samue\repos\redis-windows\build_work\redis\build\src\redis-cli.vcxproj]
C:\Users\samue\repos\redis-windows\build_work\redis\build\patched\src\sha256.c(147,30): warning C4244: '=': conversion from 'unsigned __int64' to 'BYTE', possible loss of data [C:\Users\samue\repos\redis-windows\build_work\redis\build\src\redis-cli.vcxproj]
  util.c
C:\Users\samue\repos\redis-windows\build_work\redis\build\msvc_compat.h(156,9): warning C4028: formal parameter 1 different from declaration [C:\Users\samue\repos\redis-windows\build_work\redis\build\src\redis-cli.vcxproj]
  (compiling source file '../patched/src/util.c')
  
C:\Users\samue\repos\redis-windows\build_work\redis\build\msvc_compat.h(157,9): warning C4028: formal parameter 1 different from declaration [C:\Users\samue\repos\redis-windows\build_work\redis\build\src\redis-cli.vcxproj]
  (compiling source file '../patched/src/util.c')
  
C:\Users\samue\repos\redis-windows\build_work\redis\build\msvc_compat.h(164,5): warning C4028: formal parameter 1 different from declaration [C:\Users\samue\repos\redis-windows\build_work\redis\build\src\redis-cli.vcxproj]
  (compiling source file '../patched/src/util.c')
  
C:\Users\samue\repos\redis-windows\build_work\redis\build\patched\src\sds.h(146,34): warning C4267: '=': conversion from 'size_t' to 'unsigned char', possible loss of data [C:\Users\samue\repos\redis-windows\build_work\redis\build\src\redis-cli.vcxproj]
  (compiling source file '../patched/src/util.c')
  
C:\Users\samue\repos\redis-windows\build_work\redis\build\patched\src\sds.h(150,33): warning C4267: '=': conversion from 'size_t' to 'uint8_t', possible loss of data [C:\Users\samue\repos\redis-windows\build_work\redis\build\src\redis-cli.vcxproj]
  (compiling source file '../patched/src/util.c')
  
C:\Users\samue\repos\redis-windows\build_work\redis\build\patched\src\sds.h(153,34): warning C4267: '=': conversion from 'size_t' to 'uint16_t', possible loss of data [C:\Users\samue\repos\redis-windows\build_work\redis\build\src\redis-cli.vcxproj]
  (compiling source file '../patched/src/util.c')
  
C:\Users\samue\repos\redis-windows\build_work\redis\build\patched\src\sds.h(156,34): warning C4267: '=': conversion from 'size_t' to 'uint32_t', possible loss of data [C:\Users\samue\repos\redis-windows\build_work\redis\build\src\redis-cli.vcxproj]
  (compiling source file '../patched/src/util.c')
  
C:\Users\samue\repos\redis-windows\build_work\redis\build\patched\src\sds.h(174,34): warning C4267: '+=': conversion from 'size_t' to 'uint8_t', possible loss of data [C:\Users\samue\repos\redis-windows\build_work\redis\build\src\redis-cli.vcxproj]
  (compiling source file '../patched/src/util.c')
  
C:\Users\samue\repos\redis-windows\build_work\redis\build\patched\src\sds.h(177,35): warning C4267: '+=': conversion from 'size_t' to 'uint16_t', possible loss of data [C:\Users\samue\repos\redis-windows\build_work\redis\build\src\redis-cli.vcxproj]
  (compiling source file '../patched/src/util.c')
  
C:\Users\samue\repos\redis-windows\build_work\redis\build\patched\src\sds.h(180,35): warning C4267: '+=': conversion from 'size_t' to 'uint32_t', possible loss of data [C:\Users\samue\repos\redis-windows\build_work\redis\build\src\redis-cli.vcxproj]
  (compiling source file '../patched/src/util.c')
  
C:\Users\samue\repos\redis-windows\build_work\redis\build\patched\src\sds.h(169,57): warning C4267: 'initializing': conversion from 'size_t' to 'unsigned char', possible loss of data [C:\Users\samue\repos\redis-windows\build_work\redis\build\src\redis-cli.vcxproj]
  (compiling source file '../patched/src/util.c')
  
C:\Users\samue\repos\redis-windows\build_work\redis\build\patched\src\sds.h(234,50): warning C4267: '=': conversion from 'size_t' to 'uint8_t', possible loss of data [C:\Users\samue\repos\redis-windows\build_work\redis\build\src\redis-cli.vcxproj]
  (compiling source file '../patched/src/util.c')
  
C:\Users\samue\repos\redis-windows\build_work\redis\build\patched\src\sds.h(237,53): warning C4267: '=': conversion from 'size_t' to 'uint16_t', possible loss of data [C:\Users\samue\repos\redis-windows\build_work\redis\build\src\redis-cli.vcxproj]
  (compiling source file '../patched/src/util.c')
  
C:\Users\samue\repos\redis-windows\build_work\redis\build\patched\src\sds.h(240,36): warning C4267: '=': conversion from 'size_t' to 'uint32_t', possible loss of data [C:\Users\samue\repos\redis-windows\build_work\redis\build\src\redis-cli.vcxproj]
  (compiling source file '../patched/src/util.c')
  
C:\Users\samue\repos\redis-windows\build_work\redis\build\patched\src\util.c(245,35): warning C4267: 'function': conversion from 'size_t' to 'int', possible loss of data [C:\Users\samue\repos\redis-windows\build_work\redis\build\src\redis-cli.vcxproj]
C:\Users\samue\repos\redis-windows\build_work\redis\build\patched\src\util.c(245,58): warning C4267: 'function': conversion from 'size_t' to 'int', possible loss of data [C:\Users\samue\repos\redis-windows\build_work\redis\build\src\redis-cli.vcxproj]
C:\Users\samue\repos\redis-windows\build_work\redis\build\patched\src\util.c(309,15): warning C4244: '=': conversion from '__int64' to 'unsigned int', possible loss of data [C:\Users\samue\repos\redis-windows\build_work\redis\build\src\redis-cli.vcxproj]
C:\Users\samue\repos\redis-windows\build_work\redis\build\patched\src\util.c(541,37): warning C4146: unary minus operator applied to unsigned type, result still unsigned [C:\Users\samue\repos\redis-windows\build_work\redis\build\src\redis-cli.vcxproj]
C:\Users\samue\repos\redis-windows\build_work\redis\build\patched\src\util.c(701,20): warning C4244: 'initializing': conversion from 'double' to '__int64', possible loss of data [C:\Users\samue\repos\redis-windows\build_work\redis\build\src\redis-cli.vcxproj]
C:\Users\samue\repos\redis-windows\build_work\redis\build\patched\src\util.c(745,12): warning C4267: 'return': conversion from 'size_t' to 'int', possible loss of data [C:\Users\samue\repos\redis-windows\build_work\redis\build\src\redis-cli.vcxproj]
C:\Users\samue\repos\redis-windows\build_work\redis\build\patched\src\util.c(870,12): warning C4267: 'return': conversion from 'size_t' to 'int', possible loss of data [C:\Users\samue\repos\redis-windows\build_work\redis\build\src\redis-cli.vcxproj]
C:\Users\samue\repos\redis-windows\build_work\redis\build\patched\src\util.c(939,12): warning C4267: 'return': conversion from 'size_t' to 'int', possible loss of data [C:\Users\samue\repos\redis-windows\build_work\redis\build\src\redis-cli.vcxproj]
C:\Users\samue\repos\redis-windows\build_work\redis\build\patched\src\util.c(971,58): warning C4311: 'type cast': pointer truncation from 'FILE *' to 'long' [C:\Users\samue\repos\redis-windows\build_work\redis\build\src\redis-cli.vcxproj]
C:\Users\samue\repos\redis-windows\build_work\redis\build\patched\src\util.c(971,56): warning C4244: '=': conversion from 'long' to 'unsigned char', possible loss of data [C:\Users\samue\repos\redis-windows\build_work\redis\build\src\redis-cli.vcxproj]
C:\Users\samue\repos\redis-windows\build_work\redis\build\patched\src\util.c(984,37): warning C4267: 'initializing': conversion from 'size_t' to 'unsigned int', possible loss of data [C:\Users\samue\repos\redis-windows\build_work\redis\build\src\redis-cli.vcxproj]
  redis-cli.c
C:\Users\samue\repos\redis-windows\build_work\redis\build\msvc_compat.h(156,9): warning C4028: formal parameter 1 different from declaration [C:\Users\samue\repos\redis-windows\build_work\redis\build\src\redis-cli.vcxproj]
  (compiling source file '../patched/src/redis-cli.c')
  
C:\Users\samue\repos\redis-windows\build_work\redis\build\msvc_compat.h(157,9): warning C4028: formal parameter 1 different from declaration [C:\Users\samue\repos\redis-windows\build_work\redis\build\src\redis-cli.vcxproj]
  (compiling source file '../patched/src/redis-cli.c')
  
C:\Users\samue\repos\redis-windows\build_work\redis\build\msvc_compat.h(164,5): warning C4028: formal parameter 1 different from declaration [C:\Users\samue\repos\redis-windows\build_work\redis\build\src\redis-cli.vcxproj]
  (compiling source file '../patched/src/redis-cli.c')
  
C:\Users\samue\repos\redis-windows\build_work\redis\build\patched\src\redis-cli.c(383,10): warning C4267: '=': conversion from 'size_t' to 'int', possible loss of data [C:\Users\samue\repos\redis-windows\build_work\redis\build\src\redis-cli.vcxproj]
C:\Users\samue\repos\redis-windows\build_work\redis\build\patched\src\redis-cli.c(384,10): warning C4267: '=': conversion from 'size_t' to 'int', possible loss of data [C:\Users\samue\repos\redis-windows\build_work\redis\build\src\redis-cli.vcxproj]
C:\Users\samue\repos\redis-windows\build_work\redis\build\patched\src\redis-cli.c(501,20): warning C4244: 'initializing': conversion from '__int64' to 'int', possible loss of data [C:\Users\samue\repos\redis-windows\build_work\redis\build\src\redis-cli.vcxproj]
C:\Users\samue\repos\redis-windows\build_work\redis\build\patched\src\redis-cli.c(577,43): warning C4267: '=': conversion from 'size_t' to 'int', possible loss of data [C:\Users\samue\repos\redis-windows\build_work\redis\build\src\redis-cli.vcxproj]
C:\Users\samue\repos\redis-windows\build_work\redis\build\patched\src\redis-cli.c(664,43): warning C4267: '=': conversion from 'size_t' to 'int', possible loss of data [C:\Users\samue\repos\redis-windows\build_work\redis\build\src\redis-cli.vcxproj]
C:\Users\samue\repos\redis-windows\build_work\redis\build\patched\src\redis-cli.c(850,17): warning C4244: 'return': conversion from '__int64' to 'int', possible loss of data [C:\Users\samue\repos\redis-windows\build_work\redis\build\src\redis-cli.vcxproj]
C:\Users\samue\repos\redis-windows\build_work\redis\build\patched\src\redis-cli.c(864,28): warning C4267: '+=': conversion from 'size_t' to 'int', possible loss of data [C:\Users\samue\repos\redis-windows\build_work\redis\build\src\redis-cli.vcxproj]
C:\Users\samue\repos\redis-windows\build_work\redis\build\patched\src\redis-cli.c(912,22): warning C4267: '=': conversion from 'size_t' to 'int', possible loss of data [C:\Users\samue\repos\redis-windows\build_work\redis\build\src\redis-cli.vcxproj]
C:\Users\samue\repos\redis-windows\build_work\redis\build\patched\src\redis-cli.c(963,22): warning C4267: '=': conversion from 'size_t' to 'int', possible loss of data [C:\Users\samue\repos\redis-windows\build_work\redis\build\src\redis-cli.vcxproj]
C:\Users\samue\repos\redis-windows\build_work\redis\build\patched\src\redis-cli.c(1521,31): warning C4267: 'initializing': conversion from 'size_t' to 'int', possible loss of data [C:\Users\samue\repos\redis-windows\build_work\redis\build\src\redis-cli.vcxproj]
C:\Users\samue\repos\redis-windows\build_work\redis\build\patched\src\redis-cli.c(1549,15): warning C4267: 'initializing': conversion from 'size_t' to 'int', possible loss of data [C:\Users\samue\repos\redis-windows\build_work\redis\build\src\redis-cli.vcxproj]
C:\Users\samue\repos\redis-windows\build_work\redis\build\patched\src\redis-cli.c(1748,36): warning C4244: 'function': conversion from 'redisFD' to 'int', possible loss of data [C:\Users\samue\repos\redis-windows\build_work\redis\build\src\redis-cli.vcxproj]
C:\Users\samue\repos\redis-windows\build_work\redis\build\patched\src\redis-cli.c(1901,18): warning C4267: '=': conversion from 'size_t' to 'unsigned int', possible loss of data [C:\Users\samue\repos\redis-windows\build_work\redis\build\src\redis-cli.vcxproj]
C:\Users\samue\repos\redis-windows\build_work\redis\build\patched\src\redis-cli.c(2151,22): warning C4267: 'initializing': conversion from 'size_t' to 'int', possible loss of data [C:\Users\samue\repos\redis-windows\build_work\redis\build\src\redis-cli.vcxproj]
C:\Users\samue\repos\redis-windows\build_work\redis\build\patched\src\redis-cli.c(2172,43): warning C4267: 'function': conversion from 'size_t' to 'int', possible loss of data [C:\Users\samue\repos\redis-windows\build_work\redis\build\src\redis-cli.vcxproj]
C:\Users\samue\repos\redis-windows\build_work\redis\build\patched\src\redis-cli.c(2175,44): warning C4267: 'function': conversion from 'size_t' to 'int', possible loss of data [C:\Users\samue\repos\redis-windows\build_work\redis\build\src\redis-cli.vcxproj]
C:\Users\samue\repos\redis-windows\build_work\redis\build\patched\src\redis-cli.c(2185,44): warning C4267: 'function': conversion from 'size_t' to 'int', possible loss of data [C:\Users\samue\repos\redis-windows\build_work\redis\build\src\redis-cli.vcxproj]
C:\Users\samue\repos\redis-windows\build_work\redis\build\patched\src\redis-cli.c(2408,28): warning C4244: 'function': conversion from 'redisFD' to 'int', possible loss of data [C:\Users\samue\repos\redis-windows\build_work\redis\build\src\redis-cli.vcxproj]
C:\Users\samue\repos\redis-windows\build_work\redis\build\patched\src\redis-cli.c(2720,56): warning C4244: '=': conversion from '__int64' to 'long', possible loss of data [C:\Users\samue\repos\redis-windows\build_work\redis\build\src\redis-cli.vcxproj]
C:\Users\samue\repos\redis-windows\build_work\redis\build\patched\src\redis-cli.c(2725,29): warning C4244: '=': conversion from '__int64' to 'long', possible loss of data [C:\Users\samue\repos\redis-windows\build_work\redis\build\src\redis-cli.vcxproj]
C:\Users\samue\repos\redis-windows\build_work\redis\build\patched\src\redis-cli.c(2728,38): warning C4244: '=': conversion from 'double' to 'long', possible loss of data [C:\Users\samue\repos\redis-windows\build_work\redis\build\src\redis-cli.vcxproj]
C:\Users\samue\repos\redis-windows\build_work\redis\build\patched\src\redis-cli.c(2781,44): warning C4244: '=': conversion from '__int64' to 'int', possible loss of data [C:\Users\samue\repos\redis-windows\build_work\redis\build\src\redis-cli.vcxproj]
C:\Users\samue\repos\redis-windows\build_work\redis\build\patched\src\redis-cli.c(2785,45): warning C4244: '=': conversion from '__int64' to 'int', possible loss of data [C:\Users\samue\repos\redis-windows\build_work\redis\build\src\redis-cli.vcxproj]
C:\Users\samue\repos\redis-windows\build_work\redis\build\patched\src\redis-cli.c(2789,42): warning C4244: '=': conversion from '__int64' to 'int', possible loss of data [C:\Users\samue\repos\redis-windows\build_work\redis\build\src\redis-cli.vcxproj]
C:\Users\samue\repos\redis-windows\build_work\redis\build\patched\src\redis-cli.c(2880,38): warning C4244: '=': conversion from 'unsigned __int64' to 'unsigned long', possible loss of data [C:\Users\samue\repos\redis-windows\build_work\redis\build\src\redis-cli.vcxproj]
C:\Users\samue\repos\redis-windows\build_work\redis\build\patched\src\redis-cli.c(2974,56): warning C4244: '=': conversion from 'double' to 'float', possible loss of data [C:\Users\samue\repos\redis-windows\build_work\redis\build\src\redis-cli.vcxproj]
C:\Users\samue\repos\redis-windows\build_work\redis\build\patched\src\redis-cli.c(3303,17): warning C4244: 'initializing': conversion from 'ssize_t' to 'int', possible loss of data [C:\Users\samue\repos\redis-windows\build_work\redis\build\src\redis-cli.vcxproj]
C:\Users\samue\repos\redis-windows\build_work\redis\build\patched\src\redis-cli.c(3372,19): warning C4267: 'initializing': conversion from 'size_t' to 'int', possible loss of data [C:\Users\samue\repos\redis-windows\build_work\redis\build\src\redis-cli.vcxproj]
C:\Users\samue\repos\redis-windows\build_work\redis\build\patched\src\redis-cli.c(4227,65): warning C4267: 'function': conversion from 'size_t' to 'int', possible loss of data [C:\Users\samue\repos\redis-windows\build_work\redis\build\src\redis-cli.vcxproj]
C:\Users\samue\repos\redis-windows\build_work\redis\build\patched\src\redis-cli.c(4265,38): warning C4244: 'function': conversion from 'redisFD' to 'int', possible loss of data [C:\Users\samue\repos\redis-windows\build_work\redis\build\src\redis-cli.vcxproj]
C:\Users\samue\repos\redis-windows\build_work\redis\build\patched\src\redis-cli.c(4471,28): warning C4267: 'initializing': conversion from 'size_t' to 'int', possible loss of data [C:\Users\samue\repos\redis-windows\build_work\redis\build\src\redis-cli.vcxproj]
C:\Users\samue\repos\redis-windows\build_work\redis\build\patched\src\redis-cli.c(4508,11): warning C4244: 'function': conversion from 'time_t' to 'unsigned int', possible loss of data [C:\Users\samue\repos\redis-windows\build_work\redis\build\src\redis-cli.vcxproj]
C:\Users\samue\repos\redis-windows\build_work\redis\build\patched\src\redis-cli.c(4884,33): warning C4244: '=': conversion from '__int64' to 'int', possible loss of data [C:\Users\samue\repos\redis-windows\build_work\redis\build\src\redis-cli.vcxproj]
C:\Users\samue\repos\redis-windows\build_work\redis\build\patched\src\redis-cli.c(4885,31): warning C4244: '=': conversion from '__int64' to 'int', possible loss of data [C:\Users\samue\repos\redis-windows\build_work\redis\build\src\redis-cli.vcxproj]
C:\Users\samue\repos\redis-windows\build_work\redis\build\patched\src\redis-cli.c(4995,69): warning C4244: '=': conversion from '__int64' to 'int', possible loss of data [C:\Users\samue\repos\redis-windows\build_work\redis\build\src\redis-cli.vcxproj]
C:\Users\samue\repos\redis-windows\build_work\redis\build\patched\src\redis-cli.c(5062,40): warning C4267: 'function': conversion from 'size_t' to 'int', possible loss of data [C:\Users\samue\repos\redis-windows\build_work\redis\build\src\redis-cli.vcxproj]
C:\Users\samue\repos\redis-windows\build_work\redis\build\patched\src\redis-cli.c(5066,40): warning C4267: 'function': conversion from 'size_t' to 'int', possible loss of data [C:\Users\samue\repos\redis-windows\build_work\redis\build\src\redis-cli.vcxproj]
C:\Users\samue\repos\redis-windows\build_work\redis\build\patched\src\redis-cli.c(5055,21): warning C4267: 'initializing': conversion from 'size_t' to 'int', possible loss of data [C:\Users\samue\repos\redis-windows\build_work\redis\build\src\redis-cli.vcxproj]
C:\Users\samue\repos\redis-windows\build_work\redis\build\patched\src\redis-cli.c(5172,44): warning C4267: 'function': conversion from 'size_t' to 'int', possible loss of data [C:\Users\samue\repos\redis-windows\build_work\redis\build\src\redis-cli.vcxproj]
C:\Users\samue\repos\redis-windows\build_work\redis\build\patched\src\redis-cli.c(5580,37): warning C4244: '-=': conversion from '__int64' to 'int', possible loss of data [C:\Users\samue\repos\redis-windows\build_work\redis\build\src\redis-cli.vcxproj]
C:\Users\samue\repos\redis-windows\build_work\redis\build\patched\src\redis-cli.c(5652,28): warning C4267: '=': conversion from 'size_t' to 'int', possible loss of data [C:\Users\samue\repos\redis-windows\build_work\redis\build\src\redis-cli.vcxproj]
C:\Users\samue\repos\redis-windows\build_work\redis\build\patched\src\redis-cli.c(5576,33): warning C4267: 'initializing': conversion from 'size_t' to 'int', possible loss of data [C:\Users\samue\repos\redis-windows\build_work\redis\build\src\redis-cli.vcxproj]
C:\Users\samue\repos\redis-windows\build_work\redis\build\patched\src\redis-cli.c(5811,31): warning C4244: '=': conversion from '__int64' to 'int', possible loss of data [C:\Users\samue\repos\redis-windows\build_work\redis\build\src\redis-cli.vcxproj]
C:\Users\samue\repos\redis-windows\build_work\redis\build\patched\src\redis-cli.c(5818,25): warning C4267: 'initializing': conversion from 'size_t' to 'int', possible loss of data [C:\Users\samue\repos\redis-windows\build_work\redis\build\src\redis-cli.vcxproj]
C:\Users\samue\repos\redis-windows\build_work\redis\build\patched\src\redis-cli.c(5825,27): warning C4244: 'initializing': conversion from '__int64' to 'int', possible loss of data [C:\Users\samue\repos\redis-windows\build_work\redis\build\src\redis-cli.vcxproj]
C:\Users\samue\repos\redis-windows\build_work\redis\build\patched\src\redis-cli.c(5854,28): warning C4267: 'initializing': conversion from 'size_t' to 'int', possible loss of data [C:\Users\samue\repos\redis-windows\build_work\redis\build\src\redis-cli.vcxproj]
C:\Users\samue\repos\redis-windows\build_work\redis\build\patched\src\redis-cli.c(6057,28): warning C4244: '=': conversion from '__int64' to 'int', possible loss of data [C:\Users\samue\repos\redis-windows\build_work\redis\build\src\redis-cli.vcxproj]
C:\Users\samue\repos\redis-windows\build_work\redis\build\patched\src\redis-cli.c(6109,11): warning C4244: 'function': conversion from 'time_t' to 'unsigned int', possible loss of data [C:\Users\samue\repos\redis-windows\build_work\redis\build\src\redis-cli.vcxproj]
C:\Users\samue\repos\redis-windows\build_work\redis\build\patched\src\redis-cli.c(6907,25): warning C4244: '=': conversion from 'double' to 'float', possible loss of data [C:\Users\samue\repos\redis-windows\build_work\redis\build\src\redis-cli.vcxproj]
C:\Users\samue\repos\redis-windows\build_work\redis\build\patched\src\redis-cli.c(6908,18): warning C4244: '=': conversion from 'double' to 'float', possible loss of data [C:\Users\samue\repos\redis-windows\build_work\redis\build\src\redis-cli.vcxproj]
C:\Users\samue\repos\redis-windows\build_work\redis\build\patched\src\redis-cli.c(6982,35): warning C4244: '=': conversion from '__int64' to 'int', possible loss of data [C:\Users\samue\repos\redis-windows\build_work\redis\build\src\redis-cli.vcxproj]
C:\Users\samue\repos\redis-windows\build_work\redis\build\patched\src\redis-cli.c(7628,25): warning C4244: 'initializing': conversion from 'ssize_t' to 'int', possible loss of data [C:\Users\samue\repos\redis-windows\build_work\redis\build\src\redis-cli.vcxproj]
C:\Users\samue\repos\redis-windows\build_work\redis\build\patched\src\redis-cli.c(7645,21): warning C4244: 'initializing': conversion from 'ssize_t' to 'int', possible loss of data [C:\Users\samue\repos\redis-windows\build_work\redis\build\src\redis-cli.vcxproj]
C:\Users\samue\repos\redis-windows\build_work\redis\build\patched\src\redis-cli.c(7669,25): warning C4244: 'initializing': conversion from 'ssize_t' to 'int', possible loss of data [C:\Users\samue\repos\redis-windows\build_work\redis\build\src\redis-cli.vcxproj]
C:\Users\samue\repos\redis-windows\build_work\redis\build\patched\src\redis-cli.c(7764,21): warning C4244: 'initializing': conversion from 'ssize_t' to 'int', possible loss of data [C:\Users\samue\repos\redis-windows\build_work\redis\build\src\redis-cli.vcxproj]
C:\Users\samue\repos\redis-windows\build_work\redis\build\patched\src\redis-cli.c(7814,23): warning C4244: 'initializing': conversion from 'double' to 'float', possible loss of data [C:\Users\samue\repos\redis-windows\build_work\redis\build\src\redis-cli.vcxproj]
C:\Users\samue\repos\redis-windows\build_work\redis\build\patched\src\redis-cli.c(7875,34): warning C4244: 'initializing': conversion from 'double' to 'float', possible loss of data [C:\Users\samue\repos\redis-windows\build_work\redis\build\src\redis-cli.vcxproj]
C:\Users\samue\repos\redis-windows\build_work\redis\build\patched\src\redis-cli.c(8165,43): warning C4244: '=': conversion from '__int64' to 'int', possible loss of data [C:\Users\samue\repos\redis-windows\build_work\redis\build\src\redis-cli.vcxproj]
C:\Users\samue\repos\redis-windows\build_work\redis\build\patched\src\redis-cli.c(8171,62): warning C4267: 'function': conversion from 'size_t' to 'int', possible loss of data [C:\Users\samue\repos\redis-windows\build_work\redis\build\src\redis-cli.vcxproj]
C:\Users\samue\repos\redis-windows\build_work\redis\build\patched\src\redis-cli.c(8112,25): warning C4244: 'initializing': conversion from '__int64' to 'int', possible loss of data [C:\Users\samue\repos\redis-windows\build_work\redis\build\src\redis-cli.vcxproj]
C:\Users\samue\repos\redis-windows\build_work\redis\build\patched\src\redis-cli.c(8166,45): warning C4267: 'initializing': conversion from 'size_t' to 'int', possible loss of data [C:\Users\samue\repos\redis-windows\build_work\redis\build\src\redis-cli.vcxproj]
C:\Users\samue\repos\redis-windows\build_work\redis\build\patched\src\redis-cli.c(8342,23): warning C4267: 'initializing': conversion from 'size_t' to 'int', possible loss of data [C:\Users\samue\repos\redis-windows\build_work\redis\build\src\redis-cli.vcxproj]
C:\Users\samue\repos\redis-windows\build_work\redis\build\patched\src\redis-cli.c(8347,27): warning C4267: 'initializing': conversion from 'size_t' to 'int', possible loss of data [C:\Users\samue\repos\redis-windows\build_work\redis\build\src\redis-cli.vcxproj]
C:\Users\samue\repos\redis-windows\build_work\redis\build\patched\src\redis-cli.c(8377,23): warning C4267: 'initializing': conversion from 'size_t' to 'int', possible loss of data [C:\Users\samue\repos\redis-windows\build_work\redis\build\src\redis-cli.vcxproj]
C:\Users\samue\repos\redis-windows\build_work\redis\build\patched\src\redis-cli.c(8502,13): warning C4244: 'initializing': conversion from 'double' to 'int', possible loss of data [C:\Users\samue\repos\redis-windows\build_work\redis\build\src\redis-cli.vcxproj]
C:\Users\samue\repos\redis-windows\build_work\redis\build\patched\src\redis-cli.c(8697,36): warning C4244: '=': conversion from 'double' to 'float', possible loss of data [C:\Users\samue\repos\redis-windows\build_work\redis\build\src\redis-cli.vcxproj]
C:\Users\samue\repos\redis-windows\build_work\redis\build\patched\src\redis-cli.c(8646,29): warning C4244: 'initializing': conversion from '__int64' to 'unsigned int', possible loss of data [C:\Users\samue\repos\redis-windows\build_work\redis\build\src\redis-cli.vcxproj]
C:\Users\samue\repos\redis-windows\build_work\redis\build\patched\src\redis-cli.c(8998,44): warning C4244: 'initializing': conversion from 'ssize_t' to 'int', possible loss of data [C:\Users\samue\repos\redis-windows\build_work\redis\build\src\redis-cli.vcxproj]
C:\Users\samue\repos\redis-windows\build_work\redis\build\patched\src\redis-cli.c(9091,44): warning C4244: 'initializing': conversion from 'ssize_t' to 'int', possible loss of data [C:\Users\samue\repos\redis-windows\build_work\redis\build\src\redis-cli.vcxproj]
C:\Users\samue\repos\redis-windows\build_work\redis\build\patched\src\redis-cli.c(9137,11): warning C4244: 'function': conversion from 'time_t' to 'unsigned int', possible loss of data [C:\Users\samue\repos\redis-windows\build_work\redis\build\src\redis-cli.vcxproj]
C:\Users\samue\repos\redis-windows\build_work\redis\build\patched\src\redis-cli.c(9140,37): warning C4244: 'function': conversion from 'redisFD' to 'int', possible loss of data [C:\Users\samue\repos\redis-windows\build_work\redis\build\src\redis-cli.vcxproj]
C:\Users\samue\repos\redis-windows\build_work\redis\build\patched\src\redis-cli.c(9154,30): warning C4244: 'function': conversion from 'redisFD' to 'int', possible loss of data [C:\Users\samue\repos\redis-windows\build_work\redis\build\src\redis-cli.vcxproj]
C:\Users\samue\repos\redis-windows\build_work\redis\build\patched\src\redis-cli.c(9338,17): warning C4244: '=': conversion from '__int64' to 'int', possible loss of data [C:\Users\samue\repos\redis-windows\build_work\redis\build\src\redis-cli.vcxproj]
C:\Users\samue\repos\redis-windows\build_work\redis\build\patched\src\redis-cli.c(9581,27): warning C4267: '=': conversion from 'size_t' to 'unsigned int', possible loss of data [C:\Users\samue\repos\redis-windows\build_work\redis\build\src\redis-cli.vcxproj]
C:\Users\samue\repos\redis-windows\build_work\redis\build\patched\src\redis-cli.c(9793,27): warning C4267: '=': conversion from 'size_t' to 'unsigned int', possible loss of data [C:\Users\samue\repos\redis-windows\build_work\redis\build\src\redis-cli.vcxproj]
C:\Users\samue\repos\redis-windows\build_work\redis\build\patched\src\redis-cli.c(10088,15): warning C4244: 'function': conversion from '__int64' to 'double', possible loss of data [C:\Users\samue\repos\redis-windows\build_work\redis\build\src\redis-cli.vcxproj]
C:\Users\samue\repos\redis-windows\build_work\redis\build\patched\src\redis-cli.c(10088,34): warning C4244: 'function': conversion from '__int64' to 'double', possible loss of data [C:\Users\samue\repos\redis-windows\build_work\redis\build\src\redis-cli.vcxproj]
C:\Users\samue\repos\redis-windows\build_work\redis\build\patched\src\redis-cli.c(10088,56): warning C4244: 'function': conversion from '__int64' to 'double', possible loss of data [C:\Users\samue\repos\redis-windows\build_work\redis\build\src\redis-cli.vcxproj]
C:\Users\samue\repos\redis-windows\build_work\redis\build\patched\src\redis-cli.c(10108,21): warning C4244: 'function': conversion from 'time_t' to 'unsigned int', possible loss of data [C:\Users\samue\repos\redis-windows\build_work\redis\build\src\redis-cli.vcxproj]
C:\Users\samue\repos\redis-windows\build_work\redis\build\patched\src\redis-cli.c(10199,22): warning C4244: 'function': conversion from 'redisFD' to 'int', possible loss of data [C:\Users\samue\repos\redis-windows\build_work\redis\build\src\redis-cli.vcxproj]
C:\Users\samue\repos\redis-windows\build_work\redis\build\patched\src\redis-cli.c(10261,23): warning C4267: 'function': conversion from 'size_t' to 'int', possible loss of data [C:\Users\samue\repos\redis-windows\build_work\redis\build\src\redis-cli.vcxproj]
C:\Users\samue\repos\redis-windows\build_work\redis\build\patched\src\redis-cli.c(10528,37): warning C4244: 'function': conversion from 'double' to '__int64', possible loss of data [C:\Users\samue\repos\redis-windows\build_work\redis\build\src\redis-cli.vcxproj]
C:\Users\samue\repos\redis-windows\build_work\redis\build\patched\src\redis-cli.c(10529,41): warning C4244: 'function': conversion from 'double' to '__int64', possible loss of data [C:\Users\samue\repos\redis-windows\build_work\redis\build\src\redis-cli.vcxproj]
C:\Users\samue\repos\redis-windows\build_work\redis\build\patched\src\redis-cli.c(10798,30): warning C4267: '=': conversion from 'size_t' to 'unsigned int', possible loss of data [C:\Users\samue\repos\redis-windows\build_work\redis\build\src\redis-cli.vcxproj]
  zmalloc.c
C:\Users\samue\repos\redis-windows\build_work\redis\build\msvc_compat.h(156,9): warning C4028: formal parameter 1 different from declaration [C:\Users\samue\repos\redis-windows\build_work\redis\build\src\redis-cli.vcxproj]
  (compiling source file '../patched/src/zmalloc.c')
  
C:\Users\samue\repos\redis-windows\build_work\redis\build\msvc_compat.h(157,9): warning C4028: formal parameter 1 different from declaration [C:\Users\samue\repos\redis-windows\build_work\redis\build\src\redis-cli.vcxproj]
  (compiling source file '../patched/src/zmalloc.c')
  
C:\Users\samue\repos\redis-windows\build_work\redis\build\msvc_compat.h(164,5): warning C4028: formal parameter 1 different from declaration [C:\Users\samue\repos\redis-windows\build_work\redis\build\src\redis-cli.vcxproj]
  (compiling source file '../patched/src/zmalloc.c')
  
C:\Users\samue\repos\redis-windows\build_work\redis\build\patched\src\zmalloc.c(130,9): warning C4267: '=': conversion from 'size_t' to 'long', possible loss of data [C:\Users\samue\repos\redis-windows\build_work\redis\build\src\redis-cli.vcxproj]
  release.c
C:\Users\samue\repos\redis-windows\build_work\redis\build\msvc_compat.h(156,9): warning C4028: formal parameter 1 different from declaration [C:\Users\samue\repos\redis-windows\build_work\redis\build\src\redis-cli.vcxproj]
  (compiling source file '../patched/src/release.c')
  
C:\Users\samue\repos\redis-windows\build_work\redis\build\msvc_compat.h(157,9): warning C4028: formal parameter 1 different from declaration [C:\Users\samue\repos\redis-windows\build_work\redis\build\src\redis-cli.vcxproj]
  (compiling source file '../patched/src/release.c')
  
C:\Users\samue\repos\redis-windows\build_work\redis\build\msvc_compat.h(164,5): warning C4028: formal parameter 1 different from declaration [C:\Users\samue\repos\redis-windows\build_work\redis\build\src\redis-cli.vcxproj]
  (compiling source file '../patched/src/release.c')
  
  ae.c
C:\Users\samue\repos\redis-windows\build_work\redis\build\msvc_compat.h(156,9): warning C4028: formal parameter 1 different from declaration [C:\Users\samue\repos\redis-windows\build_work\redis\build\src\redis-cli.vcxproj]
  (compiling source file '../patched/src/ae.c')
  
C:\Users\samue\repos\redis-windows\build_work\redis\build\msvc_compat.h(157,9): warning C4028: formal parameter 1 different from declaration [C:\Users\samue\repos\redis-windows\build_work\redis\build\src\redis-cli.vcxproj]
  (compiling source file '../patched/src/ae.c')
  
C:\Users\samue\repos\redis-windows\build_work\redis\build\msvc_compat.h(164,5): warning C4028: formal parameter 1 different from declaration [C:\Users\samue\repos\redis-windows\build_work\redis\build\src\redis-cli.vcxproj]
  (compiling source file '../patched/src/ae.c')
  
C:\Users\samue\repos\redis-windows\build_work\redis\build\patched\src\ae.c(391,42): warning C4244: '=': conversion from 'int64_t' to 'long', possible loss of data [C:\Users\samue\repos\redis-windows\build_work\redis\build\src\redis-cli.vcxproj]
C:\Users\samue\repos\redis-windows\build_work\redis\build\patched\src\ae.c(481,33): warning C4244: 'function': conversion from '__int64' to 'int', possible loss of data [C:\Users\samue\repos\redis-windows\build_work\redis\build\src\redis-cli.vcxproj]
  redisassert.c
C:\Users\samue\repos\redis-windows\build_work\redis\build\msvc_compat.h(156,9): warning C4028: formal parameter 1 different from declaration [C:\Users\samue\repos\redis-windows\build_work\redis\build\src\redis-cli.vcxproj]
  (compiling source file '../patched/src/redisassert.c')
  
C:\Users\samue\repos\redis-windows\build_work\redis\build\msvc_compat.h(157,9): warning C4028: formal parameter 1 different from declaration [C:\Users\samue\repos\redis-windows\build_work\redis\build\src\redis-cli.vcxproj]
  (compiling source file '../patched/src/redisassert.c')
  
C:\Users\samue\repos\redis-windows\build_work\redis\build\msvc_compat.h(164,5): warning C4028: formal parameter 1 different from declaration [C:\Users\samue\repos\redis-windows\build_work\redis\build\src\redis-cli.vcxproj]
  (compiling source file '../patched/src/redisassert.c')
  
  crcspeed.c
C:\Users\samue\repos\redis-windows\build_work\redis\build\msvc_compat.h(156,9): warning C4028: formal parameter 1 different from declaration [C:\Users\samue\repos\redis-windows\build_work\redis\build\src\redis-cli.vcxproj]
  (compiling source file '../patched/src/crcspeed.c')
  
C:\Users\samue\repos\redis-windows\build_work\redis\build\msvc_compat.h(157,9): warning C4028: formal parameter 1 different from declaration [C:\Users\samue\repos\redis-windows\build_work\redis\build\src\redis-cli.vcxproj]
  (compiling source file '../patched/src/crcspeed.c')
  
C:\Users\samue\repos\redis-windows\build_work\redis\build\msvc_compat.h(164,5): warning C4028: formal parameter 1 different from declaration [C:\Users\samue\repos\redis-windows\build_work\redis\build\src\redis-cli.vcxproj]
  (compiling source file '../patched/src/crcspeed.c')
  
C:\Users\samue\repos\redis-windows\build_work\redis\build\patched\src\crcspeed.c(120,31): warning C4244: '=': conversion from 'uint64_t' to 'uint16_t', possible loss of data [C:\Users\samue\repos\redis-windows\build_work\redis\build\src\redis-cli.vcxproj]
C:\Users\samue\repos\redis-windows\build_work\redis\build\patched\src\crcspeed.c(374,12): warning C4244: 'return': conversion from 'uint64_t' to 'uint16_t', possible loss of data [C:\Users\samue\repos\redis-windows\build_work\redis\build\src\redis-cli.vcxproj]
  crccombine.c
C:\Users\samue\repos\redis-windows\build_work\redis\build\msvc_compat.h(156,9): warning C4028: formal parameter 1 different from declaration [C:\Users\samue\repos\redis-windows\build_work\redis\build\src\redis-cli.vcxproj]
  (compiling source file '../patched/src/crccombine.c')
  
C:\Users\samue\repos\redis-windows\build_work\redis\build\msvc_compat.h(157,9): warning C4028: formal parameter 1 different from declaration [C:\Users\samue\repos\redis-windows\build_work\redis\build\src\redis-cli.vcxproj]
  (compiling source file '../patched/src/crccombine.c')
  
C:\Users\samue\repos\redis-windows\build_work\redis\build\msvc_compat.h(164,5): warning C4028: formal parameter 1 different from declaration [C:\Users\samue\repos\redis-windows\build_work\redis\build\src\redis-cli.vcxproj]
  (compiling source file '../patched/src/crccombine.c')
  
  crc64.c
C:\Users\samue\repos\redis-windows\build_work\redis\build\msvc_compat.h(156,9): warning C4028: formal parameter 1 different from declaration [C:\Users\samue\repos\redis-windows\build_work\redis\build\src\redis-cli.vcxproj]
  (compiling source file '../patched/src/crc64.c')
  
C:\Users\samue\repos\redis-windows\build_work\redis\build\msvc_compat.h(157,9): warning C4028: formal parameter 1 different from declaration [C:\Users\samue\repos\redis-windows\build_work\redis\build\src\redis-cli.vcxproj]
  (compiling source file '../patched/src/crc64.c')
  
C:\Users\samue\repos\redis-windows\build_work\redis\build\msvc_compat.h(164,5): warning C4028: formal parameter 1 different from declaration [C:\Users\samue\repos\redis-windows\build_work\redis\build\src\redis-cli.vcxproj]
  (compiling source file '../patched/src/crc64.c')
  
  siphash.c
C:\Users\samue\repos\redis-windows\build_work\redis\build\msvc_compat.h(156,9): warning C4028: formal parameter 1 different from declaration [C:\Users\samue\repos\redis-windows\build_work\redis\build\src\redis-cli.vcxproj]
  (compiling source file '../patched/src/siphash.c')
  
C:\Users\samue\repos\redis-windows\build_work\redis\build\msvc_compat.h(157,9): warning C4028: formal parameter 1 different from declaration [C:\Users\samue\repos\redis-windows\build_work\redis\build\src\redis-cli.vcxproj]
  (compiling source file '../patched/src/siphash.c')
  
C:\Users\samue\repos\redis-windows\build_work\redis\build\msvc_compat.h(164,5): warning C4028: formal parameter 1 different from declaration [C:\Users\samue\repos\redis-windows\build_work\redis\build\src\redis-cli.vcxproj]
  (compiling source file '../patched/src/siphash.c')
  
  crc16.c
C:\Users\samue\repos\redis-windows\build_work\redis\build\msvc_compat.h(156,9): warning C4028: formal parameter 1 different from declaration [C:\Users\samue\repos\redis-windows\build_work\redis\build\src\redis-cli.vcxproj]
  (compiling source file '../patched/src/crc16.c')
  
C:\Users\samue\repos\redis-windows\build_work\redis\build\msvc_compat.h(157,9): warning C4028: formal parameter 1 different from declaration [C:\Users\samue\repos\redis-windows\build_work\redis\build\src\redis-cli.vcxproj]
  (compiling source file '../patched/src/crc16.c')
  
C:\Users\samue\repos\redis-windows\build_work\redis\build\msvc_compat.h(164,5): warning C4028: formal parameter 1 different from declaration [C:\Users\samue\repos\redis-windows\build_work\redis\build\src\redis-cli.vcxproj]
  (compiling source file '../patched/src/crc16.c')
  
C:\Users\samue\repos\redis-windows\build_work\redis\build\patched\src\sds.h(146,34): warning C4267: '=': conversion from 'size_t' to 'unsigned char', possible loss of data [C:\Users\samue\repos\redis-windows\build_work\redis\build\src\redis-cli.vcxproj]
  (compiling source file '../patched/src/crc16.c')
  
C:\Users\samue\repos\redis-windows\build_work\redis\build\patched\src\sds.h(150,33): warning C4267: '=': conversion from 'size_t' to 'uint8_t', possible loss of data [C:\Users\samue\repos\redis-windows\build_work\redis\build\src\redis-cli.vcxproj]
  (compiling source file '../patched/src/crc16.c')
  
C:\Users\samue\repos\redis-windows\build_work\redis\build\patched\src\sds.h(153,34): warning C4267: '=': conversion from 'size_t' to 'uint16_t', possible loss of data [C:\Users\samue\repos\redis-windows\build_work\redis\build\src\redis-cli.vcxproj]
  (compiling source file '../patched/src/crc16.c')
  
C:\Users\samue\repos\redis-windows\build_work\redis\build\patched\src\sds.h(156,34): warning C4267: '=': conversion from 'size_t' to 'uint32_t', possible loss of data [C:\Users\samue\repos\redis-windows\build_work\redis\build\src\redis-cli.vcxproj]
  (compiling source file '../patched/src/crc16.c')
  
C:\Users\samue\repos\redis-windows\build_work\redis\build\patched\src\sds.h(174,34): warning C4267: '+=': conversion from 'size_t' to 'uint8_t', possible loss of data [C:\Users\samue\repos\redis-windows\build_work\redis\build\src\redis-cli.vcxproj]
  (compiling source file '../patched/src/crc16.c')
  
C:\Users\samue\repos\redis-windows\build_work\redis\build\patched\src\sds.h(177,35): warning C4267: '+=': conversion from 'size_t' to 'uint16_t', possible loss of data [C:\Users\samue\repos\redis-windows\build_work\redis\build\src\redis-cli.vcxproj]
  (compiling source file '../patched/src/crc16.c')
  
C:\Users\samue\repos\redis-windows\build_work\redis\build\patched\src\sds.h(180,35): warning C4267: '+=': conversion from 'size_t' to 'uint32_t', possible loss of data [C:\Users\samue\repos\redis-windows\build_work\redis\build\src\redis-cli.vcxproj]
  (compiling source file '../patched/src/crc16.c')
  
C:\Users\samue\repos\redis-windows\build_work\redis\build\patched\src\sds.h(169,57): warning C4267: 'initializing': conversion from 'size_t' to 'unsigned char', possible loss of data [C:\Users\samue\repos\redis-windows\build_work\redis\build\src\redis-cli.vcxproj]
  (compiling source file '../patched/src/crc16.c')
  
C:\Users\samue\repos\redis-windows\build_work\redis\build\patched\src\sds.h(234,50): warning C4267: '=': conversion from 'size_t' to 'uint8_t', possible loss of data [C:\Users\samue\repos\redis-windows\build_work\redis\build\src\redis-cli.vcxproj]
  (compiling source file '../patched/src/crc16.c')
  
C:\Users\samue\repos\redis-windows\build_work\redis\build\patched\src\sds.h(237,53): warning C4267: '=': conversion from 'size_t' to 'uint16_t', possible loss of data [C:\Users\samue\repos\redis-windows\build_work\redis\build\src\redis-cli.vcxproj]
  (compiling source file '../patched/src/crc16.c')
  
C:\Users\samue\repos\redis-windows\build_work\redis\build\patched\src\sds.h(240,36): warning C4267: '=': conversion from 'size_t' to 'uint32_t', possible loss of data [C:\Users\samue\repos\redis-windows\build_work\redis\build\src\redis-cli.vcxproj]
  (compiling source file '../patched/src/crc16.c')
  
  monotonic.c
C:\Users\samue\repos\redis-windows\build_work\redis\build\msvc_compat.h(156,9): warning C4028: formal parameter 1 different from declaration [C:\Users\samue\repos\redis-windows\build_work\redis\build\src\redis-cli.vcxproj]
  (compiling source file '../patched/src/monotonic.c')
  
C:\Users\samue\repos\redis-windows\build_work\redis\build\msvc_compat.h(157,9): warning C4028: formal parameter 1 different from declaration [C:\Users\samue\repos\redis-windows\build_work\redis\build\src\redis-cli.vcxproj]
  (compiling source file '../patched/src/monotonic.c')
  
C:\Users\samue\repos\redis-windows\build_work\redis\build\msvc_compat.h(164,5): warning C4028: formal parameter 1 different from declaration [C:\Users\samue\repos\redis-windows\build_work\redis\build\src\redis-cli.vcxproj]
  (compiling source file '../patched/src/monotonic.c')
  
  mt19937-64.c
C:\Users\samue\repos\redis-windows\build_work\redis\build\msvc_compat.h(156,9): warning C4028: formal parameter 1 different from declaration [C:\Users\samue\repos\redis-windows\build_work\redis\build\src\redis-cli.vcxproj]
  (compiling source file '../patched/src/mt19937-64.c')
  
C:\Users\samue\repos\redis-windows\build_work\redis\build\msvc_compat.h(157,9): warning C4028: formal parameter 1 different from declaration [C:\Users\samue\repos\redis-windows\build_work\redis\build\src\redis-cli.vcxproj]
  (compiling source file '../patched/src/mt19937-64.c')
  
C:\Users\samue\repos\redis-windows\build_work\redis\build\msvc_compat.h(164,5): warning C4028: formal parameter 1 different from declaration [C:\Users\samue\repos\redis-windows\build_work\redis\build\src\redis-cli.vcxproj]
  (compiling source file '../patched/src/mt19937-64.c')
  
  Generating Code...
C:\Users\samue\repos\redis-windows\build_work\redis\build\patched\src\redis-cli.c(2164,1): warning C4715: 'jsonStringOutput': not all control paths return a value [C:\Users\samue\repos\redis-windows\build_work\redis\build\src\redis-cli.vcxproj]
  Compiling...
  strl.c
C:\Users\samue\repos\redis-windows\build_work\redis\build\msvc_compat.h(156,9): warning C4028: formal parameter 1 different from declaration [C:\Users\samue\repos\redis-windows\build_work\redis\build\src\redis-cli.vcxproj]
  (compiling source file '../patched/src/strl.c')
  
C:\Users\samue\repos\redis-windows\build_work\redis\build\msvc_compat.h(157,9): warning C4028: formal parameter 1 different from declaration [C:\Users\samue\repos\redis-windows\build_work\redis\build\src\redis-cli.vcxproj]
  (compiling source file '../patched/src/strl.c')
  
C:\Users\samue\repos\redis-windows\build_work\redis\build\msvc_compat.h(164,5): warning C4028: formal parameter 1 different from declaration [C:\Users\samue\repos\redis-windows\build_work\redis\build\src\redis-cli.vcxproj]
  (compiling source file '../patched/src/strl.c')
  
  fast_float_strtod.c
C:\Users\samue\repos\redis-windows\build_work\redis\build\msvc_compat.h(156,9): warning C4028: formal parameter 1 different from declaration [C:\Users\samue\repos\redis-windows\build_work\redis\build\src\redis-cli.vcxproj]
  (compiling source file '../patched/src/fast_float_strtod.c')
  
C:\Users\samue\repos\redis-windows\build_work\redis\build\msvc_compat.h(157,9): warning C4028: formal parameter 1 different from declaration [C:\Users\samue\repos\redis-windows\build_work\redis\build\src\redis-cli.vcxproj]
  (compiling source file '../patched/src/fast_float_strtod.c')
  
C:\Users\samue\repos\redis-windows\build_work\redis\build\msvc_compat.h(164,5): warning C4028: formal parameter 1 different from declaration [C:\Users\samue\repos\redis-windows\build_work\redis\build\src\redis-cli.vcxproj]
  (compiling source file '../patched/src/fast_float_strtod.c')
  
  Generating Code...
  redis-cli.vcxproj -> C:\Users\samue\repos\redis-windows\build_work\redis\build\bin\Release\redis-cli.exe
  Building Custom Rule C:/Users/samue/repos/redis-windows/build_work/redis/cmake/CMakeLists.txt
  Building Custom Rule C:/Users/samue/repos/redis-windows/build_work/redis/cmake/deps/lua/CMakeLists.txt
cl : command line  warning D9002: ignoring unknown option '-fPIC' [C:\Users\samue\repos\redis-windows\build_work\redis\build\deps\lua\lualib.vcxproj]
  fpconv.c
C:\Users\samue\repos\redis-windows\build_work\redis\build\msvc_compat.h(156,9): warning C4028: formal parameter 1 different from declaration [C:\Users\samue\repos\redis-windows\build_work\redis\build\deps\lua\lualib.vcxproj]
  (compiling source file '../../../deps/lua/src/fpconv.c')
  
C:\Users\samue\repos\redis-windows\build_work\redis\build\msvc_compat.h(157,9): warning C4028: formal parameter 1 different from declaration [C:\Users\samue\repos\redis-windows\build_work\redis\build\deps\lua\lualib.vcxproj]
  (compiling source file '../../../deps/lua/src/fpconv.c')
  
C:\Users\samue\repos\redis-windows\build_work\redis\build\msvc_compat.h(164,5): warning C4028: formal parameter 1 different from declaration [C:\Users\samue\repos\redis-windows\build_work\redis\build\deps\lua\lualib.vcxproj]
  (compiling source file '../../../deps/lua/src/fpconv.c')
  
  lbaselib.c
C:\Users\samue\repos\redis-windows\build_work\redis\build\msvc_compat.h(156,9): warning C4028: formal parameter 1 different from declaration [C:\Users\samue\repos\redis-windows\build_work\redis\build\deps\lua\lualib.vcxproj]
  (compiling source file '../../../deps/lua/src/lbaselib.c')
  
C:\Users\samue\repos\redis-windows\build_work\redis\build\msvc_compat.h(157,9): warning C4028: formal parameter 1 different from declaration [C:\Users\samue\repos\redis-windows\build_work\redis\build\deps\lua\lualib.vcxproj]
  (compiling source file '../../../deps/lua/src/lbaselib.c')
  
C:\Users\samue\repos\redis-windows\build_work\redis\build\msvc_compat.h(164,5): warning C4028: formal parameter 1 different from declaration [C:\Users\samue\repos\redis-windows\build_work\redis\build\deps\lua\lualib.vcxproj]
  (compiling source file '../../../deps/lua/src/lbaselib.c')
  
  lmathlib.c
C:\Users\samue\repos\redis-windows\build_work\redis\build\msvc_compat.h(156,9): warning C4028: formal parameter 1 different from declaration [C:\Users\samue\repos\redis-windows\build_work\redis\build\deps\lua\lualib.vcxproj]
  (compiling source file '../../../deps/lua/src/lmathlib.c')
  
C:\Users\samue\repos\redis-windows\build_work\redis\build\msvc_compat.h(157,9): warning C4028: formal parameter 1 different from declaration [C:\Users\samue\repos\redis-windows\build_work\redis\build\deps\lua\lualib.vcxproj]
  (compiling source file '../../../deps/lua/src/lmathlib.c')
  
C:\Users\samue\repos\redis-windows\build_work\redis\build\msvc_compat.h(164,5): warning C4028: formal parameter 1 different from declaration [C:\Users\samue\repos\redis-windows\build_work\redis\build\deps\lua\lualib.vcxproj]
  (compiling source file '../../../deps/lua/src/lmathlib.c')
  
  lstring.c
C:\Users\samue\repos\redis-windows\build_work\redis\build\msvc_compat.h(156,9): warning C4028: formal parameter 1 different from declaration [C:\Users\samue\repos\redis-windows\build_work\redis\build\deps\lua\lualib.vcxproj]
  (compiling source file '../../../deps/lua/src/lstring.c')
  
C:\Users\samue\repos\redis-windows\build_work\redis\build\msvc_compat.h(157,9): warning C4028: formal parameter 1 different from declaration [C:\Users\samue\repos\redis-windows\build_work\redis\build\deps\lua\lualib.vcxproj]
  (compiling source file '../../../deps/lua/src/lstring.c')
  
C:\Users\samue\repos\redis-windows\build_work\redis\build\msvc_compat.h(164,5): warning C4028: formal parameter 1 different from declaration [C:\Users\samue\repos\redis-windows\build_work\redis\build\deps\lua\lualib.vcxproj]
  (compiling source file '../../../deps/lua/src/lstring.c')
  
  lparser.c
C:\Users\samue\repos\redis-windows\build_work\redis\build\msvc_compat.h(156,9): warning C4028: formal parameter 1 different from declaration [C:\Users\samue\repos\redis-windows\build_work\redis\build\deps\lua\lualib.vcxproj]
  (compiling source file '../../../deps/lua/src/lparser.c')
  
C:\Users\samue\repos\redis-windows\build_work\redis\build\msvc_compat.h(157,9): warning C4028: formal parameter 1 different from declaration [C:\Users\samue\repos\redis-windows\build_work\redis\build\deps\lua\lualib.vcxproj]
  (compiling source file '../../../deps/lua/src/lparser.c')
  
C:\Users\samue\repos\redis-windows\build_work\redis\build\msvc_compat.h(164,5): warning C4028: formal parameter 1 different from declaration [C:\Users\samue\repos\redis-windows\build_work\redis\build\deps\lua\lualib.vcxproj]
  (compiling source file '../../../deps/lua/src/lparser.c')
  
  ldo.c
C:\Users\samue\repos\redis-windows\build_work\redis\build\msvc_compat.h(156,9): warning C4028: formal parameter 1 different from declaration [C:\Users\samue\repos\redis-windows\build_work\redis\build\deps\lua\lualib.vcxproj]
  (compiling source file '../../../deps/lua/src/ldo.c')
  
C:\Users\samue\repos\redis-windows\build_work\redis\build\msvc_compat.h(157,9): warning C4028: formal parameter 1 different from declaration [C:\Users\samue\repos\redis-windows\build_work\redis\build\deps\lua\lualib.vcxproj]
  (compiling source file '../../../deps/lua/src/ldo.c')
  
C:\Users\samue\repos\redis-windows\build_work\redis\build\msvc_compat.h(164,5): warning C4028: formal parameter 1 different from declaration [C:\Users\samue\repos\redis-windows\build_work\redis\build\deps\lua\lualib.vcxproj]
  (compiling source file '../../../deps/lua/src/ldo.c')
  
  lzio.c
C:\Users\samue\repos\redis-windows\build_work\redis\build\msvc_compat.h(156,9): warning C4028: formal parameter 1 different from declaration [C:\Users\samue\repos\redis-windows\build_work\redis\build\deps\lua\lualib.vcxproj]
  (compiling source file '../../../deps/lua/src/lzio.c')
  
C:\Users\samue\repos\redis-windows\build_work\redis\build\msvc_compat.h(157,9): warning C4028: formal parameter 1 different from declaration [C:\Users\samue\repos\redis-windows\build_work\redis\build\deps\lua\lualib.vcxproj]
  (compiling source file '../../../deps/lua/src/lzio.c')
  
C:\Users\samue\repos\redis-windows\build_work\redis\build\msvc_compat.h(164,5): warning C4028: formal parameter 1 different from declaration [C:\Users\samue\repos\redis-windows\build_work\redis\build\deps\lua\lualib.vcxproj]
  (compiling source file '../../../deps/lua/src/lzio.c')
  
  lmem.c
C:\Users\samue\repos\redis-windows\build_work\redis\build\msvc_compat.h(156,9): warning C4028: formal parameter 1 different from declaration [C:\Users\samue\repos\redis-windows\build_work\redis\build\deps\lua\lualib.vcxproj]
  (compiling source file '../../../deps/lua/src/lmem.c')
  
C:\Users\samue\repos\redis-windows\build_work\redis\build\msvc_compat.h(157,9): warning C4028: formal parameter 1 different from declaration [C:\Users\samue\repos\redis-windows\build_work\redis\build\deps\lua\lualib.vcxproj]
  (compiling source file '../../../deps/lua/src/lmem.c')
  
C:\Users\samue\repos\redis-windows\build_work\redis\build\msvc_compat.h(164,5): warning C4028: formal parameter 1 different from declaration [C:\Users\samue\repos\redis-windows\build_work\redis\build\deps\lua\lualib.vcxproj]
  (compiling source file '../../../deps/lua/src/lmem.c')
  
  strbuf.c
C:\Users\samue\repos\redis-windows\build_work\redis\build\msvc_compat.h(156,9): warning C4028: formal parameter 1 different from declaration [C:\Users\samue\repos\redis-windows\build_work\redis\build\deps\lua\lualib.vcxproj]
  (compiling source file '../../../deps/lua/src/strbuf.c')
  
C:\Users\samue\repos\redis-windows\build_work\redis\build\msvc_compat.h(157,9): warning C4028: formal parameter 1 different from declaration [C:\Users\samue\repos\redis-windows\build_work\redis\build\deps\lua\lualib.vcxproj]
  (compiling source file '../../../deps/lua/src/strbuf.c')
  
C:\Users\samue\repos\redis-windows\build_work\redis\build\msvc_compat.h(164,5): warning C4028: formal parameter 1 different from declaration [C:\Users\samue\repos\redis-windows\build_work\redis\build\deps\lua\lualib.vcxproj]
  (compiling source file '../../../deps/lua/src/strbuf.c')
  
C:\Users\samue\repos\redis-windows\build_work\redis\deps\lua\src\strbuf.c(89,17): warning C4311: 'type cast': pointer truncation from 'strbuf_t *' to 'long' [C:\Users\samue\repos\redis-windows\build_work\redis\build\deps\lua\lualib.vcxproj]
C:\Users\samue\repos\redis-windows\build_work\redis\deps\lua\src\strbuf.c(167,17): warning C4311: 'type cast': pointer truncation from 'strbuf_t *' to 'long' [C:\Users\samue\repos\redis-windows\build_work\redis\build\deps\lua\lualib.vcxproj]
  lstrlib.c
C:\Users\samue\repos\redis-windows\build_work\redis\build\msvc_compat.h(156,9): warning C4028: formal parameter 1 different from declaration [C:\Users\samue\repos\redis-windows\build_work\redis\build\deps\lua\lualib.vcxproj]
  (compiling source file '../../../deps/lua/src/lstrlib.c')
  
C:\Users\samue\repos\redis-windows\build_work\redis\build\msvc_compat.h(157,9): warning C4028: formal parameter 1 different from declaration [C:\Users\samue\repos\redis-windows\build_work\redis\build\deps\lua\lualib.vcxproj]
  (compiling source file '../../../deps/lua/src/lstrlib.c')
  
C:\Users\samue\repos\redis-windows\build_work\redis\build\msvc_compat.h(164,5): warning C4028: formal parameter 1 different from declaration [C:\Users\samue\repos\redis-windows\build_work\redis\build\deps\lua\lualib.vcxproj]
  (compiling source file '../../../deps/lua/src/lstrlib.c')
  
  lundump.c
C:\Users\samue\repos\redis-windows\build_work\redis\build\msvc_compat.h(156,9): warning C4028: formal parameter 1 different from declaration [C:\Users\samue\repos\redis-windows\build_work\redis\build\deps\lua\lualib.vcxproj]
  (compiling source file '../../../deps/lua/src/lundump.c')
  
C:\Users\samue\repos\redis-windows\build_work\redis\build\msvc_compat.h(157,9): warning C4028: formal parameter 1 different from declaration [C:\Users\samue\repos\redis-windows\build_work\redis\build\deps\lua\lualib.vcxproj]
  (compiling source file '../../../deps/lua/src/lundump.c')
  
C:\Users\samue\repos\redis-windows\build_work\redis\build\msvc_compat.h(164,5): warning C4028: formal parameter 1 different from declaration [C:\Users\samue\repos\redis-windows\build_work\redis\build\deps\lua\lualib.vcxproj]
  (compiling source file '../../../deps/lua/src/lundump.c')
  
  lua_cmsgpack.c
C:\Users\samue\repos\redis-windows\build_work\redis\build\msvc_compat.h(156,9): warning C4028: formal parameter 1 different from declaration [C:\Users\samue\repos\redis-windows\build_work\redis\build\deps\lua\lualib.vcxproj]
  (compiling source file '../../../deps/lua/src/lua_cmsgpack.c')
  
C:\Users\samue\repos\redis-windows\build_work\redis\build\msvc_compat.h(157,9): warning C4028: formal parameter 1 different from declaration [C:\Users\samue\repos\redis-windows\build_work\redis\build\deps\lua\lualib.vcxproj]
  (compiling source file '../../../deps/lua/src/lua_cmsgpack.c')
  
C:\Users\samue\repos\redis-windows\build_work\redis\build\msvc_compat.h(164,5): warning C4028: formal parameter 1 different from declaration [C:\Users\samue\repos\redis-windows\build_work\redis\build\deps\lua\lualib.vcxproj]
  (compiling source file '../../../deps/lua/src/lua_cmsgpack.c')
  
  loslib.c
C:\Users\samue\repos\redis-windows\build_work\redis\build\msvc_compat.h(156,9): warning C4028: formal parameter 1 different from declaration [C:\Users\samue\repos\redis-windows\build_work\redis\build\deps\lua\lualib.vcxproj]
  (compiling source file '../../../deps/lua/src/loslib.c')
  
C:\Users\samue\repos\redis-windows\build_work\redis\build\msvc_compat.h(157,9): warning C4028: formal parameter 1 different from declaration [C:\Users\samue\repos\redis-windows\build_work\redis\build\deps\lua\lualib.vcxproj]
  (compiling source file '../../../deps/lua/src/loslib.c')
  
C:\Users\samue\repos\redis-windows\build_work\redis\build\msvc_compat.h(164,5): warning C4028: formal parameter 1 different from declaration [C:\Users\samue\repos\redis-windows\build_work\redis\build\deps\lua\lualib.vcxproj]
  (compiling source file '../../../deps/lua/src/loslib.c')
  
  lua_struct.c
C:\Users\samue\repos\redis-windows\build_work\redis\build\msvc_compat.h(156,9): warning C4028: formal parameter 1 different from declaration [C:\Users\samue\repos\redis-windows\build_work\redis\build\deps\lua\lualib.vcxproj]
  (compiling source file '../../../deps/lua/src/lua_struct.c')
  
C:\Users\samue\repos\redis-windows\build_work\redis\build\msvc_compat.h(157,9): warning C4028: formal parameter 1 different from declaration [C:\Users\samue\repos\redis-windows\build_work\redis\build\deps\lua\lualib.vcxproj]
  (compiling source file '../../../deps/lua/src/lua_struct.c')
  
C:\Users\samue\repos\redis-windows\build_work\redis\build\msvc_compat.h(164,5): warning C4028: formal parameter 1 different from declaration [C:\Users\samue\repos\redis-windows\build_work\redis\build\deps\lua\lualib.vcxproj]
  (compiling source file '../../../deps/lua/src/lua_struct.c')
  
  ldebug.c
C:\Users\samue\repos\redis-windows\build_work\redis\build\msvc_compat.h(156,9): warning C4028: formal parameter 1 different from declaration [C:\Users\samue\repos\redis-windows\build_work\redis\build\deps\lua\lualib.vcxproj]
  (compiling source file '../../../deps/lua/src/ldebug.c')
  
C:\Users\samue\repos\redis-windows\build_work\redis\build\msvc_compat.h(157,9): warning C4028: formal parameter 1 different from declaration [C:\Users\samue\repos\redis-windows\build_work\redis\build\deps\lua\lualib.vcxproj]
  (compiling source file '../../../deps/lua/src/ldebug.c')
  
C:\Users\samue\repos\redis-windows\build_work\redis\build\msvc_compat.h(164,5): warning C4028: formal parameter 1 different from declaration [C:\Users\samue\repos\redis-windows\build_work\redis\build\deps\lua\lualib.vcxproj]
  (compiling source file '../../../deps/lua/src/ldebug.c')
  
  lobject.c
C:\Users\samue\repos\redis-windows\build_work\redis\build\msvc_compat.h(156,9): warning C4028: formal parameter 1 different from declaration [C:\Users\samue\repos\redis-windows\build_work\redis\build\deps\lua\lualib.vcxproj]
  (compiling source file '../../../deps/lua/src/lobject.c')
  
C:\Users\samue\repos\redis-windows\build_work\redis\build\msvc_compat.h(157,9): warning C4028: formal parameter 1 different from declaration [C:\Users\samue\repos\redis-windows\build_work\redis\build\deps\lua\lualib.vcxproj]
  (compiling source file '../../../deps/lua/src/lobject.c')
  
C:\Users\samue\repos\redis-windows\build_work\redis\build\msvc_compat.h(164,5): warning C4028: formal parameter 1 different from declaration [C:\Users\samue\repos\redis-windows\build_work\redis\build\deps\lua\lualib.vcxproj]
  (compiling source file '../../../deps/lua/src/lobject.c')
  
  ldump.c
C:\Users\samue\repos\redis-windows\build_work\redis\build\msvc_compat.h(156,9): warning C4028: formal parameter 1 different from declaration [C:\Users\samue\repos\redis-windows\build_work\redis\build\deps\lua\lualib.vcxproj]
  (compiling source file '../../../deps/lua/src/ldump.c')
  
C:\Users\samue\repos\redis-windows\build_work\redis\build\msvc_compat.h(157,9): warning C4028: formal parameter 1 different from declaration [C:\Users\samue\repos\redis-windows\build_work\redis\build\deps\lua\lualib.vcxproj]
  (compiling source file '../../../deps/lua/src/ldump.c')
  
C:\Users\samue\repos\redis-windows\build_work\redis\build\msvc_compat.h(164,5): warning C4028: formal parameter 1 different from declaration [C:\Users\samue\repos\redis-windows\build_work\redis\build\deps\lua\lualib.vcxproj]
  (compiling source file '../../../deps/lua/src/ldump.c')
  
  lua_cjson.c
C:\Users\samue\repos\redis-windows\build_work\redis\build\msvc_compat.h(156,9): warning C4028: formal parameter 1 different from declaration [C:\Users\samue\repos\redis-windows\build_work\redis\build\deps\lua\lualib.vcxproj]
  (compiling source file '../../../deps/lua/src/lua_cjson.c')
  
C:\Users\samue\repos\redis-windows\build_work\redis\build\msvc_compat.h(157,9): warning C4028: formal parameter 1 different from declaration [C:\Users\samue\repos\redis-windows\build_work\redis\build\deps\lua\lualib.vcxproj]
  (compiling source file '../../../deps/lua/src/lua_cjson.c')
  
C:\Users\samue\repos\redis-windows\build_work\redis\build\msvc_compat.h(164,5): warning C4028: formal parameter 1 different from declaration [C:\Users\samue\repos\redis-windows\build_work\redis\build\deps\lua\lualib.vcxproj]
  (compiling source file '../../../deps/lua/src/lua_cjson.c')
  
  ldblib.c
C:\Users\samue\repos\redis-windows\build_work\redis\build\msvc_compat.h(156,9): warning C4028: formal parameter 1 different from declaration [C:\Users\samue\repos\redis-windows\build_work\redis\build\deps\lua\lualib.vcxproj]
  (compiling source file '../../../deps/lua/src/ldblib.c')
  
C:\Users\samue\repos\redis-windows\build_work\redis\build\msvc_compat.h(157,9): warning C4028: formal parameter 1 different from declaration [C:\Users\samue\repos\redis-windows\build_work\redis\build\deps\lua\lualib.vcxproj]
  (compiling source file '../../../deps/lua/src/ldblib.c')
  
C:\Users\samue\repos\redis-windows\build_work\redis\build\msvc_compat.h(164,5): warning C4028: formal parameter 1 different from declaration [C:\Users\samue\repos\redis-windows\build_work\redis\build\deps\lua\lualib.vcxproj]
  (compiling source file '../../../deps/lua/src/ldblib.c')
  
  ltm.c
C:\Users\samue\repos\redis-windows\build_work\redis\build\msvc_compat.h(156,9): warning C4028: formal parameter 1 different from declaration [C:\Users\samue\repos\redis-windows\build_work\redis\build\deps\lua\lualib.vcxproj]
  (compiling source file '../../../deps/lua/src/ltm.c')
  
C:\Users\samue\repos\redis-windows\build_work\redis\build\msvc_compat.h(157,9): warning C4028: formal parameter 1 different from declaration [C:\Users\samue\repos\redis-windows\build_work\redis\build\deps\lua\lualib.vcxproj]
  (compiling source file '../../../deps/lua/src/ltm.c')
  
C:\Users\samue\repos\redis-windows\build_work\redis\build\msvc_compat.h(164,5): warning C4028: formal parameter 1 different from declaration [C:\Users\samue\repos\redis-windows\build_work\redis\build\deps\lua\lualib.vcxproj]
  (compiling source file '../../../deps/lua/src/ltm.c')
  
  Generating Code...
  Compiling...
  ltable.c
C:\Users\samue\repos\redis-windows\build_work\redis\build\msvc_compat.h(156,9): warning C4028: formal parameter 1 different from declaration [C:\Users\samue\repos\redis-windows\build_work\redis\build\deps\lua\lualib.vcxproj]
  (compiling source file '../../../deps/lua/src/ltable.c')
  
C:\Users\samue\repos\redis-windows\build_work\redis\build\msvc_compat.h(157,9): warning C4028: formal parameter 1 different from declaration [C:\Users\samue\repos\redis-windows\build_work\redis\build\deps\lua\lualib.vcxproj]
  (compiling source file '../../../deps/lua/src/ltable.c')
  
C:\Users\samue\repos\redis-windows\build_work\redis\build\msvc_compat.h(164,5): warning C4028: formal parameter 1 different from declaration [C:\Users\samue\repos\redis-windows\build_work\redis\build\deps\lua\lualib.vcxproj]
  (compiling source file '../../../deps/lua/src/ltable.c')
  
  lstate.c
C:\Users\samue\repos\redis-windows\build_work\redis\build\msvc_compat.h(156,9): warning C4028: formal parameter 1 different from declaration [C:\Users\samue\repos\redis-windows\build_work\redis\build\deps\lua\lualib.vcxproj]
  (compiling source file '../../../deps/lua/src/lstate.c')
  
C:\Users\samue\repos\redis-windows\build_work\redis\build\msvc_compat.h(157,9): warning C4028: formal parameter 1 different from declaration [C:\Users\samue\repos\redis-windows\build_work\redis\build\deps\lua\lualib.vcxproj]
  (compiling source file '../../../deps/lua/src/lstate.c')
  
C:\Users\samue\repos\redis-windows\build_work\redis\build\msvc_compat.h(164,5): warning C4028: formal parameter 1 different from declaration [C:\Users\samue\repos\redis-windows\build_work\redis\build\deps\lua\lualib.vcxproj]
  (compiling source file '../../../deps/lua/src/lstate.c')
  
  lua_bit.c
C:\Users\samue\repos\redis-windows\build_work\redis\build\msvc_compat.h(156,9): warning C4028: formal parameter 1 different from declaration [C:\Users\samue\repos\redis-windows\build_work\redis\build\deps\lua\lualib.vcxproj]
  (compiling source file '../../../deps/lua/src/lua_bit.c')
  
C:\Users\samue\repos\redis-windows\build_work\redis\build\msvc_compat.h(157,9): warning C4028: formal parameter 1 different from declaration [C:\Users\samue\repos\redis-windows\build_work\redis\build\deps\lua\lualib.vcxproj]
  (compiling source file '../../../deps/lua/src/lua_bit.c')
  
C:\Users\samue\repos\redis-windows\build_work\redis\build\msvc_compat.h(164,5): warning C4028: formal parameter 1 different from declaration [C:\Users\samue\repos\redis-windows\build_work\redis\build\deps\lua\lualib.vcxproj]
  (compiling source file '../../../deps/lua/src/lua_bit.c')
  
  lua.c
C:\Users\samue\repos\redis-windows\build_work\redis\build\msvc_compat.h(156,9): warning C4028: formal parameter 1 different from declaration [C:\Users\samue\repos\redis-windows\build_work\redis\build\deps\lua\lualib.vcxproj]
  (compiling source file '../../../deps/lua/src/lua.c')
  
C:\Users\samue\repos\redis-windows\build_work\redis\build\msvc_compat.h(157,9): warning C4028: formal parameter 1 different from declaration [C:\Users\samue\repos\redis-windows\build_work\redis\build\deps\lua\lualib.vcxproj]
  (compiling source file '../../../deps/lua/src/lua.c')
  
C:\Users\samue\repos\redis-windows\build_work\redis\build\msvc_compat.h(164,5): warning C4028: formal parameter 1 different from declaration [C:\Users\samue\repos\redis-windows\build_work\redis\build\deps\lua\lualib.vcxproj]
  (compiling source file '../../../deps/lua/src/lua.c')
  
  loadlib.c
C:\Users\samue\repos\redis-windows\build_work\redis\build\msvc_compat.h(156,9): warning C4028: formal parameter 1 different from declaration [C:\Users\samue\repos\redis-windows\build_work\redis\build\deps\lua\lualib.vcxproj]
  (compiling source file '../../../deps/lua/src/loadlib.c')
  
C:\Users\samue\repos\redis-windows\build_work\redis\build\msvc_compat.h(157,9): warning C4028: formal parameter 1 different from declaration [C:\Users\samue\repos\redis-windows\build_work\redis\build\deps\lua\lualib.vcxproj]
  (compiling source file '../../../deps/lua/src/loadlib.c')
  
C:\Users\samue\repos\redis-windows\build_work\redis\build\msvc_compat.h(164,5): warning C4028: formal parameter 1 different from declaration [C:\Users\samue\repos\redis-windows\build_work\redis\build\deps\lua\lualib.vcxproj]
  (compiling source file '../../../deps/lua/src/loadlib.c')
  
  lcode.c
C:\Users\samue\repos\redis-windows\build_work\redis\build\msvc_compat.h(156,9): warning C4028: formal parameter 1 different from declaration [C:\Users\samue\repos\redis-windows\build_work\redis\build\deps\lua\lualib.vcxproj]
  (compiling source file '../../../deps/lua/src/lcode.c')
  
C:\Users\samue\repos\redis-windows\build_work\redis\build\msvc_compat.h(157,9): warning C4028: formal parameter 1 different from declaration [C:\Users\samue\repos\redis-windows\build_work\redis\build\deps\lua\lualib.vcxproj]
  (compiling source file '../../../deps/lua/src/lcode.c')
  
C:\Users\samue\repos\redis-windows\build_work\redis\build\msvc_compat.h(164,5): warning C4028: formal parameter 1 different from declaration [C:\Users\samue\repos\redis-windows\build_work\redis\build\deps\lua\lualib.vcxproj]
  (compiling source file '../../../deps/lua/src/lcode.c')
  
  lapi.c
C:\Users\samue\repos\redis-windows\build_work\redis\build\msvc_compat.h(156,9): warning C4028: formal parameter 1 different from declaration [C:\Users\samue\repos\redis-windows\build_work\redis\build\deps\lua\lualib.vcxproj]
  (compiling source file '../../../deps/lua/src/lapi.c')
  
C:\Users\samue\repos\redis-windows\build_work\redis\build\msvc_compat.h(157,9): warning C4028: formal parameter 1 different from declaration [C:\Users\samue\repos\redis-windows\build_work\redis\build\deps\lua\lualib.vcxproj]
  (compiling source file '../../../deps/lua/src/lapi.c')
  
C:\Users\samue\repos\redis-windows\build_work\redis\build\msvc_compat.h(164,5): warning C4028: formal parameter 1 different from declaration [C:\Users\samue\repos\redis-windows\build_work\redis\build\deps\lua\lualib.vcxproj]
  (compiling source file '../../../deps/lua/src/lapi.c')
  
  lgc.c
C:\Users\samue\repos\redis-windows\build_work\redis\build\msvc_compat.h(156,9): warning C4028: formal parameter 1 different from declaration [C:\Users\samue\repos\redis-windows\build_work\redis\build\deps\lua\lualib.vcxproj]
  (compiling source file '../../../deps/lua/src/lgc.c')
  
C:\Users\samue\repos\redis-windows\build_work\redis\build\msvc_compat.h(157,9): warning C4028: formal parameter 1 different from declaration [C:\Users\samue\repos\redis-windows\build_work\redis\build\deps\lua\lualib.vcxproj]
  (compiling source file '../../../deps/lua/src/lgc.c')
  
C:\Users\samue\repos\redis-windows\build_work\redis\build\msvc_compat.h(164,5): warning C4028: formal parameter 1 different from declaration [C:\Users\samue\repos\redis-windows\build_work\redis\build\deps\lua\lualib.vcxproj]
  (compiling source file '../../../deps/lua/src/lgc.c')
  
  lvm.c
C:\Users\samue\repos\redis-windows\build_work\redis\build\msvc_compat.h(156,9): warning C4028: formal parameter 1 different from declaration [C:\Users\samue\repos\redis-windows\build_work\redis\build\deps\lua\lualib.vcxproj]
  (compiling source file '../../../deps/lua/src/lvm.c')
  
C:\Users\samue\repos\redis-windows\build_work\redis\build\msvc_compat.h(157,9): warning C4028: formal parameter 1 different from declaration [C:\Users\samue\repos\redis-windows\build_work\redis\build\deps\lua\lualib.vcxproj]
  (compiling source file '../../../deps/lua/src/lvm.c')
  
C:\Users\samue\repos\redis-windows\build_work\redis\build\msvc_compat.h(164,5): warning C4028: formal parameter 1 different from declaration [C:\Users\samue\repos\redis-windows\build_work\redis\build\deps\lua\lualib.vcxproj]
  (compiling source file '../../../deps/lua/src/lvm.c')
  
  lfunc.c
C:\Users\samue\repos\redis-windows\build_work\redis\build\msvc_compat.h(156,9): warning C4028: formal parameter 1 different from declaration [C:\Users\samue\repos\redis-windows\build_work\redis\build\deps\lua\lualib.vcxproj]
  (compiling source file '../../../deps/lua/src/lfunc.c')
  
C:\Users\samue\repos\redis-windows\build_work\redis\build\msvc_compat.h(157,9): warning C4028: formal parameter 1 different from declaration [C:\Users\samue\repos\redis-windows\build_work\redis\build\deps\lua\lualib.vcxproj]
  (compiling source file '../../../deps/lua/src/lfunc.c')
  
C:\Users\samue\repos\redis-windows\build_work\redis\build\msvc_compat.h(164,5): warning C4028: formal parameter 1 different from declaration [C:\Users\samue\repos\redis-windows\build_work\redis\build\deps\lua\lualib.vcxproj]
  (compiling source file '../../../deps/lua/src/lfunc.c')
  
  lauxlib.c
C:\Users\samue\repos\redis-windows\build_work\redis\build\msvc_compat.h(156,9): warning C4028: formal parameter 1 different from declaration [C:\Users\samue\repos\redis-windows\build_work\redis\build\deps\lua\lualib.vcxproj]
  (compiling source file '../../../deps/lua/src/lauxlib.c')
  
C:\Users\samue\repos\redis-windows\build_work\redis\build\msvc_compat.h(157,9): warning C4028: formal parameter 1 different from declaration [C:\Users\samue\repos\redis-windows\build_work\redis\build\deps\lua\lualib.vcxproj]
  (compiling source file '../../../deps/lua/src/lauxlib.c')
  
C:\Users\samue\repos\redis-windows\build_work\redis\build\msvc_compat.h(164,5): warning C4028: formal parameter 1 different from declaration [C:\Users\samue\repos\redis-windows\build_work\redis\build\deps\lua\lualib.vcxproj]
  (compiling source file '../../../deps/lua/src/lauxlib.c')
  
  ltablib.c
C:\Users\samue\repos\redis-windows\build_work\redis\build\msvc_compat.h(156,9): warning C4028: formal parameter 1 different from declaration [C:\Users\samue\repos\redis-windows\build_work\redis\build\deps\lua\lualib.vcxproj]
  (compiling source file '../../../deps/lua/src/ltablib.c')
  
C:\Users\samue\repos\redis-windows\build_work\redis\build\msvc_compat.h(157,9): warning C4028: formal parameter 1 different from declaration [C:\Users\samue\repos\redis-windows\build_work\redis\build\deps\lua\lualib.vcxproj]
  (compiling source file '../../../deps/lua/src/ltablib.c')
  
C:\Users\samue\repos\redis-windows\build_work\redis\build\msvc_compat.h(164,5): warning C4028: formal parameter 1 different from declaration [C:\Users\samue\repos\redis-windows\build_work\redis\build\deps\lua\lualib.vcxproj]
  (compiling source file '../../../deps/lua/src/ltablib.c')
  
  linit.c
C:\Users\samue\repos\redis-windows\build_work\redis\build\msvc_compat.h(156,9): warning C4028: formal parameter 1 different from declaration [C:\Users\samue\repos\redis-windows\build_work\redis\build\deps\lua\lualib.vcxproj]
  (compiling source file '../../../deps/lua/src/linit.c')
  
C:\Users\samue\repos\redis-windows\build_work\redis\build\msvc_compat.h(157,9): warning C4028: formal parameter 1 different from declaration [C:\Users\samue\repos\redis-windows\build_work\redis\build\deps\lua\lualib.vcxproj]
  (compiling source file '../../../deps/lua/src/linit.c')
  
C:\Users\samue\repos\redis-windows\build_work\redis\build\msvc_compat.h(164,5): warning C4028: formal parameter 1 different from declaration [C:\Users\samue\repos\redis-windows\build_work\redis\build\deps\lua\lualib.vcxproj]
  (compiling source file '../../../deps/lua/src/linit.c')
  
  lopcodes.c
C:\Users\samue\repos\redis-windows\build_work\redis\build\msvc_compat.h(156,9): warning C4028: formal parameter 1 different from declaration [C:\Users\samue\repos\redis-windows\build_work\redis\build\deps\lua\lualib.vcxproj]
  (compiling source file '../../../deps/lua/src/lopcodes.c')
  
C:\Users\samue\repos\redis-windows\build_work\redis\build\msvc_compat.h(157,9): warning C4028: formal parameter 1 different from declaration [C:\Users\samue\repos\redis-windows\build_work\redis\build\deps\lua\lualib.vcxproj]
  (compiling source file '../../../deps/lua/src/lopcodes.c')
  
C:\Users\samue\repos\redis-windows\build_work\redis\build\msvc_compat.h(164,5): warning C4028: formal parameter 1 different from declaration [C:\Users\samue\repos\redis-windows\build_work\redis\build\deps\lua\lualib.vcxproj]
  (compiling source file '../../../deps/lua/src/lopcodes.c')
  
  llex.c
C:\Users\samue\repos\redis-windows\build_work\redis\build\msvc_compat.h(156,9): warning C4028: formal parameter 1 different from declaration [C:\Users\samue\repos\redis-windows\build_work\redis\build\deps\lua\lualib.vcxproj]
  (compiling source file '../../../deps/lua/src/llex.c')
  
C:\Users\samue\repos\redis-windows\build_work\redis\build\msvc_compat.h(157,9): warning C4028: formal parameter 1 different from declaration [C:\Users\samue\repos\redis-windows\build_work\redis\build\deps\lua\lualib.vcxproj]
  (compiling source file '../../../deps/lua/src/llex.c')
  
C:\Users\samue\repos\redis-windows\build_work\redis\build\msvc_compat.h(164,5): warning C4028: formal parameter 1 different from declaration [C:\Users\samue\repos\redis-windows\build_work\redis\build\deps\lua\lualib.vcxproj]
  (compiling source file '../../../deps/lua/src/llex.c')
  
  liolib.c
C:\Users\samue\repos\redis-windows\build_work\redis\build\msvc_compat.h(156,9): warning C4028: formal parameter 1 different from declaration [C:\Users\samue\repos\redis-windows\build_work\redis\build\deps\lua\lualib.vcxproj]
  (compiling source file '../../../deps/lua/src/liolib.c')
  
C:\Users\samue\repos\redis-windows\build_work\redis\build\msvc_compat.h(157,9): warning C4028: formal parameter 1 different from declaration [C:\Users\samue\repos\redis-windows\build_work\redis\build\deps\lua\lualib.vcxproj]
  (compiling source file '../../../deps/lua/src/liolib.c')
  
C:\Users\samue\repos\redis-windows\build_work\redis\build\msvc_compat.h(164,5): warning C4028: formal parameter 1 different from declaration [C:\Users\samue\repos\redis-windows\build_work\redis\build\deps\lua\lualib.vcxproj]
  (compiling source file '../../../deps/lua/src/liolib.c')
  
  Generating Code...
  lualib.vcxproj -> C:\Users\samue\repos\redis-windows\build_work\redis\build\lib\Release\lualib.lib
  Building Custom Rule C:/Users/samue/repos/redis-windows/build_work/redis/cmake/deps/tre/CMakeLists.txt
  regcomp.c
C:\Users\samue\repos\redis-windows\build_work\redis\build\msvc_compat.h(156,9): warning C4028: formal parameter 1 different from declaration [C:\Users\samue\repos\redis-windows\build_work\redis\build\deps\tre\tre.vcxproj]
  (compiling source file '../../../deps/tre/lib/regcomp.c')
  
C:\Users\samue\repos\redis-windows\build_work\redis\build\msvc_compat.h(157,9): warning C4028: formal parameter 1 different from declaration [C:\Users\samue\repos\redis-windows\build_work\redis\build\deps\tre\tre.vcxproj]
  (compiling source file '../../../deps/tre/lib/regcomp.c')
  
C:\Users\samue\repos\redis-windows\build_work\redis\build\msvc_compat.h(164,5): warning C4028: formal parameter 1 different from declaration [C:\Users\samue\repos\redis-windows\build_work\redis\build\deps\tre\tre.vcxproj]
  (compiling source file '../../../deps/tre/lib/regcomp.c')
  
  regerror.c
C:\Users\samue\repos\redis-windows\build_work\redis\build\msvc_compat.h(156,9): warning C4028: formal parameter 1 different from declaration [C:\Users\samue\repos\redis-windows\build_work\redis\build\deps\tre\tre.vcxproj]
  (compiling source file '../../../deps/tre/lib/regerror.c')
  
C:\Users\samue\repos\redis-windows\build_work\redis\build\msvc_compat.h(157,9): warning C4028: formal parameter 1 different from declaration [C:\Users\samue\repos\redis-windows\build_work\redis\build\deps\tre\tre.vcxproj]
  (compiling source file '../../../deps/tre/lib/regerror.c')
  
C:\Users\samue\repos\redis-windows\build_work\redis\build\msvc_compat.h(164,5): warning C4028: formal parameter 1 different from declaration [C:\Users\samue\repos\redis-windows\build_work\redis\build\deps\tre\tre.vcxproj]
  (compiling source file '../../../deps/tre/lib/regerror.c')
  
  regexec.c
C:\Users\samue\repos\redis-windows\build_work\redis\build\msvc_compat.h(156,9): warning C4028: formal parameter 1 different from declaration [C:\Users\samue\repos\redis-windows\build_work\redis\build\deps\tre\tre.vcxproj]
  (compiling source file '../../../deps/tre/lib/regexec.c')
  
C:\Users\samue\repos\redis-windows\build_work\redis\build\msvc_compat.h(157,9): warning C4028: formal parameter 1 different from declaration [C:\Users\samue\repos\redis-windows\build_work\redis\build\deps\tre\tre.vcxproj]
  (compiling source file '../../../deps/tre/lib/regexec.c')
  
C:\Users\samue\repos\redis-windows\build_work\redis\build\msvc_compat.h(164,5): warning C4028: formal parameter 1 different from declaration [C:\Users\samue\repos\redis-windows\build_work\redis\build\deps\tre\tre.vcxproj]
  (compiling source file '../../../deps/tre/lib/regexec.c')
  
  tre-ast.c
C:\Users\samue\repos\redis-windows\build_work\redis\build\msvc_compat.h(156,9): warning C4028: formal parameter 1 different from declaration [C:\Users\samue\repos\redis-windows\build_work\redis\build\deps\tre\tre.vcxproj]
  (compiling source file '../../../deps/tre/lib/tre-ast.c')
  
C:\Users\samue\repos\redis-windows\build_work\redis\build\msvc_compat.h(157,9): warning C4028: formal parameter 1 different from declaration [C:\Users\samue\repos\redis-windows\build_work\redis\build\deps\tre\tre.vcxproj]
  (compiling source file '../../../deps/tre/lib/tre-ast.c')
  
C:\Users\samue\repos\redis-windows\build_work\redis\build\msvc_compat.h(164,5): warning C4028: formal parameter 1 different from declaration [C:\Users\samue\repos\redis-windows\build_work\redis\build\deps\tre\tre.vcxproj]
  (compiling source file '../../../deps/tre/lib/tre-ast.c')
  
  tre-compile.c
C:\Users\samue\repos\redis-windows\build_work\redis\build\msvc_compat.h(156,9): warning C4028: formal parameter 1 different from declaration [C:\Users\samue\repos\redis-windows\build_work\redis\build\deps\tre\tre.vcxproj]
  (compiling source file '../../../deps/tre/lib/tre-compile.c')
  
C:\Users\samue\repos\redis-windows\build_work\redis\build\msvc_compat.h(157,9): warning C4028: formal parameter 1 different from declaration [C:\Users\samue\repos\redis-windows\build_work\redis\build\deps\tre\tre.vcxproj]
  (compiling source file '../../../deps/tre/lib/tre-compile.c')
  
C:\Users\samue\repos\redis-windows\build_work\redis\build\msvc_compat.h(164,5): warning C4028: formal parameter 1 different from declaration [C:\Users\samue\repos\redis-windows\build_work\redis\build\deps\tre\tre.vcxproj]
  (compiling source file '../../../deps/tre/lib/tre-compile.c')
  
  tre-filter.c
C:\Users\samue\repos\redis-windows\build_work\redis\build\msvc_compat.h(156,9): warning C4028: formal parameter 1 different from declaration [C:\Users\samue\repos\redis-windows\build_work\redis\build\deps\tre\tre.vcxproj]
  (compiling source file '../../../deps/tre/lib/tre-filter.c')
  
C:\Users\samue\repos\redis-windows\build_work\redis\build\msvc_compat.h(157,9): warning C4028: formal parameter 1 different from declaration [C:\Users\samue\repos\redis-windows\build_work\redis\build\deps\tre\tre.vcxproj]
  (compiling source file '../../../deps/tre/lib/tre-filter.c')
  
C:\Users\samue\repos\redis-windows\build_work\redis\build\msvc_compat.h(164,5): warning C4028: formal parameter 1 different from declaration [C:\Users\samue\repos\redis-windows\build_work\redis\build\deps\tre\tre.vcxproj]
  (compiling source file '../../../deps/tre/lib/tre-filter.c')
  
  tre-match-backtrack.c
C:\Users\samue\repos\redis-windows\build_work\redis\build\msvc_compat.h(156,9): warning C4028: formal parameter 1 different from declaration [C:\Users\samue\repos\redis-windows\build_work\redis\build\deps\tre\tre.vcxproj]
  (compiling source file '../../../deps/tre/lib/tre-match-backtrack.c')
  
C:\Users\samue\repos\redis-windows\build_work\redis\build\msvc_compat.h(157,9): warning C4028: formal parameter 1 different from declaration [C:\Users\samue\repos\redis-windows\build_work\redis\build\deps\tre\tre.vcxproj]
  (compiling source file '../../../deps/tre/lib/tre-match-backtrack.c')
  
C:\Users\samue\repos\redis-windows\build_work\redis\build\msvc_compat.h(164,5): warning C4028: formal parameter 1 different from declaration [C:\Users\samue\repos\redis-windows\build_work\redis\build\deps\tre\tre.vcxproj]
  (compiling source file '../../../deps/tre/lib/tre-match-backtrack.c')
  
  tre-match-parallel.c
C:\Users\samue\repos\redis-windows\build_work\redis\build\msvc_compat.h(156,9): warning C4028: formal parameter 1 different from declaration [C:\Users\samue\repos\redis-windows\build_work\redis\build\deps\tre\tre.vcxproj]
  (compiling source file '../../../deps/tre/lib/tre-match-parallel.c')
  
C:\Users\samue\repos\redis-windows\build_work\redis\build\msvc_compat.h(157,9): warning C4028: formal parameter 1 different from declaration [C:\Users\samue\repos\redis-windows\build_work\redis\build\deps\tre\tre.vcxproj]
  (compiling source file '../../../deps/tre/lib/tre-match-parallel.c')
  
C:\Users\samue\repos\redis-windows\build_work\redis\build\msvc_compat.h(164,5): warning C4028: formal parameter 1 different from declaration [C:\Users\samue\repos\redis-windows\build_work\redis\build\deps\tre\tre.vcxproj]
  (compiling source file '../../../deps/tre/lib/tre-match-parallel.c')
  
C:\Users\samue\repos\redis-windows\build_work\redis\deps\tre\lib\tre-match-parallel.c(216,16): warning C4311: 'type cast': pointer truncation from 'char *' to 'long' [C:\Users\samue\repos\redis-windows\build_work\redis\build\deps\tre\tre.vcxproj]
C:\Users\samue\repos\redis-windows\build_work\redis\deps\tre\lib\tre-match-parallel.c(219,16): warning C4311: 'type cast': pointer truncation from 'char *' to 'long' [C:\Users\samue\repos\redis-windows\build_work\redis\build\deps\tre\tre.vcxproj]
C:\Users\samue\repos\redis-windows\build_work\redis\deps\tre\lib\tre-match-parallel.c(222,16): warning C4311: 'type cast': pointer truncation from 'char *' to 'long' [C:\Users\samue\repos\redis-windows\build_work\redis\build\deps\tre\tre.vcxproj]
C:\Users\samue\repos\redis-windows\build_work\redis\deps\tre\lib\tre-match-parallel.c(225,16): warning C4311: 'type cast': pointer truncation from 'char *' to 'long' [C:\Users\samue\repos\redis-windows\build_work\redis\build\deps\tre\tre.vcxproj]
  tre-mem.c
C:\Users\samue\repos\redis-windows\build_work\redis\build\msvc_compat.h(156,9): warning C4028: formal parameter 1 different from declaration [C:\Users\samue\repos\redis-windows\build_work\redis\build\deps\tre\tre.vcxproj]
  (compiling source file '../../../deps/tre/lib/tre-mem.c')
  
C:\Users\samue\repos\redis-windows\build_work\redis\build\msvc_compat.h(157,9): warning C4028: formal parameter 1 different from declaration [C:\Users\samue\repos\redis-windows\build_work\redis\build\deps\tre\tre.vcxproj]
  (compiling source file '../../../deps/tre/lib/tre-mem.c')
  
C:\Users\samue\repos\redis-windows\build_work\redis\build\msvc_compat.h(164,5): warning C4028: formal parameter 1 different from declaration [C:\Users\samue\repos\redis-windows\build_work\redis\build\deps\tre\tre.vcxproj]
  (compiling source file '../../../deps/tre/lib/tre-mem.c')
  
C:\Users\samue\repos\redis-windows\build_work\redis\deps\tre\lib\tre-mem.c(141,11): warning C4311: 'type cast': pointer truncation from 'char *' to 'long' [C:\Users\samue\repos\redis-windows\build_work\redis\build\deps\tre\tre.vcxproj]
  tre-parse.c
C:\Users\samue\repos\redis-windows\build_work\redis\build\msvc_compat.h(156,9): warning C4028: formal parameter 1 different from declaration [C:\Users\samue\repos\redis-windows\build_work\redis\build\deps\tre\tre.vcxproj]
  (compiling source file '../../../deps/tre/lib/tre-parse.c')
  
C:\Users\samue\repos\redis-windows\build_work\redis\build\msvc_compat.h(157,9): warning C4028: formal parameter 1 different from declaration [C:\Users\samue\repos\redis-windows\build_work\redis\build\deps\tre\tre.vcxproj]
  (compiling source file '../../../deps/tre/lib/tre-parse.c')
  
C:\Users\samue\repos\redis-windows\build_work\redis\build\msvc_compat.h(164,5): warning C4028: formal parameter 1 different from declaration [C:\Users\samue\repos\redis-windows\build_work\redis\build\deps\tre\tre.vcxproj]
  (compiling source file '../../../deps/tre/lib/tre-parse.c')
  
  tre-stack.c
C:\Users\samue\repos\redis-windows\build_work\redis\build\msvc_compat.h(156,9): warning C4028: formal parameter 1 different from declaration [C:\Users\samue\repos\redis-windows\build_work\redis\build\deps\tre\tre.vcxproj]
  (compiling source file '../../../deps/tre/lib/tre-stack.c')
  
C:\Users\samue\repos\redis-windows\build_work\redis\build\msvc_compat.h(157,9): warning C4028: formal parameter 1 different from declaration [C:\Users\samue\repos\redis-windows\build_work\redis\build\deps\tre\tre.vcxproj]
  (compiling source file '../../../deps/tre/lib/tre-stack.c')
  
C:\Users\samue\repos\redis-windows\build_work\redis\build\msvc_compat.h(164,5): warning C4028: formal parameter 1 different from declaration [C:\Users\samue\repos\redis-windows\build_work\redis\build\deps\tre\tre.vcxproj]
  (compiling source file '../../../deps/tre/lib/tre-stack.c')
  
  xmalloc.c
C:\Users\samue\repos\redis-windows\build_work\redis\build\msvc_compat.h(156,9): warning C4028: formal parameter 1 different from declaration [C:\Users\samue\repos\redis-windows\build_work\redis\build\deps\tre\tre.vcxproj]
  (compiling source file '../../../deps/tre/lib/xmalloc.c')
  
C:\Users\samue\repos\redis-windows\build_work\redis\build\msvc_compat.h(157,9): warning C4028: formal parameter 1 different from declaration [C:\Users\samue\repos\redis-windows\build_work\redis\build\deps\tre\tre.vcxproj]
  (compiling source file '../../../deps/tre/lib/xmalloc.c')
  
C:\Users\samue\repos\redis-windows\build_work\redis\build\msvc_compat.h(164,5): warning C4028: formal parameter 1 different from declaration [C:\Users\samue\repos\redis-windows\build_work\redis\build\deps\tre\tre.vcxproj]
  (compiling source file '../../../deps/tre/lib/xmalloc.c')
  
  Generating Code...
  tre.vcxproj -> C:\Users\samue\repos\redis-windows\build_work\redis\build\lib\Release\tre.lib
  Building Custom Rule C:/Users/samue/repos/redis-windows/build_work/redis/cmake/src/CMakeLists.txt
  threads_mngr.c
C:\Users\samue\repos\redis-windows\build_work\redis\build\msvc_compat.h(156,9): warning C4028: formal parameter 1 different from declaration [C:\Users\samue\repos\redis-windows\build_work\redis\build\src\redis-server.vcxproj]
  (compiling source file '../patched/src/threads_mngr.c')
  
C:\Users\samue\repos\redis-windows\build_work\redis\build\msvc_compat.h(157,9): warning C4028: formal parameter 1 different from declaration [C:\Users\samue\repos\redis-windows\build_work\redis\build\src\redis-server.vcxproj]
  (compiling source file '../patched/src/threads_mngr.c')
  
C:\Users\samue\repos\redis-windows\build_work\redis\build\msvc_compat.h(164,5): warning C4028: formal parameter 1 different from declaration [C:\Users\samue\repos\redis-windows\build_work\redis\build\src\redis-server.vcxproj]
  (compiling source file '../patched/src/threads_mngr.c')
  
  adlist.c
C:\Users\samue\repos\redis-windows\build_work\redis\build\msvc_compat.h(156,9): warning C4028: formal parameter 1 different from declaration [C:\Users\samue\repos\redis-windows\build_work\redis\build\src\redis-server.vcxproj]
  (compiling source file '../patched/src/adlist.c')
  
C:\Users\samue\repos\redis-windows\build_work\redis\build\msvc_compat.h(157,9): warning C4028: formal parameter 1 different from declaration [C:\Users\samue\repos\redis-windows\build_work\redis\build\src\redis-server.vcxproj]
  (compiling source file '../patched/src/adlist.c')
  
C:\Users\samue\repos\redis-windows\build_work\redis\build\msvc_compat.h(164,5): warning C4028: formal parameter 1 different from declaration [C:\Users\samue\repos\redis-windows\build_work\redis\build\src\redis-server.vcxproj]
  (compiling source file '../patched/src/adlist.c')
  
  quicklist.c
C:\Users\samue\repos\redis-windows\build_work\redis\build\msvc_compat.h(156,9): warning C4028: formal parameter 1 different from declaration [C:\Users\samue\repos\redis-windows\build_work\redis\build\src\redis-server.vcxproj]
  (compiling source file '../patched/src/quicklist.c')
  
C:\Users\samue\repos\redis-windows\build_work\redis\build\msvc_compat.h(157,9): warning C4028: formal parameter 1 different from declaration [C:\Users\samue\repos\redis-windows\build_work\redis\build\src\redis-server.vcxproj]
  (compiling source file '../patched/src/quicklist.c')
  
C:\Users\samue\repos\redis-windows\build_work\redis\build\msvc_compat.h(164,5): warning C4028: formal parameter 1 different from declaration [C:\Users\samue\repos\redis-windows\build_work\redis\build\src\redis-server.vcxproj]
  (compiling source file '../patched/src/quicklist.c')
  
C:\Users\samue\repos\redis-windows\build_work\redis\build\patched\src\sds.h(146,34): warning C4267: '=': conversion from 'size_t' to 'unsigned char', possible loss of data [C:\Users\samue\repos\redis-windows\build_work\redis\build\src\redis-server.vcxproj]
  (compiling source file '../patched/src/quicklist.c')
  
C:\Users\samue\repos\redis-windows\build_work\redis\build\patched\src\sds.h(150,33): warning C4267: '=': conversion from 'size_t' to 'uint8_t', possible loss of data [C:\Users\samue\repos\redis-windows\build_work\redis\build\src\redis-server.vcxproj]
  (compiling source file '../patched/src/quicklist.c')
  
C:\Users\samue\repos\redis-windows\build_work\redis\build\patched\src\sds.h(153,34): warning C4267: '=': conversion from 'size_t' to 'uint16_t', possible loss of data [C:\Users\samue\repos\redis-windows\build_work\redis\build\src\redis-server.vcxproj]
  (compiling source file '../patched/src/quicklist.c')
  
C:\Users\samue\repos\redis-windows\build_work\redis\build\patched\src\sds.h(156,34): warning C4267: '=': conversion from 'size_t' to 'uint32_t', possible loss of data [C:\Users\samue\repos\redis-windows\build_work\redis\build\src\redis-server.vcxproj]
  (compiling source file '../patched/src/quicklist.c')
  
C:\Users\samue\repos\redis-windows\build_work\redis\build\patched\src\sds.h(174,34): warning C4267: '+=': conversion from 'size_t' to 'uint8_t', possible loss of data [C:\Users\samue\repos\redis-windows\build_work\redis\build\src\redis-server.vcxproj]
  (compiling source file '../patched/src/quicklist.c')
  
C:\Users\samue\repos\redis-windows\build_work\redis\build\patched\src\sds.h(177,35): warning C4267: '+=': conversion from 'size_t' to 'uint16_t', possible loss of data [C:\Users\samue\repos\redis-windows\build_work\redis\build\src\redis-server.vcxproj]
  (compiling source file '../patched/src/quicklist.c')
  
C:\Users\samue\repos\redis-windows\build_work\redis\build\patched\src\sds.h(180,35): warning C4267: '+=': conversion from 'size_t' to 'uint32_t', possible loss of data [C:\Users\samue\repos\redis-windows\build_work\redis\build\src\redis-server.vcxproj]
  (compiling source file '../patched/src/quicklist.c')
  
C:\Users\samue\repos\redis-windows\build_work\redis\build\patched\src\sds.h(169,57): warning C4267: 'initializing': conversion from 'size_t' to 'unsigned char', possible loss of data [C:\Users\samue\repos\redis-windows\build_work\redis\build\src\redis-server.vcxproj]
  (compiling source file '../patched/src/quicklist.c')
  
C:\Users\samue\repos\redis-windows\build_work\redis\build\patched\src\sds.h(234,50): warning C4267: '=': conversion from 'size_t' to 'uint8_t', possible loss of data [C:\Users\samue\repos\redis-windows\build_work\redis\build\src\redis-server.vcxproj]
  (compiling source file '../patched/src/quicklist.c')
  
C:\Users\samue\repos\redis-windows\build_work\redis\build\patched\src\sds.h(237,53): warning C4267: '=': conversion from 'size_t' to 'uint16_t', possible loss of data [C:\Users\samue\repos\redis-windows\build_work\redis\build\src\redis-server.vcxproj]
  (compiling source file '../patched/src/quicklist.c')
  
C:\Users\samue\repos\redis-windows\build_work\redis\build\patched\src\sds.h(240,36): warning C4267: '=': conversion from 'size_t' to 'uint32_t', possible loss of data [C:\Users\samue\repos\redis-windows\build_work\redis\build\src\redis-server.vcxproj]
  (compiling source file '../patched/src/quicklist.c')
  
C:\Users\samue\repos\redis-windows\build_work\redis\build\patched\src\quicklist.c(381,20): warning C4018: '<': signed/unsigned mismatch [C:\Users\samue\repos\redis-windows\build_work\redis\build\src\redis-server.vcxproj]
C:\Users\samue\repos\redis-windows\build_work\redis\build\patched\src\quicklist.c(571,43): warning C4267: 'initializing': conversion from 'size_t' to 'unsigned int', possible loss of data [C:\Users\samue\repos\redis-windows\build_work\redis\build\src\redis-server.vcxproj]
C:\Users\samue\repos\redis-windows\build_work\redis\build\patched\src\quicklist.c(590,54): warning C4267: 'function': conversion from 'size_t' to 'uint32_t', possible loss of data [C:\Users\samue\repos\redis-windows\build_work\redis\build\src\redis-server.vcxproj]
C:\Users\samue\repos\redis-windows\build_work\redis\build\patched\src\quicklist.c(621,75): warning C4267: 'function': conversion from 'size_t' to 'uint32_t', possible loss of data [C:\Users\samue\repos\redis-windows\build_work\redis\build\src\redis-server.vcxproj]
C:\Users\samue\repos\redis-windows\build_work\redis\build\patched\src\quicklist.c(626,50): warning C4267: 'function': conversion from 'size_t' to 'uint32_t', possible loss of data [C:\Users\samue\repos\redis-windows\build_work\redis\build\src\redis-server.vcxproj]
C:\Users\samue\repos\redis-windows\build_work\redis\build\patched\src\quicklist.c(650,74): warning C4267: 'function': conversion from 'size_t' to 'uint32_t', possible loss of data [C:\Users\samue\repos\redis-windows\build_work\redis\build\src\redis-server.vcxproj]
C:\Users\samue\repos\redis-windows\build_work\redis\build\patched\src\quicklist.c(655,49): warning C4267: 'function': conversion from 'size_t' to 'uint32_t', possible loss of data [C:\Users\samue\repos\redis-windows\build_work\redis\build\src\redis-server.vcxproj]
C:\Users\samue\repos\redis-windows\build_work\redis\build\patched\src\quicklist.c(821,9): warning C4267: 'function': conversion from 'size_t' to 'uint32_t', possible loss of data [C:\Users\samue\repos\redis-windows\build_work\redis\build\src\redis-server.vcxproj]
C:\Users\samue\repos\redis-windows\build_work\redis\build\patched\src\quicklist.c(1080,54): warning C4267: 'function': conversion from 'size_t' to 'uint32_t', possible loss of data [C:\Users\samue\repos\redis-windows\build_work\redis\build\src\redis-server.vcxproj]
C:\Users\samue\repos\redis-windows\build_work\redis\build\patched\src\quicklist.c(1105,59): warning C4146: unary minus operator applied to unsigned type, result still unsigned [C:\Users\samue\repos\redis-windows\build_work\redis\build\src\redis-server.vcxproj]
C:\Users\samue\repos\redis-windows\build_work\redis\build\patched\src\quicklist.c(1132,58): warning C4267: 'function': conversion from 'size_t' to 'uint32_t', possible loss of data [C:\Users\samue\repos\redis-windows\build_work\redis\build\src\redis-server.vcxproj]
C:\Users\samue\repos\redis-windows\build_work\redis\build\patched\src\quicklist.c(1141,58): warning C4267: 'function': conversion from 'size_t' to 'uint32_t', possible loss of data [C:\Users\samue\repos\redis-windows\build_work\redis\build\src\redis-server.vcxproj]
C:\Users\samue\repos\redis-windows\build_work\redis\build\patched\src\quicklist.c(1153,61): warning C4267: 'function': conversion from 'size_t' to 'uint32_t', possible loss of data [C:\Users\samue\repos\redis-windows\build_work\redis\build\src\redis-server.vcxproj]
C:\Users\samue\repos\redis-windows\build_work\redis\build\patched\src\quicklist.c(1166,60): warning C4267: 'function': conversion from 'size_t' to 'uint32_t', possible loss of data [C:\Users\samue\repos\redis-windows\build_work\redis\build\src\redis-server.vcxproj]
C:\Users\samue\repos\redis-windows\build_work\redis\build\patched\src\quicklist.c(1179,54): warning C4267: 'function': conversion from 'size_t' to 'uint32_t', possible loss of data [C:\Users\samue\repos\redis-windows\build_work\redis\build\src\redis-server.vcxproj]
C:\Users\samue\repos\redis-windows\build_work\redis\build\patched\src\quicklist.c(1191,65): warning C4267: 'function': conversion from 'size_t' to 'uint32_t', possible loss of data [C:\Users\samue\repos\redis-windows\build_work\redis\build\src\redis-server.vcxproj]
C:\Users\samue\repos\redis-windows\build_work\redis\build\patched\src\quicklist.c(1193,64): warning C4267: 'function': conversion from 'size_t' to 'uint32_t', possible loss of data [C:\Users\samue\repos\redis-windows\build_work\redis\build\src\redis-server.vcxproj]
C:\Users\samue\repos\redis-windows\build_work\redis\build\patched\src\quicklist.c(1427,30): warning C4244: '=': conversion from 'unsigned __int64' to 'long', possible loss of data [C:\Users\samue\repos\redis-windows\build_work\redis\build\src\redis-server.vcxproj]
C:\Users\samue\repos\redis-windows\build_work\redis\build\patched\src\quicklist.c(1431,25): warning C4146: unary minus operator applied to unsigned type, result still unsigned [C:\Users\samue\repos\redis-windows\build_work\redis\build\src\redis-server.vcxproj]
C:\Users\samue\repos\redis-windows\build_work\redis\build\patched\src\quicklist.c(1431,37): warning C4244: '=': conversion from 'unsigned __int64' to 'long', possible loss of data [C:\Users\samue\repos\redis-windows\build_work\redis\build\src\redis-server.vcxproj]
C:\Users\samue\repos\redis-windows\build_work\redis\build\patched\src\quicklist.c(1878,20): warning C4244: 'initializing': conversion from '__int64' to 'int', possible loss of data [C:\Users\samue\repos\redis-windows\build_work\redis\build\src\redis-server.vcxproj]
C:\Users\samue\repos\redis-windows\build_work\redis\build\patched\src\quicklist.c(1972,45): warning C4267: 'initializing': conversion from 'size_t' to 'int', possible loss of data [C:\Users\samue\repos\redis-windows\build_work\redis\build\src\redis-server.vcxproj]
C:\Users\samue\repos\redis-windows\build_work\redis\build\patched\src\quicklist.c(2543,23): warning C4267: '=': conversion from 'size_t' to 'int', possible loss of data [C:\Users\samue\repos\redis-windows\build_work\redis\build\src\redis-server.vcxproj]
C:\Users\samue\repos\redis-windows\build_work\redis\build\patched\src\quicklist.c(2571,23): warning C4267: '=': conversion from 'size_t' to 'int', possible loss of data [C:\Users\samue\repos\redis-windows\build_work\redis\build\src\redis-server.vcxproj]
C:\Users\samue\repos\redis-windows\build_work\redis\build\patched\src\quicklist.c(3598,56): warning C4267: 'function': conversion from 'size_t' to 'uint32_t', possible loss of data [C:\Users\samue\repos\redis-windows\build_work\redis\build\src\redis-server.vcxproj]
C:\Users\samue\repos\redis-windows\build_work\redis\build\patched\src\quicklist.c(2402,28): warning C4267: 'initializing': conversion from 'size_t' to 'int', possible loss of data [C:\Users\samue\repos\redis-windows\build_work\redis\build\src\redis-server.vcxproj]
C:\Users\samue\repos\redis-windows\build_work\redis\build\patched\src\quicklist.c(2439,32): warning C4267: 'initializing': conversion from 'size_t' to 'int', possible loss of data [C:\Users\samue\repos\redis-windows\build_work\redis\build\src\redis-server.vcxproj]
C:\Users\samue\repos\redis-windows\build_work\redis\build\patched\src\quicklist.c(2463,36): warning C4267: 'initializing': conversion from 'size_t' to 'int', possible loss of data [C:\Users\samue\repos\redis-windows\build_work\redis\build\src\redis-server.vcxproj]
  ae.c
C:\Users\samue\repos\redis-windows\build_work\redis\build\msvc_compat.h(156,9): warning C4028: formal parameter 1 different from declaration [C:\Users\samue\repos\redis-windows\build_work\redis\build\src\redis-server.vcxproj]
  (compiling source file '../patched/src/ae.c')
  
C:\Users\samue\repos\redis-windows\build_work\redis\build\msvc_compat.h(157,9): warning C4028: formal parameter 1 different from declaration [C:\Users\samue\repos\redis-windows\build_work\redis\build\src\redis-server.vcxproj]
  (compiling source file '../patched/src/ae.c')
  
C:\Users\samue\repos\redis-windows\build_work\redis\build\msvc_compat.h(164,5): warning C4028: formal parameter 1 different from declaration [C:\Users\samue\repos\redis-windows\build_work\redis\build\src\redis-server.vcxproj]
  (compiling source file '../patched/src/ae.c')
  
C:\Users\samue\repos\redis-windows\build_work\redis\build\patched\src\ae.c(391,42): warning C4244: '=': conversion from 'int64_t' to 'long', possible loss of data [C:\Users\samue\repos\redis-windows\build_work\redis\build\src\redis-server.vcxproj]
C:\Users\samue\repos\redis-windows\build_work\redis\build\patched\src\ae.c(481,33): warning C4244: 'function': conversion from '__int64' to 'int', possible loss of data [C:\Users\samue\repos\redis-windows\build_work\redis\build\src\redis-server.vcxproj]
  anet.c
C:\Users\samue\repos\redis-windows\build_work\redis\build\msvc_compat.h(156,9): warning C4028: formal parameter 1 different from declaration [C:\Users\samue\repos\redis-windows\build_work\redis\build\src\redis-server.vcxproj]
  (compiling source file '../patched/src/anet.c')
  
C:\Users\samue\repos\redis-windows\build_work\redis\build\msvc_compat.h(157,9): warning C4028: formal parameter 1 different from declaration [C:\Users\samue\repos\redis-windows\build_work\redis\build\src\redis-server.vcxproj]
  (compiling source file '../patched/src/anet.c')
  
C:\Users\samue\repos\redis-windows\build_work\redis\build\msvc_compat.h(164,5): warning C4028: formal parameter 1 different from declaration [C:\Users\samue\repos\redis-windows\build_work\redis\build\src\redis-server.vcxproj]
  (compiling source file '../patched/src/anet.c')
  
C:\Users\samue\repos\redis-windows\build_work\redis\build\patched\src\sds.h(146,34): warning C4267: '=': conversion from 'size_t' to 'unsigned char', possible loss of data [C:\Users\samue\repos\redis-windows\build_work\redis\build\src\redis-server.vcxproj]
  (compiling source file '../patched/src/anet.c')
  
C:\Users\samue\repos\redis-windows\build_work\redis\build\patched\src\sds.h(150,33): warning C4267: '=': conversion from 'size_t' to 'uint8_t', possible loss of data [C:\Users\samue\repos\redis-windows\build_work\redis\build\src\redis-server.vcxproj]
  (compiling source file '../patched/src/anet.c')
  
C:\Users\samue\repos\redis-windows\build_work\redis\build\patched\src\sds.h(153,34): warning C4267: '=': conversion from 'size_t' to 'uint16_t', possible loss of data [C:\Users\samue\repos\redis-windows\build_work\redis\build\src\redis-server.vcxproj]
  (compiling source file '../patched/src/anet.c')
  
C:\Users\samue\repos\redis-windows\build_work\redis\build\patched\src\sds.h(156,34): warning C4267: '=': conversion from 'size_t' to 'uint32_t', possible loss of data [C:\Users\samue\repos\redis-windows\build_work\redis\build\src\redis-server.vcxproj]
  (compiling source file '../patched/src/anet.c')
  
C:\Users\samue\repos\redis-windows\build_work\redis\build\patched\src\sds.h(174,34): warning C4267: '+=': conversion from 'size_t' to 'uint8_t', possible loss of data [C:\Users\samue\repos\redis-windows\build_work\redis\build\src\redis-server.vcxproj]
  (compiling source file '../patched/src/anet.c')
  
C:\Users\samue\repos\redis-windows\build_work\redis\build\patched\src\sds.h(177,35): warning C4267: '+=': conversion from 'size_t' to 'uint16_t', possible loss of data [C:\Users\samue\repos\redis-windows\build_work\redis\build\src\redis-server.vcxproj]
  (compiling source file '../patched/src/anet.c')
  
C:\Users\samue\repos\redis-windows\build_work\redis\build\patched\src\sds.h(180,35): warning C4267: '+=': conversion from 'size_t' to 'uint32_t', possible loss of data [C:\Users\samue\repos\redis-windows\build_work\redis\build\src\redis-server.vcxproj]
  (compiling source file '../patched/src/anet.c')
  
C:\Users\samue\repos\redis-windows\build_work\redis\build\patched\src\sds.h(169,57): warning C4267: 'initializing': conversion from 'size_t' to 'unsigned char', possible loss of data [C:\Users\samue\repos\redis-windows\build_work\redis\build\src\redis-server.vcxproj]
  (compiling source file '../patched/src/anet.c')
  
C:\Users\samue\repos\redis-windows\build_work\redis\build\patched\src\sds.h(234,50): warning C4267: '=': conversion from 'size_t' to 'uint8_t', possible loss of data [C:\Users\samue\repos\redis-windows\build_work\redis\build\src\redis-server.vcxproj]
  (compiling source file '../patched/src/anet.c')
  
C:\Users\samue\repos\redis-windows\build_work\redis\build\patched\src\sds.h(237,53): warning C4267: '=': conversion from 'size_t' to 'uint16_t', possible loss of data [C:\Users\samue\repos\redis-windows\build_work\redis\build\src\redis-server.vcxproj]
  (compiling source file '../patched/src/anet.c')
  
C:\Users\samue\repos\redis-windows\build_work\redis\build\patched\src\sds.h(240,36): warning C4267: '=': conversion from 'size_t' to 'uint32_t', possible loss of data [C:\Users\samue\repos\redis-windows\build_work\redis\build\src\redis-server.vcxproj]
  (compiling source file '../patched/src/anet.c')
  
C:\Users\samue\repos\redis-windows\build_work\redis\build\patched\src\anet.c(281,19): warning C4244: '=': conversion from '__int64' to 'long', possible loss of data [C:\Users\samue\repos\redis-windows\build_work\redis\build\src\redis-server.vcxproj]
C:\Users\samue\repos\redis-windows\build_work\redis\build\patched\src\anet.c(295,19): warning C4244: '=': conversion from '__int64' to 'long', possible loss of data [C:\Users\samue\repos\redis-windows\build_work\redis\build\src\redis-server.vcxproj]
C:\Users\samue\repos\redis-windows\build_work\redis\build\patched\src\anet.c(416,40): warning C4267: 'function': conversion from 'size_t' to 'posix_socklen_t', possible loss of data [C:\Users\samue\repos\redis-windows\build_work\redis\build\src\redis-server.vcxproj]
C:\Users\samue\repos\redis-windows\build_work\redis\build\patched\src\anet.c(427,35): warning C4267: 'function': conversion from 'size_t' to 'posix_socklen_t', possible loss of data [C:\Users\samue\repos\redis-windows\build_work\redis\build\src\redis-server.vcxproj]
C:\Users\samue\repos\redis-windows\build_work\redis\build\patched\src\anet.c(555,42): warning C4267: 'function': conversion from 'size_t' to 'socklen_t', possible loss of data [C:\Users\samue\repos\redis-windows\build_work\redis\build\src\redis-server.vcxproj]
  dict.c
C:\Users\samue\repos\redis-windows\build_work\redis\build\msvc_compat.h(156,9): warning C4028: formal parameter 1 different from declaration [C:\Users\samue\repos\redis-windows\build_work\redis\build\src\redis-server.vcxproj]
  (compiling source file '../patched/src/dict.c')
  
C:\Users\samue\repos\redis-windows\build_work\redis\build\msvc_compat.h(157,9): warning C4028: formal parameter 1 different from declaration [C:\Users\samue\repos\redis-windows\build_work\redis\build\src\redis-server.vcxproj]
  (compiling source file '../patched/src/dict.c')
  
C:\Users\samue\repos\redis-windows\build_work\redis\build\msvc_compat.h(164,5): warning C4028: formal parameter 1 different from declaration [C:\Users\samue\repos\redis-windows\build_work\redis\build\src\redis-server.vcxproj]
  (compiling source file '../patched/src/dict.c')
  
C:\Users\samue\repos\redis-windows\build_work\redis\build\patched\src\sds.h(146,34): warning C4267: '=': conversion from 'size_t' to 'unsigned char', possible loss of data [C:\Users\samue\repos\redis-windows\build_work\redis\build\src\redis-server.vcxproj]
  (compiling source file '../patched/src/dict.c')
  
C:\Users\samue\repos\redis-windows\build_work\redis\build\patched\src\sds.h(150,33): warning C4267: '=': conversion from 'size_t' to 'uint8_t', possible loss of data [C:\Users\samue\repos\redis-windows\build_work\redis\build\src\redis-server.vcxproj]
  (compiling source file '../patched/src/dict.c')
  
C:\Users\samue\repos\redis-windows\build_work\redis\build\patched\src\sds.h(153,34): warning C4267: '=': conversion from 'size_t' to 'uint16_t', possible loss of data [C:\Users\samue\repos\redis-windows\build_work\redis\build\src\redis-server.vcxproj]
  (compiling source file '../patched/src/dict.c')
  
C:\Users\samue\repos\redis-windows\build_work\redis\build\patched\src\sds.h(156,34): warning C4267: '=': conversion from 'size_t' to 'uint32_t', possible loss of data [C:\Users\samue\repos\redis-windows\build_work\redis\build\src\redis-server.vcxproj]
  (compiling source file '../patched/src/dict.c')
  
C:\Users\samue\repos\redis-windows\build_work\redis\build\patched\src\sds.h(174,34): warning C4267: '+=': conversion from 'size_t' to 'uint8_t', possible loss of data [C:\Users\samue\repos\redis-windows\build_work\redis\build\src\redis-server.vcxproj]
  (compiling source file '../patched/src/dict.c')
  
C:\Users\samue\repos\redis-windows\build_work\redis\build\patched\src\sds.h(177,35): warning C4267: '+=': conversion from 'size_t' to 'uint16_t', possible loss of data [C:\Users\samue\repos\redis-windows\build_work\redis\build\src\redis-server.vcxproj]
  (compiling source file '../patched/src/dict.c')
  
C:\Users\samue\repos\redis-windows\build_work\redis\build\patched\src\sds.h(180,35): warning C4267: '+=': conversion from 'size_t' to 'uint32_t', possible loss of data [C:\Users\samue\repos\redis-windows\build_work\redis\build\src\redis-server.vcxproj]
  (compiling source file '../patched/src/dict.c')
  
C:\Users\samue\repos\redis-windows\build_work\redis\build\patched\src\sds.h(169,57): warning C4267: 'initializing': conversion from 'size_t' to 'unsigned char', possible loss of data [C:\Users\samue\repos\redis-windows\build_work\redis\build\src\redis-server.vcxproj]
  (compiling source file '../patched/src/dict.c')
  
C:\Users\samue\repos\redis-windows\build_work\redis\build\patched\src\sds.h(234,50): warning C4267: '=': conversion from 'size_t' to 'uint8_t', possible loss of data [C:\Users\samue\repos\redis-windows\build_work\redis\build\src\redis-server.vcxproj]
  (compiling source file '../patched/src/dict.c')
  
C:\Users\samue\repos\redis-windows\build_work\redis\build\patched\src\sds.h(237,53): warning C4267: '=': conversion from 'size_t' to 'uint16_t', possible loss of data [C:\Users\samue\repos\redis-windows\build_work\redis\build\src\redis-server.vcxproj]
  (compiling source file '../patched/src/dict.c')
  
C:\Users\samue\repos\redis-windows\build_work\redis\build\patched\src\sds.h(240,36): warning C4267: '=': conversion from 'size_t' to 'uint32_t', possible loss of data [C:\Users\samue\repos\redis-windows\build_work\redis\build\src\redis-server.vcxproj]
  (compiling source file '../patched/src/dict.c')
  
C:\Users\samue\repos\redis-windows\build_work\redis\build\patched\src\dict.c(957,32): warning C4244: '=': conversion from 'uint64_t' to 'int', possible loss of data [C:\Users\samue\repos\redis-windows\build_work\redis\build\src\redis-server.vcxproj]
C:\Users\samue\repos\redis-windows\build_work\redis\build\patched\src\dict.c(1105,19): warning C4311: 'type cast': pointer truncation from 'dictEntry **' to 'long' [C:\Users\samue\repos\redis-windows\build_work\redis\build\src\redis-server.vcxproj]
C:\Users\samue\repos\redis-windows\build_work\redis\build\patched\src\dict.c(1108,19): warning C4311: 'type cast': pointer truncation from 'dictEntry **' to 'long' [C:\Users\samue\repos\redis-windows\build_work\redis\build\src\redis-server.vcxproj]
C:\Users\samue\repos\redis-windows\build_work\redis\build\patched\src\dict.c(1631,21): warning C4267: 'function': conversion from 'size_t' to 'unsigned long', possible loss of data [C:\Users\samue\repos\redis-windows\build_work\redis\build\src\redis-server.vcxproj]
C:\Users\samue\repos\redis-windows\build_work\redis\build\patched\src\dict.c(1726,27): warning C4244: 'return': conversion from 'unsigned __int64' to 'signed char', possible loss of data [C:\Users\samue\repos\redis-windows\build_work\redis\build\src\redis-server.vcxproj]
C:\Users\samue\repos\redis-windows\build_work\redis\build\patched\src\dict.c(1936,10): warning C4267: '=': conversion from 'size_t' to 'int', possible loss of data [C:\Users\samue\repos\redis-windows\build_work\redis\build\src\redis-server.vcxproj]
C:\Users\samue\repos\redis-windows\build_work\redis\build\patched\src\dict.c(1937,10): warning C4267: '=': conversion from 'size_t' to 'int', possible loss of data [C:\Users\samue\repos\redis-windows\build_work\redis\build\src\redis-server.vcxproj]
C:\Users\samue\repos\redis-windows\build_work\redis\build\patched\src\dict.c(2027,54): warning C4312: 'type cast': conversion from 'long' to 'void *' of greater size [C:\Users\samue\repos\redis-windows\build_work\redis\build\src\redis-server.vcxproj]
C:\Users\samue\repos\redis-windows\build_work\redis\build\patched\src\dict.c(2041,54): warning C4312: 'type cast': conversion from 'long' to 'void *' of greater size [C:\Users\samue\repos\redis-windows\build_work\redis\build\src\redis-server.vcxproj]
C:\Users\samue\repos\redis-windows\build_work\redis\build\patched\src\dict.c(2050,66): warning C4312: 'type cast': conversion from 'unsigned long' to 'void *' of greater size [C:\Users\samue\repos\redis-windows\build_work\redis\build\src\redis-server.vcxproj]
C:\Users\samue\repos\redis-windows\build_work\redis\build\patched\src\dict.c(2102,54): warning C4312: 'type cast': conversion from 'long' to 'void *' of greater size [C:\Users\samue\repos\redis-windows\build_work\redis\build\src\redis-server.vcxproj]
C:\Users\samue\repos\redis-windows\build_work\redis\build\patched\src\dict.c(2167,50): warning C4312: 'type cast': conversion from 'long' to 'void *' of greater size [C:\Users\samue\repos\redis-windows\build_work\redis\build\src\redis-server.vcxproj]
C:\Users\samue\repos\redis-windows\build_work\redis\build\patched\src\dict.c(2248,32): warning C4312: 'type cast': conversion from 'long' to 'void *' of greater size [C:\Users\samue\repos\redis-windows\build_work\redis\build\src\redis-server.vcxproj]
C:\Users\samue\repos\redis-windows\build_work\redis\build\patched\src\dict.c(2303,38): warning C4312: 'type cast': conversion from 'long' to 'void *' of greater size [C:\Users\samue\repos\redis-windows\build_work\redis\build\src\redis-server.vcxproj]
  kvstore.c
C:\Users\samue\repos\redis-windows\build_work\redis\build\msvc_compat.h(156,9): warning C4028: formal parameter 1 different from declaration [C:\Users\samue\repos\redis-windows\build_work\redis\build\src\redis-server.vcxproj]
  (compiling source file '../patched/src/kvstore.c')
  
C:\Users\samue\repos\redis-windows\build_work\redis\build\msvc_compat.h(157,9): warning C4028: formal parameter 1 different from declaration [C:\Users\samue\repos\redis-windows\build_work\redis\build\src\redis-server.vcxproj]
  (compiling source file '../patched/src/kvstore.c')
  
C:\Users\samue\repos\redis-windows\build_work\redis\build\msvc_compat.h(164,5): warning C4028: formal parameter 1 different from declaration [C:\Users\samue\repos\redis-windows\build_work\redis\build\src\redis-server.vcxproj]
  (compiling source file '../patched/src/kvstore.c')
  
C:\Users\samue\repos\redis-windows\build_work\redis\build\patched\src\kvstore.c(228,24): warning C4334: '<<': result of 32-bit shift implicitly converted to 64 bits (was 64-bit shift intended?) [C:\Users\samue\repos\redis-windows\build_work\redis\build\src\redis-server.vcxproj]
C:\Users\samue\repos\redis-windows\build_work\redis\build\patched\src\kvstore.c(239,60): warning C4244: 'function': conversion from '__int64' to 'int', possible loss of data [C:\Users\samue\repos\redis-windows\build_work\redis\build\src\redis-server.vcxproj]
C:\Users\samue\repos\redis-windows\build_work\redis\build\patched\src\kvstore.c(299,19): warning C4244: 'return': conversion from 'unsigned __int64' to 'unsigned long', possible loss of data [C:\Users\samue\repos\redis-windows\build_work\redis\build\src\redis-server.vcxproj]
C:\Users\samue\repos\redis-windows\build_work\redis\build\patched\src\kvstore.c(359,31): warning C4244: 'function': conversion from 'unsigned __int64' to 'unsigned long', possible loss of data [C:\Users\samue\repos\redis-windows\build_work\redis\build\src\redis-server.vcxproj]
C:\Users\samue\repos\redis-windows\build_work\redis\build\patched\src\kvstore.c(392,52): warning C4244: 'function': conversion from 'uint64_t' to 'unsigned long', possible loss of data [C:\Users\samue\repos\redis-windows\build_work\redis\build\src\redis-server.vcxproj]
C:\Users\samue\repos\redis-windows\build_work\redis\build\patched\src\kvstore.c(392,77): warning C4244: 'function': conversion from 'uint64_t' to 'unsigned long', possible loss of data [C:\Users\samue\repos\redis-windows\build_work\redis\build\src\redis-server.vcxproj]
C:\Users\samue\repos\redis-windows\build_work\redis\build\patched\src\kvstore.c(553,15): warning C4244: 'return': conversion from '__int64' to 'int', possible loss of data [C:\Users\samue\repos\redis-windows\build_work\redis\build\src\redis-server.vcxproj]
C:\Users\samue\repos\redis-windows\build_work\redis\build\patched\src\kvstore.c(603,45): warning C4244: 'function': conversion from '__int64' to 'int', possible loss of data [C:\Users\samue\repos\redis-windows\build_work\redis\build\src\redis-server.vcxproj]
C:\Users\samue\repos\redis-windows\build_work\redis\build\patched\src\kvstore.c(615,65): warning C4244: 'function': conversion from '__int64' to 'int', possible loss of data [C:\Users\samue\repos\redis-windows\build_work\redis\build\src\redis-server.vcxproj]
C:\Users\samue\repos\redis-windows\build_work\redis\build\patched\src\kvstore.c(620,45): warning C4244: 'function': conversion from '__int64' to 'int', possible loss of data [C:\Users\samue\repos\redis-windows\build_work\redis\build\src\redis-server.vcxproj]
C:\Users\samue\repos\redis-windows\build_work\redis\build\patched\src\kvstore.c(624,76): warning C4244: 'function': conversion from '__int64' to 'int', possible loss of data [C:\Users\samue\repos\redis-windows\build_work\redis\build\src\redis-server.vcxproj]
C:\Users\samue\repos\redis-windows\build_work\redis\build\patched\src\kvstore.c(630,18): warning C4244: 'return': conversion from '__int64' to 'int', possible loss of data [C:\Users\samue\repos\redis-windows\build_work\redis\build\src\redis-server.vcxproj]
C:\Users\samue\repos\redis-windows\build_work\redis\build\patched\src\kvstore.c(655,20): warning C4244: '=': conversion from '__int64' to 'int', possible loss of data [C:\Users\samue\repos\redis-windows\build_work\redis\build\src\redis-server.vcxproj]
C:\Users\samue\repos\redis-windows\build_work\redis\build\patched\src\kvstore.c(733,43): warning C4244: 'function': conversion from '__int64' to 'int', possible loss of data [C:\Users\samue\repos\redis-windows\build_work\redis\build\src\redis-server.vcxproj]
C:\Users\samue\repos\redis-windows\build_work\redis\build\patched\src\kvstore.c(736,45): warning C4244: 'function': conversion from '__int64' to 'int', possible loss of data [C:\Users\samue\repos\redis-windows\build_work\redis\build\src\redis-server.vcxproj]
C:\Users\samue\repos\redis-windows\build_work\redis\build\patched\src\kvstore.c(744,49): warning C4244: 'function': conversion from '__int64' to 'int', possible loss of data [C:\Users\samue\repos\redis-windows\build_work\redis\build\src\redis-server.vcxproj]
  sds.c
C:\Users\samue\repos\redis-windows\build_work\redis\build\msvc_compat.h(156,9): warning C4028: formal parameter 1 different from declaration [C:\Users\samue\repos\redis-windows\build_work\redis\build\src\redis-server.vcxproj]
  (compiling source file '../patched/src/sds.c')
  
C:\Users\samue\repos\redis-windows\build_work\redis\build\msvc_compat.h(157,9): warning C4028: formal parameter 1 different from declaration [C:\Users\samue\repos\redis-windows\build_work\redis\build\src\redis-server.vcxproj]
  (compiling source file '../patched/src/sds.c')
  
C:\Users\samue\repos\redis-windows\build_work\redis\build\msvc_compat.h(164,5): warning C4028: formal parameter 1 different from declaration [C:\Users\samue\repos\redis-windows\build_work\redis\build\src\redis-server.vcxproj]
  (compiling source file '../patched/src/sds.c')
  
C:\Users\samue\repos\redis-windows\build_work\redis\build\patched\src\sds.h(146,34): warning C4267: '=': conversion from 'size_t' to 'unsigned char', possible loss of data [C:\Users\samue\repos\redis-windows\build_work\redis\build\src\redis-server.vcxproj]
  (compiling source file '../patched/src/sds.c')
  
C:\Users\samue\repos\redis-windows\build_work\redis\build\patched\src\sds.h(150,33): warning C4267: '=': conversion from 'size_t' to 'uint8_t', possible loss of data [C:\Users\samue\repos\redis-windows\build_work\redis\build\src\redis-server.vcxproj]
  (compiling source file '../patched/src/sds.c')
  
C:\Users\samue\repos\redis-windows\build_work\redis\build\patched\src\sds.h(153,34): warning C4267: '=': conversion from 'size_t' to 'uint16_t', possible loss of data [C:\Users\samue\repos\redis-windows\build_work\redis\build\src\redis-server.vcxproj]
  (compiling source file '../patched/src/sds.c')
  
C:\Users\samue\repos\redis-windows\build_work\redis\build\patched\src\sds.h(156,34): warning C4267: '=': conversion from 'size_t' to 'uint32_t', possible loss of data [C:\Users\samue\repos\redis-windows\build_work\redis\build\src\redis-server.vcxproj]
  (compiling source file '../patched/src/sds.c')
  
C:\Users\samue\repos\redis-windows\build_work\redis\build\patched\src\sds.h(174,34): warning C4267: '+=': conversion from 'size_t' to 'uint8_t', possible loss of data [C:\Users\samue\repos\redis-windows\build_work\redis\build\src\redis-server.vcxproj]
  (compiling source file '../patched/src/sds.c')
  
C:\Users\samue\repos\redis-windows\build_work\redis\build\patched\src\sds.h(177,35): warning C4267: '+=': conversion from 'size_t' to 'uint16_t', possible loss of data [C:\Users\samue\repos\redis-windows\build_work\redis\build\src\redis-server.vcxproj]
  (compiling source file '../patched/src/sds.c')
  
C:\Users\samue\repos\redis-windows\build_work\redis\build\patched\src\sds.h(180,35): warning C4267: '+=': conversion from 'size_t' to 'uint32_t', possible loss of data [C:\Users\samue\repos\redis-windows\build_work\redis\build\src\redis-server.vcxproj]
  (compiling source file '../patched/src/sds.c')
  
C:\Users\samue\repos\redis-windows\build_work\redis\build\patched\src\sds.h(169,57): warning C4267: 'initializing': conversion from 'size_t' to 'unsigned char', possible loss of data [C:\Users\samue\repos\redis-windows\build_work\redis\build\src\redis-server.vcxproj]
  (compiling source file '../patched/src/sds.c')
  
C:\Users\samue\repos\redis-windows\build_work\redis\build\patched\src\sds.h(234,50): warning C4267: '=': conversion from 'size_t' to 'uint8_t', possible loss of data [C:\Users\samue\repos\redis-windows\build_work\redis\build\src\redis-server.vcxproj]
  (compiling source file '../patched/src/sds.c')
  
C:\Users\samue\repos\redis-windows\build_work\redis\build\patched\src\sds.h(237,53): warning C4267: '=': conversion from 'size_t' to 'uint16_t', possible loss of data [C:\Users\samue\repos\redis-windows\build_work\redis\build\src\redis-server.vcxproj]
  (compiling source file '../patched/src/sds.c')
  
C:\Users\samue\repos\redis-windows\build_work\redis\build\patched\src\sds.h(240,36): warning C4267: '=': conversion from 'size_t' to 'uint32_t', possible loss of data [C:\Users\samue\repos\redis-windows\build_work\redis\build\src\redis-server.vcxproj]
  (compiling source file '../patched/src/sds.c')
  
C:\Users\samue\repos\redis-windows\build_work\redis\build\patched\src\sds.c(148,24): warning C4267: '=': conversion from 'size_t' to 'unsigned char', possible loss of data [C:\Users\samue\repos\redis-windows\build_work\redis\build\src\redis-server.vcxproj]
C:\Users\samue\repos\redis-windows\build_work\redis\build\patched\src\sds.c(153,23): warning C4267: '=': conversion from 'size_t' to 'uint8_t', possible loss of data [C:\Users\samue\repos\redis-windows\build_work\redis\build\src\redis-server.vcxproj]
C:\Users\samue\repos\redis-windows\build_work\redis\build\patched\src\sds.c(155,25): warning C4267: '=': conversion from 'size_t' to 'uint8_t', possible loss of data [C:\Users\samue\repos\redis-windows\build_work\redis\build\src\redis-server.vcxproj]
C:\Users\samue\repos\redis-windows\build_work\redis\build\patched\src\sds.c(161,23): warning C4267: '=': conversion from 'size_t' to 'uint16_t', possible loss of data [C:\Users\samue\repos\redis-windows\build_work\redis\build\src\redis-server.vcxproj]
C:\Users\samue\repos\redis-windows\build_work\redis\build\patched\src\sds.c(163,25): warning C4267: '=': conversion from 'size_t' to 'uint16_t', possible loss of data [C:\Users\samue\repos\redis-windows\build_work\redis\build\src\redis-server.vcxproj]
C:\Users\samue\repos\redis-windows\build_work\redis\build\patched\src\sds.c(169,23): warning C4267: '=': conversion from 'size_t' to 'uint32_t', possible loss of data [C:\Users\samue\repos\redis-windows\build_work\redis\build\src\redis-server.vcxproj]
C:\Users\samue\repos\redis-windows\build_work\redis\build\patched\src\sds.c(171,25): warning C4267: '=': conversion from 'size_t' to 'uint32_t', possible loss of data [C:\Users\samue\repos\redis-windows\build_work\redis\build\src\redis-server.vcxproj]
C:\Users\samue\repos\redis-windows\build_work\redis\build\patched\src\sds.c(478,30): warning C4244: '=': conversion from 'ssize_t' to 'unsigned char', possible loss of data [C:\Users\samue\repos\redis-windows\build_work\redis\build\src\redis-server.vcxproj]
C:\Users\samue\repos\redis-windows\build_work\redis\build\patched\src\sds.c(485,31): warning C4244: '+=': conversion from 'ssize_t' to 'uint8_t', possible loss of data [C:\Users\samue\repos\redis-windows\build_work\redis\build\src\redis-server.vcxproj]
C:\Users\samue\repos\redis-windows\build_work\redis\build\patched\src\sds.c(491,31): warning C4244: '+=': conversion from 'ssize_t' to 'uint16_t', possible loss of data [C:\Users\samue\repos\redis-windows\build_work\redis\build\src\redis-server.vcxproj]
C:\Users\samue\repos\redis-windows\build_work\redis\build\patched\src\sds.c(497,31): warning C4244: '+=': conversion from 'ssize_t' to 'uint32_t', possible loss of data [C:\Users\samue\repos\redis-windows\build_work\redis\build\src\redis-server.vcxproj]
C:\Users\samue\repos\redis-windows\build_work\redis\build\patched\src\sds.c(686,9): warning C4267: '=': conversion from 'size_t' to 'long', possible loss of data [C:\Users\samue\repos\redis-windows\build_work\redis\build\src\redis-server.vcxproj]
C:\Users\samue\repos\redis-windows\build_work\redis\build\patched\src\sds.c(713,22): warning C4267: '+=': conversion from 'size_t' to 'long', possible loss of data [C:\Users\samue\repos\redis-windows\build_work\redis\build\src\redis-server.vcxproj]
C:\Users\samue\repos\redis-windows\build_work\redis\build\patched\src\sds.c(729,26): warning C4267: '+=': conversion from 'size_t' to 'long', possible loss of data [C:\Users\samue\repos\redis-windows\build_work\redis\build\src\redis-server.vcxproj]
C:\Users\samue\repos\redis-windows\build_work\redis\build\patched\src\sds.c(746,26): warning C4267: '+=': conversion from 'size_t' to 'long', possible loss of data [C:\Users\samue\repos\redis-windows\build_work\redis\build\src\redis-server.vcxproj]
C:\Users\samue\repos\redis-windows\build_work\redis\build\patched\src\sds.c(1475,31): warning C4267: '=': conversion from 'size_t' to 'unsigned int', possible loss of data [C:\Users\samue\repos\redis-windows\build_work\redis\build\src\redis-server.vcxproj]
C:\Users\samue\repos\redis-windows\build_work\redis\build\patched\src\sds.c(1480,31): warning C4267: '=': conversion from 'size_t' to 'char', possible loss of data [C:\Users\samue\repos\redis-windows\build_work\redis\build\src\redis-server.vcxproj]
  zmalloc.c
C:\Users\samue\repos\redis-windows\build_work\redis\build\msvc_compat.h(156,9): warning C4028: formal parameter 1 different from declaration [C:\Users\samue\repos\redis-windows\build_work\redis\build\src\redis-server.vcxproj]
  (compiling source file '../patched/src/zmalloc.c')
  
C:\Users\samue\repos\redis-windows\build_work\redis\build\msvc_compat.h(157,9): warning C4028: formal parameter 1 different from declaration [C:\Users\samue\repos\redis-windows\build_work\redis\build\src\redis-server.vcxproj]
  (compiling source file '../patched/src/zmalloc.c')
  
C:\Users\samue\repos\redis-windows\build_work\redis\build\msvc_compat.h(164,5): warning C4028: formal parameter 1 different from declaration [C:\Users\samue\repos\redis-windows\build_work\redis\build\src\redis-server.vcxproj]
  (compiling source file '../patched/src/zmalloc.c')
  
C:\Users\samue\repos\redis-windows\build_work\redis\build\patched\src\zmalloc.c(130,9): warning C4267: '=': conversion from 'size_t' to 'long', possible loss of data [C:\Users\samue\repos\redis-windows\build_work\redis\build\src\redis-server.vcxproj]
  lzf_c.c
C:\Users\samue\repos\redis-windows\build_work\redis\build\msvc_compat.h(156,9): warning C4028: formal parameter 1 different from declaration [C:\Users\samue\repos\redis-windows\build_work\redis\build\src\redis-server.vcxproj]
  (compiling source file '../patched/src/lzf_c.c')
  
C:\Users\samue\repos\redis-windows\build_work\redis\build\msvc_compat.h(157,9): warning C4028: formal parameter 1 different from declaration [C:\Users\samue\repos\redis-windows\build_work\redis\build\src\redis-server.vcxproj]
  (compiling source file '../patched/src/lzf_c.c')
  
C:\Users\samue\repos\redis-windows\build_work\redis\build\msvc_compat.h(164,5): warning C4028: formal parameter 1 different from declaration [C:\Users\samue\repos\redis-windows\build_work\redis\build\src\redis-server.vcxproj]
  (compiling source file '../patched/src/lzf_c.c')
  
C:\Users\samue\repos\redis-windows\build_work\redis\build\patched\src\lzf_c.c(229,34): warning C4244: '=': conversion from 'unsigned __int64' to 'u8', possible loss of data [C:\Users\samue\repos\redis-windows\build_work\redis\build\src\redis-server.vcxproj]
C:\Users\samue\repos\redis-windows\build_work\redis\build\patched\src\lzf_c.c(233,34): warning C4244: '=': conversion from 'unsigned __int64' to 'u8', possible loss of data [C:\Users\samue\repos\redis-windows\build_work\redis\build\src\redis-server.vcxproj]
C:\Users\samue\repos\redis-windows\build_work\redis\build\patched\src\lzf_c.c(237,19): warning C4244: '=': conversion from 'unsigned __int64' to 'u8', possible loss of data [C:\Users\samue\repos\redis-windows\build_work\redis\build\src\redis-server.vcxproj]
  lzf_d.c
C:\Users\samue\repos\redis-windows\build_work\redis\build\msvc_compat.h(156,9): warning C4028: formal parameter 1 different from declaration [C:\Users\samue\repos\redis-windows\build_work\redis\build\src\redis-server.vcxproj]
  (compiling source file '../patched/src/lzf_d.c')
  
C:\Users\samue\repos\redis-windows\build_work\redis\build\msvc_compat.h(157,9): warning C4028: formal parameter 1 different from declaration [C:\Users\samue\repos\redis-windows\build_work\redis\build\src\redis-server.vcxproj]
  (compiling source file '../patched/src/lzf_d.c')
  
C:\Users\samue\repos\redis-windows\build_work\redis\build\msvc_compat.h(164,5): warning C4028: formal parameter 1 different from declaration [C:\Users\samue\repos\redis-windows\build_work\redis\build\src\redis-server.vcxproj]
  (compiling source file '../patched/src/lzf_d.c')
  
  pqsort.c
C:\Users\samue\repos\redis-windows\build_work\redis\build\msvc_compat.h(156,9): warning C4028: formal parameter 1 different from declaration [C:\Users\samue\repos\redis-windows\build_work\redis\build\src\redis-server.vcxproj]
  (compiling source file '../patched/src/pqsort.c')
  
C:\Users\samue\repos\redis-windows\build_work\redis\build\msvc_compat.h(157,9): warning C4028: formal parameter 1 different from declaration [C:\Users\samue\repos\redis-windows\build_work\redis\build\src\redis-server.vcxproj]
  (compiling source file '../patched/src/pqsort.c')
  
C:\Users\samue\repos\redis-windows\build_work\redis\build\msvc_compat.h(164,5): warning C4028: formal parameter 1 different from declaration [C:\Users\samue\repos\redis-windows\build_work\redis\build\src\redis-server.vcxproj]
  (compiling source file '../patched/src/pqsort.c')
  
  zipmap.c
C:\Users\samue\repos\redis-windows\build_work\redis\build\msvc_compat.h(156,9): warning C4028: formal parameter 1 different from declaration [C:\Users\samue\repos\redis-windows\build_work\redis\build\src\redis-server.vcxproj]
  (compiling source file '../patched/src/zipmap.c')
  
C:\Users\samue\repos\redis-windows\build_work\redis\build\msvc_compat.h(157,9): warning C4028: formal parameter 1 different from declaration [C:\Users\samue\repos\redis-windows\build_work\redis\build\src\redis-server.vcxproj]
  (compiling source file '../patched/src/zipmap.c')
  
C:\Users\samue\repos\redis-windows\build_work\redis\build\msvc_compat.h(164,5): warning C4028: formal parameter 1 different from declaration [C:\Users\samue\repos\redis-windows\build_work\redis\build\src\redis-server.vcxproj]
  (compiling source file '../patched/src/zipmap.c')
  
C:\Users\samue\repos\redis-windows\build_work\redis\build\patched\src\zipmap.c(222,23): warning C4244: '=': conversion from '__int64' to 'unsigned int', possible loss of data [C:\Users\samue\repos\redis-windows\build_work\redis\build\src\redis-server.vcxproj]
C:\Users\samue\repos\redis-windows\build_work\redis\build\patched\src\zipmap.c(242,19): warning C4244: '=': conversion from '__int64' to 'unsigned int', possible loss of data [C:\Users\samue\repos\redis-windows\build_work\redis\build\src\redis-server.vcxproj]
  sha1.c
C:\Users\samue\repos\redis-windows\build_work\redis\build\msvc_compat.h(156,9): warning C4028: formal parameter 1 different from declaration [C:\Users\samue\repos\redis-windows\build_work\redis\build\src\redis-server.vcxproj]
  (compiling source file '../patched/src/sha1.c')
  
C:\Users\samue\repos\redis-windows\build_work\redis\build\msvc_compat.h(157,9): warning C4028: formal parameter 1 different from declaration [C:\Users\samue\repos\redis-windows\build_work\redis\build\src\redis-server.vcxproj]
  (compiling source file '../patched/src/sha1.c')
  
C:\Users\samue\repos\redis-windows\build_work\redis\build\msvc_compat.h(164,5): warning C4028: formal parameter 1 different from declaration [C:\Users\samue\repos\redis-windows\build_work\redis\build\src\redis-server.vcxproj]
  (compiling source file '../patched/src/sha1.c')
  
  ziplist.c
C:\Users\samue\repos\redis-windows\build_work\redis\build\msvc_compat.h(156,9): warning C4028: formal parameter 1 different from declaration [C:\Users\samue\repos\redis-windows\build_work\redis\build\src\redis-server.vcxproj]
  (compiling source file '../patched/src/ziplist.c')
  
C:\Users\samue\repos\redis-windows\build_work\redis\build\msvc_compat.h(157,9): warning C4028: formal parameter 1 different from declaration [C:\Users\samue\repos\redis-windows\build_work\redis\build\src\redis-server.vcxproj]
  (compiling source file '../patched/src/ziplist.c')
  
C:\Users\samue\repos\redis-windows\build_work\redis\build\msvc_compat.h(164,5): warning C4028: formal parameter 1 different from declaration [C:\Users\samue\repos\redis-windows\build_work\redis\build\src\redis-server.vcxproj]
  (compiling source file '../patched/src/ziplist.c')
  
C:\Users\samue\repos\redis-windows\build_work\redis\build\patched\src\sds.h(146,34): warning C4267: '=': conversion from 'size_t' to 'unsigned char', possible loss of data [C:\Users\samue\repos\redis-windows\build_work\redis\build\src\redis-server.vcxproj]
  (compiling source file '../patched/src/ziplist.c')
  
C:\Users\samue\repos\redis-windows\build_work\redis\build\patched\src\sds.h(150,33): warning C4267: '=': conversion from 'size_t' to 'uint8_t', possible loss of data [C:\Users\samue\repos\redis-windows\build_work\redis\build\src\redis-server.vcxproj]
  (compiling source file '../patched/src/ziplist.c')
  
C:\Users\samue\repos\redis-windows\build_work\redis\build\patched\src\sds.h(153,34): warning C4267: '=': conversion from 'size_t' to 'uint16_t', possible loss of data [C:\Users\samue\repos\redis-windows\build_work\redis\build\src\redis-server.vcxproj]
  (compiling source file '../patched/src/ziplist.c')
  
C:\Users\samue\repos\redis-windows\build_work\redis\build\patched\src\sds.h(156,34): warning C4267: '=': conversion from 'size_t' to 'uint32_t', possible loss of data [C:\Users\samue\repos\redis-windows\build_work\redis\build\src\redis-server.vcxproj]
  (compiling source file '../patched/src/ziplist.c')
  
C:\Users\samue\repos\redis-windows\build_work\redis\build\patched\src\sds.h(174,34): warning C4267: '+=': conversion from 'size_t' to 'uint8_t', possible loss of data [C:\Users\samue\repos\redis-windows\build_work\redis\build\src\redis-server.vcxproj]
  (compiling source file '../patched/src/ziplist.c')
  
C:\Users\samue\repos\redis-windows\build_work\redis\build\patched\src\sds.h(177,35): warning C4267: '+=': conversion from 'size_t' to 'uint16_t', possible loss of data [C:\Users\samue\repos\redis-windows\build_work\redis\build\src\redis-server.vcxproj]
  (compiling source file '../patched/src/ziplist.c')
  
C:\Users\samue\repos\redis-windows\build_work\redis\build\patched\src\sds.h(180,35): warning C4267: '+=': conversion from 'size_t' to 'uint32_t', possible loss of data [C:\Users\samue\repos\redis-windows\build_work\redis\build\src\redis-server.vcxproj]
  (compiling source file '../patched/src/ziplist.c')
  
C:\Users\samue\repos\redis-windows\build_work\redis\build\patched\src\sds.h(169,57): warning C4267: 'initializing': conversion from 'size_t' to 'unsigned char', possible loss of data [C:\Users\samue\repos\redis-windows\build_work\redis\build\src\redis-server.vcxproj]
  (compiling source file '../patched/src/ziplist.c')
  
C:\Users\samue\repos\redis-windows\build_work\redis\build\patched\src\sds.h(234,50): warning C4267: '=': conversion from 'size_t' to 'uint8_t', possible loss of data [C:\Users\samue\repos\redis-windows\build_work\redis\build\src\redis-server.vcxproj]
  (compiling source file '../patched/src/ziplist.c')
  
C:\Users\samue\repos\redis-windows\build_work\redis\build\patched\src\sds.h(237,53): warning C4267: '=': conversion from 'size_t' to 'uint16_t', possible loss of data [C:\Users\samue\repos\redis-windows\build_work\redis\build\src\redis-server.vcxproj]
  (compiling source file '../patched/src/ziplist.c')
  
C:\Users\samue\repos\redis-windows\build_work\redis\build\patched\src\sds.h(240,36): warning C4267: '=': conversion from 'size_t' to 'uint32_t', possible loss of data [C:\Users\samue\repos\redis-windows\build_work\redis\build\src\redis-server.vcxproj]
  (compiling source file '../patched/src/ziplist.c')
  
C:\Users\samue\repos\redis-windows\build_work\redis\build\patched\src\ziplist.c(529,40): warning C4244: '=': conversion from '__int64' to 'unsigned char', possible loss of data [C:\Users\samue\repos\redis-windows\build_work\redis\build\src\redis-server.vcxproj]
C:\Users\samue\repos\redis-windows\build_work\redis\build\patched\src\ziplist.c(555,15): warning C4244: '=': conversion from 'int64_t' to 'int16_t', possible loss of data [C:\Users\samue\repos\redis-windows\build_work\redis\build\src\redis-server.vcxproj]
C:\Users\samue\repos\redis-windows\build_work\redis\build\patched\src\ziplist.c(559,32): warning C4244: '=': conversion from 'uint64_t' to 'int32_t', possible loss of data [C:\Users\samue\repos\redis-windows\build_work\redis\build\src\redis-server.vcxproj]
C:\Users\samue\repos\redis-windows\build_work\redis\build\patched\src\ziplist.c(563,15): warning C4244: '=': conversion from 'int64_t' to 'int32_t', possible loss of data [C:\Users\samue\repos\redis-windows\build_work\redis\build\src\redis-server.vcxproj]
C:\Users\samue\repos\redis-windows\build_work\redis\build\patched\src\ziplist.c(725,25): warning C4267: '=': conversion from 'size_t' to 'uint32_t', possible loss of data [C:\Users\samue\repos\redis-windows\build_work\redis\build\src\redis-server.vcxproj]
C:\Users\samue\repos\redis-windows\build_work\redis\build\patched\src\ziplist.c(764,49): warning C4267: 'function': conversion from 'size_t' to 'unsigned int', possible loss of data [C:\Users\samue\repos\redis-windows\build_work\redis\build\src\redis-server.vcxproj]
C:\Users\samue\repos\redis-windows\build_work\redis\build\patched\src\ziplist.c(778,44): warning C4267: 'function': conversion from 'size_t' to 'unsigned int', possible loss of data [C:\Users\samue\repos\redis-windows\build_work\redis\build\src\redis-server.vcxproj]
C:\Users\samue\repos\redis-windows\build_work\redis\build\patched\src\ziplist.c(782,49): warning C4267: 'function': conversion from 'size_t' to 'unsigned int', possible loss of data [C:\Users\samue\repos\redis-windows\build_work\redis\build\src\redis-server.vcxproj]
C:\Users\samue\repos\redis-windows\build_work\redis\build\patched\src\ziplist.c(793,53): warning C4267: 'function': conversion from 'size_t' to 'unsigned int', possible loss of data [C:\Users\samue\repos\redis-windows\build_work\redis\build\src\redis-server.vcxproj]
C:\Users\samue\repos\redis-windows\build_work\redis\build\patched\src\ziplist.c(809,17): warning C4267: '=': conversion from 'size_t' to 'uint32_t', possible loss of data [C:\Users\samue\repos\redis-windows\build_work\redis\build\src\redis-server.vcxproj]
C:\Users\samue\repos\redis-windows\build_work\redis\build\patched\src\ziplist.c(814,13): warning C4267: '=': conversion from 'size_t' to 'uint32_t', possible loss of data [C:\Users\samue\repos\redis-windows\build_work\redis\build\src\redis-server.vcxproj]
C:\Users\samue\repos\redis-windows\build_work\redis\build\patched\src\ziplist.c(836,40): warning C4267: 'function': conversion from 'size_t' to 'unsigned int', possible loss of data [C:\Users\samue\repos\redis-windows\build_work\redis\build\src\redis-server.vcxproj]
C:\Users\samue\repos\redis-windows\build_work\redis\build\patched\src\ziplist.c(839,54): warning C4267: 'function': conversion from 'size_t' to 'unsigned int', possible loss of data [C:\Users\samue\repos\redis-windows\build_work\redis\build\src\redis-server.vcxproj]
C:\Users\samue\repos\redis-windows\build_work\redis\build\patched\src\ziplist.c(863,15): warning C4244: '=': conversion from '__int64' to 'unsigned int', possible loss of data [C:\Users\samue\repos\redis-windows\build_work\redis\build\src\redis-server.vcxproj]
C:\Users\samue\repos\redis-windows\build_work\redis\build\patched\src\ziplist.c(900,36): warning C4244: '=': conversion from '__int64' to 'uint32_t', possible loss of data [C:\Users\samue\repos\redis-windows\build_work\redis\build\src\redis-server.vcxproj]
C:\Users\samue\repos\redis-windows\build_work\redis\build\patched\src\ziplist.c(910,9): warning C4146: unary minus operator applied to unsigned type, result still unsigned [C:\Users\samue\repos\redis-windows\build_work\redis\build\src\redis-server.vcxproj]
C:\Users\samue\repos\redis-windows\build_work\redis\build\patched\src\ziplist.c(964,57): warning C4267: 'function': conversion from 'size_t' to 'unsigned int', possible loss of data [C:\Users\samue\repos\redis-windows\build_work\redis\build\src\redis-server.vcxproj]
C:\Users\samue\repos\redis-windows\build_work\redis\build\patched\src\ziplist.c(983,51): warning C4267: 'function': conversion from 'size_t' to 'unsigned int', possible loss of data [C:\Users\samue\repos\redis-windows\build_work\redis\build\src\redis-server.vcxproj]
C:\Users\samue\repos\redis-windows\build_work\redis\build\patched\src\ziplist.c(985,46): warning C4267: 'function': conversion from 'size_t' to 'unsigned int', possible loss of data [C:\Users\samue\repos\redis-windows\build_work\redis\build\src\redis-server.vcxproj]
C:\Users\samue\repos\redis-windows\build_work\redis\build\patched\src\ziplist.c(989,13): warning C4267: '=': conversion from 'size_t' to 'uint32_t', possible loss of data [C:\Users\samue\repos\redis-windows\build_work\redis\build\src\redis-server.vcxproj]
C:\Users\samue\repos\redis-windows\build_work\redis\build\patched\src\ziplist.c(1001,35): warning C4244: '=': conversion from '__int64' to 'uint32_t', possible loss of data [C:\Users\samue\repos\redis-windows\build_work\redis\build\src\redis-server.vcxproj]
C:\Users\samue\repos\redis-windows\build_work\redis\build\patched\src\ziplist.c(1112,29): warning C4267: '=': conversion from 'size_t' to 'uint32_t', possible loss of data [C:\Users\samue\repos\redis-windows\build_work\redis\build\src\redis-server.vcxproj]
C:\Users\samue\repos\redis-windows\build_work\redis\build\patched\src\ziplist.c(1113,30): warning C4267: '=': conversion from 'size_t' to 'uint16_t', possible loss of data [C:\Users\samue\repos\redis-windows\build_work\redis\build\src\redis-server.vcxproj]
C:\Users\samue\repos\redis-windows\build_work\redis\build\patched\src\ziplist.c(1119,35): warning C4267: '=': conversion from 'size_t' to 'uint32_t', possible loss of data [C:\Users\samue\repos\redis-windows\build_work\redis\build\src\redis-server.vcxproj]
C:\Users\samue\repos\redis-windows\build_work\redis\build\patched\src\ziplist.c(1458,13): warning C4311: 'type cast': pointer truncation from 'unsigned char *' to 'unsigned long' [C:\Users\samue\repos\redis-windows\build_work\redis\build\src\redis-server.vcxproj]
C:\Users\samue\repos\redis-windows\build_work\redis\build\patched\src\ziplist.c(1710,47): warning C4267: 'function': conversion from 'size_t' to 'unsigned int', possible loss of data [C:\Users\samue\repos\redis-windows\build_work\redis\build\src\redis-server.vcxproj]
C:\Users\samue\repos\redis-windows\build_work\redis\build\patched\src\ziplist.c(1712,47): warning C4267: 'function': conversion from 'size_t' to 'unsigned int', possible loss of data [C:\Users\samue\repos\redis-windows\build_work\redis\build\src\redis-server.vcxproj]
C:\Users\samue\repos\redis-windows\build_work\redis\build\patched\src\ziplist.c(1714,47): warning C4267: 'function': conversion from 'size_t' to 'unsigned int', possible loss of data [C:\Users\samue\repos\redis-windows\build_work\redis\build\src\redis-server.vcxproj]
C:\Users\samue\repos\redis-windows\build_work\redis\build\patched\src\ziplist.c(1716,47): warning C4267: 'function': conversion from 'size_t' to 'unsigned int', possible loss of data [C:\Users\samue\repos\redis-windows\build_work\redis\build\src\redis-server.vcxproj]
C:\Users\samue\repos\redis-windows\build_work\redis\build\patched\src\ziplist.c(1718,47): warning C4267: 'function': conversion from 'size_t' to 'unsigned int', possible loss of data [C:\Users\samue\repos\redis-windows\build_work\redis\build\src\redis-server.vcxproj]
C:\Users\samue\repos\redis-windows\build_work\redis\build\patched\src\ziplist.c(1720,47): warning C4267: 'function': conversion from 'size_t' to 'unsigned int', possible loss of data [C:\Users\samue\repos\redis-windows\build_work\redis\build\src\redis-server.vcxproj]
C:\Users\samue\repos\redis-windows\build_work\redis\build\patched\src\ziplist.c(1827,41): warning C4267: 'function': conversion from 'size_t' to 'unsigned int', possible loss of data [C:\Users\samue\repos\redis-windows\build_work\redis\build\src\redis-server.vcxproj]
C:\Users\samue\repos\redis-windows\build_work\redis\build\patched\src\ziplist.c(1836,36): warning C4267: 'function': conversion from 'size_t' to 'unsigned int', possible loss of data [C:\Users\samue\repos\redis-windows\build_work\redis\build\src\redis-server.vcxproj]
C:\Users\samue\repos\redis-windows\build_work\redis\build\patched\src\ziplist.c(1840,85): warning C4267: 'function': conversion from 'size_t' to 'unsigned int', possible loss of data [C:\Users\samue\repos\redis-windows\build_work\redis\build\src\redis-server.vcxproj]
C:\Users\samue\repos\redis-windows\build_work\redis\build\patched\src\ziplist.c(1844,99): warning C4267: 'function': conversion from 'size_t' to 'unsigned int', possible loss of data [C:\Users\samue\repos\redis-windows\build_work\redis\build\src\redis-server.vcxproj]
C:\Users\samue\repos\redis-windows\build_work\redis\build\patched\src\ziplist.c(2174,48): warning C4267: 'function': conversion from 'size_t' to 'unsigned int', possible loss of data [C:\Users\samue\repos\redis-windows\build_work\redis\build\src\redis-server.vcxproj]
C:\Users\samue\repos\redis-windows\build_work\redis\build\patched\src\ziplist.c(2175,48): warning C4267: 'function': conversion from 'size_t' to 'unsigned int', possible loss of data [C:\Users\samue\repos\redis-windows\build_work\redis\build\src\redis-server.vcxproj]
C:\Users\samue\repos\redis-windows\build_work\redis\build\patched\src\ziplist.c(2196,30): warning C4267: 'function': conversion from 'size_t' to 'int', possible loss of data [C:\Users\samue\repos\redis-windows\build_work\redis\build\src\redis-server.vcxproj]
C:\Users\samue\repos\redis-windows\build_work\redis\build\patched\src\ziplist.c(2205,58): warning C4267: 'function': conversion from 'size_t' to 'unsigned int', possible loss of data [C:\Users\samue\repos\redis-windows\build_work\redis\build\src\redis-server.vcxproj]
C:\Users\samue\repos\redis-windows\build_work\redis\build\patched\src\ziplist.c(2621,53): warning C4267: 'function': conversion from 'size_t' to 'unsigned int', possible loss of data [C:\Users\samue\repos\redis-windows\build_work\redis\build\src\redis-server.vcxproj]
C:\Users\samue\repos\redis-windows\build_work\redis\build\patched\src\ziplist.c(2622,53): warning C4267: 'function': conversion from 'size_t' to 'unsigned int', possible loss of data [C:\Users\samue\repos\redis-windows\build_work\redis\build\src\redis-server.vcxproj]
C:\Users\samue\repos\redis-windows\build_work\redis\build\patched\src\ziplist.c(2628,55): warning C4267: 'function': conversion from 'size_t' to 'unsigned int', possible loss of data [C:\Users\samue\repos\redis-windows\build_work\redis\build\src\redis-server.vcxproj]
  release.c
C:\Users\samue\repos\redis-windows\build_work\redis\build\msvc_compat.h(156,9): warning C4028: formal parameter 1 different from declaration [C:\Users\samue\repos\redis-windows\build_work\redis\build\src\redis-server.vcxproj]
  (compiling source file '../patched/src/release.c')
  
C:\Users\samue\repos\redis-windows\build_work\redis\build\msvc_compat.h(157,9): warning C4028: formal parameter 1 different from declaration [C:\Users\samue\repos\redis-windows\build_work\redis\build\src\redis-server.vcxproj]
  (compiling source file '../patched/src/release.c')
  
C:\Users\samue\repos\redis-windows\build_work\redis\build\msvc_compat.h(164,5): warning C4028: formal parameter 1 different from declaration [C:\Users\samue\repos\redis-windows\build_work\redis\build\src\redis-server.vcxproj]
  (compiling source file '../patched/src/release.c')
  
  memory_prefetch.c
C:\Users\samue\repos\redis-windows\build_work\redis\build\msvc_compat.h(156,9): warning C4028: formal parameter 1 different from declaration [C:\Users\samue\repos\redis-windows\build_work\redis\build\src\redis-server.vcxproj]
  (compiling source file '../patched/src/memory_prefetch.c')
  
C:\Users\samue\repos\redis-windows\build_work\redis\build\msvc_compat.h(157,9): warning C4028: formal parameter 1 different from declaration [C:\Users\samue\repos\redis-windows\build_work\redis\build\src\redis-server.vcxproj]
  (compiling source file '../patched/src/memory_prefetch.c')
  
C:\Users\samue\repos\redis-windows\build_work\redis\build\msvc_compat.h(164,5): warning C4028: formal parameter 1 different from declaration [C:\Users\samue\repos\redis-windows\build_work\redis\build\src\redis-server.vcxproj]
  (compiling source file '../patched/src/memory_prefetch.c')
  
C:\Users\samue\repos\redis-windows\build_work\redis\build\patched\src\sds.h(146,34): warning C4267: '=': conversion from 'size_t' to 'unsigned char', possible loss of data [C:\Users\samue\repos\redis-windows\build_work\redis\build\src\redis-server.vcxproj]
  (compiling source file '../patched/src/memory_prefetch.c')
  
C:\Users\samue\repos\redis-windows\build_work\redis\build\patched\src\sds.h(150,33): warning C4267: '=': conversion from 'size_t' to 'uint8_t', possible loss of data [C:\Users\samue\repos\redis-windows\build_work\redis\build\src\redis-server.vcxproj]
  (compiling source file '../patched/src/memory_prefetch.c')
  
C:\Users\samue\repos\redis-windows\build_work\redis\build\patched\src\sds.h(153,34): warning C4267: '=': conversion from 'size_t' to 'uint16_t', possible loss of data [C:\Users\samue\repos\redis-windows\build_work\redis\build\src\redis-server.vcxproj]
  (compiling source file '../patched/src/memory_prefetch.c')
  
C:\Users\samue\repos\redis-windows\build_work\redis\build\patched\src\sds.h(156,34): warning C4267: '=': conversion from 'size_t' to 'uint32_t', possible loss of data [C:\Users\samue\repos\redis-windows\build_work\redis\build\src\redis-server.vcxproj]
  (compiling source file '../patched/src/memory_prefetch.c')
  
C:\Users\samue\repos\redis-windows\build_work\redis\build\patched\src\sds.h(174,34): warning C4267: '+=': conversion from 'size_t' to 'uint8_t', possible loss of data [C:\Users\samue\repos\redis-windows\build_work\redis\build\src\redis-server.vcxproj]
  (compiling source file '../patched/src/memory_prefetch.c')
  
C:\Users\samue\repos\redis-windows\build_work\redis\build\patched\src\sds.h(177,35): warning C4267: '+=': conversion from 'size_t' to 'uint16_t', possible loss of data [C:\Users\samue\repos\redis-windows\build_work\redis\build\src\redis-server.vcxproj]
  (compiling source file '../patched/src/memory_prefetch.c')
  
C:\Users\samue\repos\redis-windows\build_work\redis\build\patched\src\sds.h(180,35): warning C4267: '+=': conversion from 'size_t' to 'uint32_t', possible loss of data [C:\Users\samue\repos\redis-windows\build_work\redis\build\src\redis-server.vcxproj]
  (compiling source file '../patched/src/memory_prefetch.c')
  
C:\Users\samue\repos\redis-windows\build_work\redis\build\patched\src\sds.h(169,57): warning C4267: 'initializing': conversion from 'size_t' to 'unsigned char', possible loss of data [C:\Users\samue\repos\redis-windows\build_work\redis\build\src\redis-server.vcxproj]
  (compiling source file '../patched/src/memory_prefetch.c')
  
C:\Users\samue\repos\redis-windows\build_work\redis\build\patched\src\sds.h(234,50): warning C4267: '=': conversion from 'size_t' to 'uint8_t', possible loss of data [C:\Users\samue\repos\redis-windows\build_work\redis\build\src\redis-server.vcxproj]
  (compiling source file '../patched/src/memory_prefetch.c')
  
C:\Users\samue\repos\redis-windows\build_work\redis\build\patched\src\sds.h(237,53): warning C4267: '=': conversion from 'size_t' to 'uint16_t', possible loss of data [C:\Users\samue\repos\redis-windows\build_work\redis\build\src\redis-server.vcxproj]
  (compiling source file '../patched/src/memory_prefetch.c')
  
C:\Users\samue\repos\redis-windows\build_work\redis\build\patched\src\sds.h(240,36): warning C4267: '=': conversion from 'size_t' to 'uint32_t', possible loss of data [C:\Users\samue\repos\redis-windows\build_work\redis\build\src\redis-server.vcxproj]
  (compiling source file '../patched/src/memory_prefetch.c')
  
C:\Users\samue\repos\redis-windows\build_work\redis\build\patched\src\memory_prefetch.c(414,48): warning C4267: 'initializing': conversion from 'size_t' to 'int', possible loss of data [C:\Users\samue\repos\redis-windows\build_work\redis\build\src\redis-server.vcxproj]
  iothread.c
C:\Users\samue\repos\redis-windows\build_work\redis\build\msvc_compat.h(156,9): warning C4028: formal parameter 1 different from declaration [C:\Users\samue\repos\redis-windows\build_work\redis\build\src\redis-server.vcxproj]
  (compiling source file '../patched/src/iothread.c')
  
C:\Users\samue\repos\redis-windows\build_work\redis\build\msvc_compat.h(157,9): warning C4028: formal parameter 1 different from declaration [C:\Users\samue\repos\redis-windows\build_work\redis\build\src\redis-server.vcxproj]
  (compiling source file '../patched/src/iothread.c')
  
C:\Users\samue\repos\redis-windows\build_work\redis\build\msvc_compat.h(164,5): warning C4028: formal parameter 1 different from declaration [C:\Users\samue\repos\redis-windows\build_work\redis\build\src\redis-server.vcxproj]
  (compiling source file '../patched/src/iothread.c')
  
C:\Users\samue\repos\redis-windows\build_work\redis\build\patched\src\sds.h(146,34): warning C4267: '=': conversion from 'size_t' to 'unsigned char', possible loss of data [C:\Users\samue\repos\redis-windows\build_work\redis\build\src\redis-server.vcxproj]
  (compiling source file '../patched/src/iothread.c')
  
C:\Users\samue\repos\redis-windows\build_work\redis\build\patched\src\sds.h(150,33): warning C4267: '=': conversion from 'size_t' to 'uint8_t', possible loss of data [C:\Users\samue\repos\redis-windows\build_work\redis\build\src\redis-server.vcxproj]
  (compiling source file '../patched/src/iothread.c')
  
C:\Users\samue\repos\redis-windows\build_work\redis\build\patched\src\sds.h(153,34): warning C4267: '=': conversion from 'size_t' to 'uint16_t', possible loss of data [C:\Users\samue\repos\redis-windows\build_work\redis\build\src\redis-server.vcxproj]
  (compiling source file '../patched/src/iothread.c')
  
C:\Users\samue\repos\redis-windows\build_work\redis\build\patched\src\sds.h(156,34): warning C4267: '=': conversion from 'size_t' to 'uint32_t', possible loss of data [C:\Users\samue\repos\redis-windows\build_work\redis\build\src\redis-server.vcxproj]
  (compiling source file '../patched/src/iothread.c')
  
C:\Users\samue\repos\redis-windows\build_work\redis\build\patched\src\sds.h(174,34): warning C4267: '+=': conversion from 'size_t' to 'uint8_t', possible loss of data [C:\Users\samue\repos\redis-windows\build_work\redis\build\src\redis-server.vcxproj]
  (compiling source file '../patched/src/iothread.c')
  
C:\Users\samue\repos\redis-windows\build_work\redis\build\patched\src\sds.h(177,35): warning C4267: '+=': conversion from 'size_t' to 'uint16_t', possible loss of data [C:\Users\samue\repos\redis-windows\build_work\redis\build\src\redis-server.vcxproj]
  (compiling source file '../patched/src/iothread.c')
  
C:\Users\samue\repos\redis-windows\build_work\redis\build\patched\src\sds.h(180,35): warning C4267: '+=': conversion from 'size_t' to 'uint32_t', possible loss of data [C:\Users\samue\repos\redis-windows\build_work\redis\build\src\redis-server.vcxproj]
  (compiling source file '../patched/src/iothread.c')
  
C:\Users\samue\repos\redis-windows\build_work\redis\build\patched\src\sds.h(169,57): warning C4267: 'initializing': conversion from 'size_t' to 'unsigned char', possible loss of data [C:\Users\samue\repos\redis-windows\build_work\redis\build\src\redis-server.vcxproj]
  (compiling source file '../patched/src/iothread.c')
  
C:\Users\samue\repos\redis-windows\build_work\redis\build\patched\src\sds.h(234,50): warning C4267: '=': conversion from 'size_t' to 'uint8_t', possible loss of data [C:\Users\samue\repos\redis-windows\build_work\redis\build\src\redis-server.vcxproj]
  (compiling source file '../patched/src/iothread.c')
  
C:\Users\samue\repos\redis-windows\build_work\redis\build\patched\src\sds.h(237,53): warning C4267: '=': conversion from 'size_t' to 'uint16_t', possible loss of data [C:\Users\samue\repos\redis-windows\build_work\redis\build\src\redis-server.vcxproj]
  (compiling source file '../patched/src/iothread.c')
  
C:\Users\samue\repos\redis-windows\build_work\redis\build\patched\src\sds.h(240,36): warning C4267: '=': conversion from 'size_t' to 'uint32_t', possible loss of data [C:\Users\samue\repos\redis-windows\build_work\redis\build\src\redis-server.vcxproj]
  (compiling source file '../patched/src/iothread.c')
  
C:\Users\samue\repos\redis-windows\build_work\redis\build\patched\src\iothread.c(323,36): warning C4267: 'function': conversion from 'size_t' to 'int', possible loss of data [C:\Users\samue\repos\redis-windows\build_work\redis\build\src\redis-server.vcxproj]
C:\Users\samue\repos\redis-windows\build_work\redis\build\patched\src\iothread.c(663,12): warning C4267: 'return': conversion from 'size_t' to 'int', possible loss of data [C:\Users\samue\repos\redis-windows\build_work\redis\build\src\redis-server.vcxproj]
C:\Users\samue\repos\redis-windows\build_work\redis\build\patched\src\iothread.c(778,12): warning C4267: 'return': conversion from 'size_t' to 'int', possible loss of data [C:\Users\samue\repos\redis-windows\build_work\redis\build\src\redis-server.vcxproj]
C:\Users\samue\repos\redis-windows\build_work\redis\build\patched\src\iothread.c(954,17): warning C4311: 'type cast': pointer truncation from 'pthread_t' to 'unsigned long' [C:\Users\samue\repos\redis-windows\build_work\redis\build\src\redis-server.vcxproj]
C:\Users\samue\repos\redis-windows\build_work\redis\build\patched\src\iothread.c(958,17): warning C4311: 'type cast': pointer truncation from 'pthread_t' to 'unsigned long' [C:\Users\samue\repos\redis-windows\build_work\redis\build\src\redis-server.vcxproj]
  networking.c
C:\Users\samue\repos\redis-windows\build_work\redis\build\msvc_compat.h(156,9): warning C4028: formal parameter 1 different from declaration [C:\Users\samue\repos\redis-windows\build_work\redis\build\src\redis-server.vcxproj]
  (compiling source file '../patched/src/networking.c')
  
C:\Users\samue\repos\redis-windows\build_work\redis\build\msvc_compat.h(157,9): warning C4028: formal parameter 1 different from declaration [C:\Users\samue\repos\redis-windows\build_work\redis\build\src\redis-server.vcxproj]
  (compiling source file '../patched/src/networking.c')
  
C:\Users\samue\repos\redis-windows\build_work\redis\build\msvc_compat.h(164,5): warning C4028: formal parameter 1 different from declaration [C:\Users\samue\repos\redis-windows\build_work\redis\build\src\redis-server.vcxproj]
  (compiling source file '../patched/src/networking.c')
  
C:\Users\samue\repos\redis-windows\build_work\redis\build\patched\src\sds.h(146,34): warning C4267: '=': conversion from 'size_t' to 'unsigned char', possible loss of data [C:\Users\samue\repos\redis-windows\build_work\redis\build\src\redis-server.vcxproj]
  (compiling source file '../patched/src/networking.c')
  
C:\Users\samue\repos\redis-windows\build_work\redis\build\patched\src\sds.h(150,33): warning C4267: '=': conversion from 'size_t' to 'uint8_t', possible loss of data [C:\Users\samue\repos\redis-windows\build_work\redis\build\src\redis-server.vcxproj]
  (compiling source file '../patched/src/networking.c')
  
C:\Users\samue\repos\redis-windows\build_work\redis\build\patched\src\sds.h(153,34): warning C4267: '=': conversion from 'size_t' to 'uint16_t', possible loss of data [C:\Users\samue\repos\redis-windows\build_work\redis\build\src\redis-server.vcxproj]
  (compiling source file '../patched/src/networking.c')
  
C:\Users\samue\repos\redis-windows\build_work\redis\build\patched\src\sds.h(156,34): warning C4267: '=': conversion from 'size_t' to 'uint32_t', possible loss of data [C:\Users\samue\repos\redis-windows\build_work\redis\build\src\redis-server.vcxproj]
  (compiling source file '../patched/src/networking.c')
  
C:\Users\samue\repos\redis-windows\build_work\redis\build\patched\src\sds.h(174,34): warning C4267: '+=': conversion from 'size_t' to 'uint8_t', possible loss of data [C:\Users\samue\repos\redis-windows\build_work\redis\build\src\redis-server.vcxproj]
  (compiling source file '../patched/src/networking.c')
  
C:\Users\samue\repos\redis-windows\build_work\redis\build\patched\src\sds.h(177,35): warning C4267: '+=': conversion from 'size_t' to 'uint16_t', possible loss of data [C:\Users\samue\repos\redis-windows\build_work\redis\build\src\redis-server.vcxproj]
  (compiling source file '../patched/src/networking.c')
  
C:\Users\samue\repos\redis-windows\build_work\redis\build\patched\src\sds.h(180,35): warning C4267: '+=': conversion from 'size_t' to 'uint32_t', possible loss of data [C:\Users\samue\repos\redis-windows\build_work\redis\build\src\redis-server.vcxproj]
  (compiling source file '../patched/src/networking.c')
  
C:\Users\samue\repos\redis-windows\build_work\redis\build\patched\src\sds.h(169,57): warning C4267: 'initializing': conversion from 'size_t' to 'unsigned char', possible loss of data [C:\Users\samue\repos\redis-windows\build_work\redis\build\src\redis-server.vcxproj]
  (compiling source file '../patched/src/networking.c')
  
C:\Users\samue\repos\redis-windows\build_work\redis\build\patched\src\sds.h(234,50): warning C4267: '=': conversion from 'size_t' to 'uint8_t', possible loss of data [C:\Users\samue\repos\redis-windows\build_work\redis\build\src\redis-server.vcxproj]
  (compiling source file '../patched/src/networking.c')
  
C:\Users\samue\repos\redis-windows\build_work\redis\build\patched\src\sds.h(237,53): warning C4267: '=': conversion from 'size_t' to 'uint16_t', possible loss of data [C:\Users\samue\repos\redis-windows\build_work\redis\build\src\redis-server.vcxproj]
  (compiling source file '../patched/src/networking.c')
  
C:\Users\samue\repos\redis-windows\build_work\redis\build\patched\src\sds.h(240,36): warning C4267: '=': conversion from 'size_t' to 'uint32_t', possible loss of data [C:\Users\samue\repos\redis-windows\build_work\redis\build\src\redis-server.vcxproj]
  (compiling source file '../patched/src/networking.c')
  
C:\Users\samue\repos\redis-windows\build_work\redis\build\patched\src\networking.c(569,34): warning C4267: '=': conversion from 'size_t' to 'unsigned int', possible loss of data [C:\Users\samue\repos\redis-windows\build_work\redis\build\src\redis-server.vcxproj]
C:\Users\samue\repos\redis-windows\build_work\redis\build\patched\src\networking.c(606,48): warning C4311: 'type cast': pointer truncation from 'void *' to 'long' [C:\Users\samue\repos\redis-windows\build_work\redis\build\src\redis-server.vcxproj]
C:\Users\samue\repos\redis-windows\build_work\redis\build\patched\src\networking.c(1319,48): warning C4311: 'type cast': pointer truncation from 'void *' to 'long' [C:\Users\samue\repos\redis-windows\build_work\redis\build\src\redis-server.vcxproj]
C:\Users\samue\repos\redis-windows\build_work\redis\build\patched\src\networking.c(2625,37): warning C4267: 'initializing': conversion from 'size_t' to 'int', possible loss of data [C:\Users\samue\repos\redis-windows\build_work\redis\build\src\redis-server.vcxproj]
C:\Users\samue\repos\redis-windows\build_work\redis\build\patched\src\networking.c(3243,27): warning C4244: '=': conversion from '__int64' to 'int', possible loss of data [C:\Users\samue\repos\redis-windows\build_work\redis\build\src\redis-server.vcxproj]
C:\Users\samue\repos\redis-windows\build_work\redis\build\patched\src\networking.c(3350,26): warning C4244: '=': conversion from '__int64' to 'long', possible loss of data [C:\Users\samue\repos\redis-windows\build_work\redis\build\src\redis-server.vcxproj]
C:\Users\samue\repos\redis-windows\build_work\redis\build\patched\src\networking.c(4196,30): warning C4267: 'initializing': conversion from 'size_t' to 'int', possible loss of data [C:\Users\samue\repos\redis-windows\build_work\redis\build\src\redis-server.vcxproj]
C:\Users\samue\repos\redis-windows\build_work\redis\build\patched\src\networking.c(4212,30): warning C4267: 'initializing': conversion from 'size_t' to 'int', possible loss of data [C:\Users\samue\repos\redis-windows\build_work\redis\build\src\redis-server.vcxproj]
C:\Users\samue\repos\redis-windows\build_work\redis\build\patched\src\networking.c(4831,32): warning C4244: 'function': conversion from 'uint64_t' to 'long', possible loss of data [C:\Users\samue\repos\redis-windows\build_work\redis\build\src\redis-server.vcxproj]
C:\Users\samue\repos\redis-windows\build_work\redis\build\patched\src\networking.c(4928,24): warning C4244: '=': conversion from '__int64' to 'int', possible loss of data [C:\Users\samue\repos\redis-windows\build_work\redis\build\src\redis-server.vcxproj]
C:\Users\samue\repos\redis-windows\build_work\redis\build\patched\src\networking.c(5286,30): warning C4267: 'initializing': conversion from 'size_t' to 'unsigned long', possible loss of data [C:\Users\samue\repos\redis-windows\build_work\redis\build\src\redis-server.vcxproj]
  util.c
C:\Users\samue\repos\redis-windows\build_work\redis\build\msvc_compat.h(156,9): warning C4028: formal parameter 1 different from declaration [C:\Users\samue\repos\redis-windows\build_work\redis\build\src\redis-server.vcxproj]
  (compiling source file '../patched/src/util.c')
  
C:\Users\samue\repos\redis-windows\build_work\redis\build\msvc_compat.h(157,9): warning C4028: formal parameter 1 different from declaration [C:\Users\samue\repos\redis-windows\build_work\redis\build\src\redis-server.vcxproj]
  (compiling source file '../patched/src/util.c')
  
C:\Users\samue\repos\redis-windows\build_work\redis\build\msvc_compat.h(164,5): warning C4028: formal parameter 1 different from declaration [C:\Users\samue\repos\redis-windows\build_work\redis\build\src\redis-server.vcxproj]
  (compiling source file '../patched/src/util.c')
  
C:\Users\samue\repos\redis-windows\build_work\redis\build\patched\src\sds.h(146,34): warning C4267: '=': conversion from 'size_t' to 'unsigned char', possible loss of data [C:\Users\samue\repos\redis-windows\build_work\redis\build\src\redis-server.vcxproj]
  (compiling source file '../patched/src/util.c')
  
C:\Users\samue\repos\redis-windows\build_work\redis\build\patched\src\sds.h(150,33): warning C4267: '=': conversion from 'size_t' to 'uint8_t', possible loss of data [C:\Users\samue\repos\redis-windows\build_work\redis\build\src\redis-server.vcxproj]
  (compiling source file '../patched/src/util.c')
  
C:\Users\samue\repos\redis-windows\build_work\redis\build\patched\src\sds.h(153,34): warning C4267: '=': conversion from 'size_t' to 'uint16_t', possible loss of data [C:\Users\samue\repos\redis-windows\build_work\redis\build\src\redis-server.vcxproj]
  (compiling source file '../patched/src/util.c')
  
C:\Users\samue\repos\redis-windows\build_work\redis\build\patched\src\sds.h(156,34): warning C4267: '=': conversion from 'size_t' to 'uint32_t', possible loss of data [C:\Users\samue\repos\redis-windows\build_work\redis\build\src\redis-server.vcxproj]
  (compiling source file '../patched/src/util.c')
  
C:\Users\samue\repos\redis-windows\build_work\redis\build\patched\src\sds.h(174,34): warning C4267: '+=': conversion from 'size_t' to 'uint8_t', possible loss of data [C:\Users\samue\repos\redis-windows\build_work\redis\build\src\redis-server.vcxproj]
  (compiling source file '../patched/src/util.c')
  
C:\Users\samue\repos\redis-windows\build_work\redis\build\patched\src\sds.h(177,35): warning C4267: '+=': conversion from 'size_t' to 'uint16_t', possible loss of data [C:\Users\samue\repos\redis-windows\build_work\redis\build\src\redis-server.vcxproj]
  (compiling source file '../patched/src/util.c')
  
C:\Users\samue\repos\redis-windows\build_work\redis\build\patched\src\sds.h(180,35): warning C4267: '+=': conversion from 'size_t' to 'uint32_t', possible loss of data [C:\Users\samue\repos\redis-windows\build_work\redis\build\src\redis-server.vcxproj]
  (compiling source file '../patched/src/util.c')
  
C:\Users\samue\repos\redis-windows\build_work\redis\build\patched\src\sds.h(169,57): warning C4267: 'initializing': conversion from 'size_t' to 'unsigned char', possible loss of data [C:\Users\samue\repos\redis-windows\build_work\redis\build\src\redis-server.vcxproj]
  (compiling source file '../patched/src/util.c')
  
C:\Users\samue\repos\redis-windows\build_work\redis\build\patched\src\sds.h(234,50): warning C4267: '=': conversion from 'size_t' to 'uint8_t', possible loss of data [C:\Users\samue\repos\redis-windows\build_work\redis\build\src\redis-server.vcxproj]
  (compiling source file '../patched/src/util.c')
  
C:\Users\samue\repos\redis-windows\build_work\redis\build\patched\src\sds.h(237,53): warning C4267: '=': conversion from 'size_t' to 'uint16_t', possible loss of data [C:\Users\samue\repos\redis-windows\build_work\redis\build\src\redis-server.vcxproj]
  (compiling source file '../patched/src/util.c')
  
C:\Users\samue\repos\redis-windows\build_work\redis\build\patched\src\sds.h(240,36): warning C4267: '=': conversion from 'size_t' to 'uint32_t', possible loss of data [C:\Users\samue\repos\redis-windows\build_work\redis\build\src\redis-server.vcxproj]
  (compiling source file '../patched/src/util.c')
  
C:\Users\samue\repos\redis-windows\build_work\redis\build\patched\src\util.c(245,35): warning C4267: 'function': conversion from 'size_t' to 'int', possible loss of data [C:\Users\samue\repos\redis-windows\build_work\redis\build\src\redis-server.vcxproj]
C:\Users\samue\repos\redis-windows\build_work\redis\build\patched\src\util.c(245,58): warning C4267: 'function': conversion from 'size_t' to 'int', possible loss of data [C:\Users\samue\repos\redis-windows\build_work\redis\build\src\redis-server.vcxproj]
C:\Users\samue\repos\redis-windows\build_work\redis\build\patched\src\util.c(309,15): warning C4244: '=': conversion from '__int64' to 'unsigned int', possible loss of data [C:\Users\samue\repos\redis-windows\build_work\redis\build\src\redis-server.vcxproj]
C:\Users\samue\repos\redis-windows\build_work\redis\build\patched\src\util.c(541,37): warning C4146: unary minus operator applied to unsigned type, result still unsigned [C:\Users\samue\repos\redis-windows\build_work\redis\build\src\redis-server.vcxproj]
C:\Users\samue\repos\redis-windows\build_work\redis\build\patched\src\util.c(701,20): warning C4244: 'initializing': conversion from 'double' to '__int64', possible loss of data [C:\Users\samue\repos\redis-windows\build_work\redis\build\src\redis-server.vcxproj]
C:\Users\samue\repos\redis-windows\build_work\redis\build\patched\src\util.c(745,12): warning C4267: 'return': conversion from 'size_t' to 'int', possible loss of data [C:\Users\samue\repos\redis-windows\build_work\redis\build\src\redis-server.vcxproj]
C:\Users\samue\repos\redis-windows\build_work\redis\build\patched\src\util.c(870,12): warning C4267: 'return': conversion from 'size_t' to 'int', possible loss of data [C:\Users\samue\repos\redis-windows\build_work\redis\build\src\redis-server.vcxproj]
C:\Users\samue\repos\redis-windows\build_work\redis\build\patched\src\util.c(939,12): warning C4267: 'return': conversion from 'size_t' to 'int', possible loss of data [C:\Users\samue\repos\redis-windows\build_work\redis\build\src\redis-server.vcxproj]
C:\Users\samue\repos\redis-windows\build_work\redis\build\patched\src\util.c(971,58): warning C4311: 'type cast': pointer truncation from 'FILE *' to 'long' [C:\Users\samue\repos\redis-windows\build_work\redis\build\src\redis-server.vcxproj]
C:\Users\samue\repos\redis-windows\build_work\redis\build\patched\src\util.c(971,56): warning C4244: '=': conversion from 'long' to 'unsigned char', possible loss of data [C:\Users\samue\repos\redis-windows\build_work\redis\build\src\redis-server.vcxproj]
C:\Users\samue\repos\redis-windows\build_work\redis\build\patched\src\util.c(984,37): warning C4267: 'initializing': conversion from 'size_t' to 'unsigned int', possible loss of data [C:\Users\samue\repos\redis-windows\build_work\redis\build\src\redis-server.vcxproj]
C:\Users\samue\repos\redis-windows\build_work\redis\build\patched\src\util.c(1442,15): warning C4101: 'v': unreferenced local variable [C:\Users\samue\repos\redis-windows\build_work\redis\build\src\redis-server.vcxproj]
C:\Users\samue\repos\redis-windows\build_work\redis\build\patched\src\util.c(1497,10): warning C4101: 'v': unreferenced local variable [C:\Users\samue\repos\redis-windows\build_work\redis\build\src\redis-server.vcxproj]
C:\Users\samue\repos\redis-windows\build_work\redis\build\patched\src\util.c(1546,12): warning C4101: 'v': unreferenced local variable [C:\Users\samue\repos\redis-windows\build_work\redis\build\src\redis-server.vcxproj]
C:\Users\samue\repos\redis-windows\build_work\redis\build\patched\src\util.c(1626,9): warning C4146: unary minus operator applied to unsigned type, result still unsigned [C:\Users\samue\repos\redis-windows\build_work\redis\build\src\redis-server.vcxproj]
  Compiling...
  object.c
C:\Users\samue\repos\redis-windows\build_work\redis\build\msvc_compat.h(156,9): warning C4028: formal parameter 1 different from declaration [C:\Users\samue\repos\redis-windows\build_work\redis\build\src\redis-server.vcxproj]
  (compiling source file '../patched/src/object.c')
  
C:\Users\samue\repos\redis-windows\build_work\redis\build\msvc_compat.h(157,9): warning C4028: formal parameter 1 different from declaration [C:\Users\samue\repos\redis-windows\build_work\redis\build\src\redis-server.vcxproj]
  (compiling source file '../patched/src/object.c')
  
C:\Users\samue\repos\redis-windows\build_work\redis\build\msvc_compat.h(164,5): warning C4028: formal parameter 1 different from declaration [C:\Users\samue\repos\redis-windows\build_work\redis\build\src\redis-server.vcxproj]
  (compiling source file '../patched/src/object.c')
  
C:\Users\samue\repos\redis-windows\build_work\redis\build\patched\src\sds.h(146,34): warning C4267: '=': conversion from 'size_t' to 'unsigned char', possible loss of data [C:\Users\samue\repos\redis-windows\build_work\redis\build\src\redis-server.vcxproj]
  (compiling source file '../patched/src/object.c')
  
C:\Users\samue\repos\redis-windows\build_work\redis\build\patched\src\sds.h(150,33): warning C4267: '=': conversion from 'size_t' to 'uint8_t', possible loss of data [C:\Users\samue\repos\redis-windows\build_work\redis\build\src\redis-server.vcxproj]
  (compiling source file '../patched/src/object.c')
  
C:\Users\samue\repos\redis-windows\build_work\redis\build\patched\src\sds.h(153,34): warning C4267: '=': conversion from 'size_t' to 'uint16_t', possible loss of data [C:\Users\samue\repos\redis-windows\build_work\redis\build\src\redis-server.vcxproj]
  (compiling source file '../patched/src/object.c')
  
C:\Users\samue\repos\redis-windows\build_work\redis\build\patched\src\sds.h(156,34): warning C4267: '=': conversion from 'size_t' to 'uint32_t', possible loss of data [C:\Users\samue\repos\redis-windows\build_work\redis\build\src\redis-server.vcxproj]
  (compiling source file '../patched/src/object.c')
  
C:\Users\samue\repos\redis-windows\build_work\redis\build\patched\src\sds.h(174,34): warning C4267: '+=': conversion from 'size_t' to 'uint8_t', possible loss of data [C:\Users\samue\repos\redis-windows\build_work\redis\build\src\redis-server.vcxproj]
  (compiling source file '../patched/src/object.c')
  
C:\Users\samue\repos\redis-windows\build_work\redis\build\patched\src\sds.h(177,35): warning C4267: '+=': conversion from 'size_t' to 'uint16_t', possible loss of data [C:\Users\samue\repos\redis-windows\build_work\redis\build\src\redis-server.vcxproj]
  (compiling source file '../patched/src/object.c')
  
C:\Users\samue\repos\redis-windows\build_work\redis\build\patched\src\sds.h(180,35): warning C4267: '+=': conversion from 'size_t' to 'uint32_t', possible loss of data [C:\Users\samue\repos\redis-windows\build_work\redis\build\src\redis-server.vcxproj]
  (compiling source file '../patched/src/object.c')
  
C:\Users\samue\repos\redis-windows\build_work\redis\build\patched\src\sds.h(169,57): warning C4267: 'initializing': conversion from 'size_t' to 'unsigned char', possible loss of data [C:\Users\samue\repos\redis-windows\build_work\redis\build\src\redis-server.vcxproj]
  (compiling source file '../patched/src/object.c')
  
C:\Users\samue\repos\redis-windows\build_work\redis\build\patched\src\sds.h(234,50): warning C4267: '=': conversion from 'size_t' to 'uint8_t', possible loss of data [C:\Users\samue\repos\redis-windows\build_work\redis\build\src\redis-server.vcxproj]
  (compiling source file '../patched/src/object.c')
  
C:\Users\samue\repos\redis-windows\build_work\redis\build\patched\src\sds.h(237,53): warning C4267: '=': conversion from 'size_t' to 'uint16_t', possible loss of data [C:\Users\samue\repos\redis-windows\build_work\redis\build\src\redis-server.vcxproj]
  (compiling source file '../patched/src/object.c')
  
C:\Users\samue\repos\redis-windows\build_work\redis\build\patched\src\sds.h(240,36): warning C4267: '=': conversion from 'size_t' to 'uint32_t', possible loss of data [C:\Users\samue\repos\redis-windows\build_work\redis\build\src\redis-server.vcxproj]
  (compiling source file '../patched/src/object.c')
  
C:\Users\samue\repos\redis-windows\build_work\redis\build\patched\src\object.c(373,22): warning C4312: 'type cast': conversion from 'long' to 'void *' of greater size [C:\Users\samue\repos\redis-windows\build_work\redis\build\src\redis-server.vcxproj]
C:\Users\samue\repos\redis-windows\build_work\redis\build\patched\src\object.c(900,29): warning C4311: 'type cast': pointer truncation from 'void *' to 'long' [C:\Users\samue\repos\redis-windows\build_work\redis\build\src\redis-server.vcxproj]
C:\Users\samue\repos\redis-windows\build_work\redis\build\patched\src\object.c(956,22): warning C4312: 'type cast': conversion from 'long' to 'void *' of greater size [C:\Users\samue\repos\redis-windows\build_work\redis\build\src\redis-server.vcxproj]
C:\Users\samue\repos\redis-windows\build_work\redis\build\patched\src\object.c(1018,26): warning C4311: 'type cast': pointer truncation from 'void *' to 'long' [C:\Users\samue\repos\redis-windows\build_work\redis\build\src\redis-server.vcxproj]
C:\Users\samue\repos\redis-windows\build_work\redis\build\patched\src\object.c(1047,44): warning C4311: 'type cast': pointer truncation from 'void *const ' to 'long' [C:\Users\samue\repos\redis-windows\build_work\redis\build\src\redis-server.vcxproj]
C:\Users\samue\repos\redis-windows\build_work\redis\build\patched\src\object.c(1054,44): warning C4311: 'type cast': pointer truncation from 'void *const ' to 'long' [C:\Users\samue\repos\redis-windows\build_work\redis\build\src\redis-server.vcxproj]
C:\Users\samue\repos\redis-windows\build_work\redis\build\patched\src\object.c(1064,34): warning C4267: 'return': conversion from 'size_t' to 'int', possible loss of data [C:\Users\samue\repos\redis-windows\build_work\redis\build\src\redis-server.vcxproj]
C:\Users\samue\repos\redis-windows\build_work\redis\build\patched\src\object.c(1104,26): warning C4311: 'type cast': pointer truncation from 'void *' to 'long' [C:\Users\samue\repos\redis-windows\build_work\redis\build\src\redis-server.vcxproj]
C:\Users\samue\repos\redis-windows\build_work\redis\build\patched\src\object.c(1134,21): warning C4311: 'type cast': pointer truncation from 'void *const ' to 'long' [C:\Users\samue\repos\redis-windows\build_work\redis\build\src\redis-server.vcxproj]
C:\Users\samue\repos\redis-windows\build_work\redis\build\patched\src\object.c(1168,21): warning C4311: 'type cast': pointer truncation from 'void *' to 'long' [C:\Users\samue\repos\redis-windows\build_work\redis\build\src\redis-server.vcxproj]
C:\Users\samue\repos\redis-windows\build_work\redis\build\patched\src\object.c(1201,21): warning C4311: 'type cast': pointer truncation from 'void *' to 'long' [C:\Users\samue\repos\redis-windows\build_work\redis\build\src\redis-server.vcxproj]
C:\Users\samue\repos\redis-windows\build_work\redis\build\patched\src\object.c(1254,15): warning C4244: '=': conversion from '__int64' to 'long', possible loss of data [C:\Users\samue\repos\redis-windows\build_work\redis\build\src\redis-server.vcxproj]
C:\Users\samue\repos\redis-windows\build_work\redis\build\patched\src\object.c(1665,51): warning C4244: '=': conversion from '__int64' to 'unsigned int', possible loss of data [C:\Users\samue\repos\redis-windows\build_work\redis\build\src\redis-server.vcxproj]
C:\Users\samue\repos\redis-windows\build_work\redis\build\patched\src\object.c(1674,34): warning C4244: 'initializing': conversion from '__int64' to 'long', possible loss of data [C:\Users\samue\repos\redis-windows\build_work\redis\build\src\redis-server.vcxproj]
C:\Users\samue\repos\redis-windows\build_work\redis\build\patched\src\object.c(1807,28): warning C4267: 'function': conversion from 'size_t' to 'long', possible loss of data [C:\Users\samue\repos\redis-windows\build_work\redis\build\src\redis-server.vcxproj]
  db.c
C:\Users\samue\repos\redis-windows\build_work\redis\build\msvc_compat.h(156,9): warning C4028: formal parameter 1 different from declaration [C:\Users\samue\repos\redis-windows\build_work\redis\build\src\redis-server.vcxproj]
  (compiling source file '../patched/src/db.c')
  
C:\Users\samue\repos\redis-windows\build_work\redis\build\msvc_compat.h(157,9): warning C4028: formal parameter 1 different from declaration [C:\Users\samue\repos\redis-windows\build_work\redis\build\src\redis-server.vcxproj]
  (compiling source file '../patched/src/db.c')
  
C:\Users\samue\repos\redis-windows\build_work\redis\build\msvc_compat.h(164,5): warning C4028: formal parameter 1 different from declaration [C:\Users\samue\repos\redis-windows\build_work\redis\build\src\redis-server.vcxproj]
  (compiling source file '../patched/src/db.c')
  
C:\Users\samue\repos\redis-windows\build_work\redis\build\patched\src\sds.h(146,34): warning C4267: '=': conversion from 'size_t' to 'unsigned char', possible loss of data [C:\Users\samue\repos\redis-windows\build_work\redis\build\src\redis-server.vcxproj]
  (compiling source file '../patched/src/db.c')
  
C:\Users\samue\repos\redis-windows\build_work\redis\build\patched\src\sds.h(150,33): warning C4267: '=': conversion from 'size_t' to 'uint8_t', possible loss of data [C:\Users\samue\repos\redis-windows\build_work\redis\build\src\redis-server.vcxproj]
  (compiling source file '../patched/src/db.c')
  
C:\Users\samue\repos\redis-windows\build_work\redis\build\patched\src\sds.h(153,34): warning C4267: '=': conversion from 'size_t' to 'uint16_t', possible loss of data [C:\Users\samue\repos\redis-windows\build_work\redis\build\src\redis-server.vcxproj]
  (compiling source file '../patched/src/db.c')
  
C:\Users\samue\repos\redis-windows\build_work\redis\build\patched\src\sds.h(156,34): warning C4267: '=': conversion from 'size_t' to 'uint32_t', possible loss of data [C:\Users\samue\repos\redis-windows\build_work\redis\build\src\redis-server.vcxproj]
  (compiling source file '../patched/src/db.c')
  
C:\Users\samue\repos\redis-windows\build_work\redis\build\patched\src\sds.h(174,34): warning C4267: '+=': conversion from 'size_t' to 'uint8_t', possible loss of data [C:\Users\samue\repos\redis-windows\build_work\redis\build\src\redis-server.vcxproj]
  (compiling source file '../patched/src/db.c')
  
C:\Users\samue\repos\redis-windows\build_work\redis\build\patched\src\sds.h(177,35): warning C4267: '+=': conversion from 'size_t' to 'uint16_t', possible loss of data [C:\Users\samue\repos\redis-windows\build_work\redis\build\src\redis-server.vcxproj]
  (compiling source file '../patched/src/db.c')
  
C:\Users\samue\repos\redis-windows\build_work\redis\build\patched\src\sds.h(180,35): warning C4267: '+=': conversion from 'size_t' to 'uint32_t', possible loss of data [C:\Users\samue\repos\redis-windows\build_work\redis\build\src\redis-server.vcxproj]
  (compiling source file '../patched/src/db.c')
  
C:\Users\samue\repos\redis-windows\build_work\redis\build\patched\src\sds.h(169,57): warning C4267: 'initializing': conversion from 'size_t' to 'unsigned char', possible loss of data [C:\Users\samue\repos\redis-windows\build_work\redis\build\src\redis-server.vcxproj]
  (compiling source file '../patched/src/db.c')
  
C:\Users\samue\repos\redis-windows\build_work\redis\build\patched\src\sds.h(234,50): warning C4267: '=': conversion from 'size_t' to 'uint8_t', possible loss of data [C:\Users\samue\repos\redis-windows\build_work\redis\build\src\redis-server.vcxproj]
  (compiling source file '../patched/src/db.c')
  
C:\Users\samue\repos\redis-windows\build_work\redis\build\patched\src\sds.h(237,53): warning C4267: '=': conversion from 'size_t' to 'uint16_t', possible loss of data [C:\Users\samue\repos\redis-windows\build_work\redis\build\src\redis-server.vcxproj]
  (compiling source file '../patched/src/db.c')
  
C:\Users\samue\repos\redis-windows\build_work\redis\build\patched\src\sds.h(240,36): warning C4267: '=': conversion from 'size_t' to 'uint32_t', possible loss of data [C:\Users\samue\repos\redis-windows\build_work\redis\build\src\redis-server.vcxproj]
  (compiling source file '../patched/src/db.c')
  
C:\Users\samue\repos\redis-windows\build_work\redis\build\patched\src\db.c(57,26): warning C4244: 'function': conversion from 'unsigned long' to 'uint8_t', possible loss of data [C:\Users\samue\repos\redis-windows\build_work\redis\build\src\redis-server.vcxproj]
C:\Users\samue\repos\redis-windows\build_work\redis\build\patched\src\db.c(1302,47): warning C4244: 'function': conversion from 'uint64_t' to 'long', possible loss of data [C:\Users\samue\repos\redis-windows\build_work\redis\build\src\redis-server.vcxproj]
C:\Users\samue\repos\redis-windows\build_work\redis\build\patched\src\db.c(1617,56): warning C4267: 'function': conversion from 'size_t' to 'int', possible loss of data [C:\Users\samue\repos\redis-windows\build_work\redis\build\src\redis-server.vcxproj]
C:\Users\samue\repos\redis-windows\build_work\redis\build\patched\src\db.c(1586,16): warning C4267: 'initializing': conversion from 'size_t' to 'int', possible loss of data [C:\Users\samue\repos\redis-windows\build_work\redis\build\src\redis-server.vcxproj]
C:\Users\samue\repos\redis-windows\build_work\redis\build\patched\src\db.c(1694,44): warning C4267: 'function': conversion from 'size_t' to 'int', possible loss of data [C:\Users\samue\repos\redis-windows\build_work\redis\build\src\redis-server.vcxproj]
C:\Users\samue\repos\redis-windows\build_work\redis\build\patched\src\db.c(1694,75): warning C4267: 'function': conversion from 'size_t' to 'int', possible loss of data [C:\Users\samue\repos\redis-windows\build_work\redis\build\src\redis-server.vcxproj]
C:\Users\samue\repos\redis-windows\build_work\redis\build\patched\src\db.c(1777,28): warning C4146: unary minus operator applied to unsigned type, result still unsigned [C:\Users\samue\repos\redis-windows\build_work\redis\build\src\redis-server.vcxproj]
C:\Users\samue\repos\redis-windows\build_work\redis\build\patched\src\db.c(1848,22): warning C4267: '=': conversion from 'size_t' to 'int', possible loss of data [C:\Users\samue\repos\redis-windows\build_work\redis\build\src\redis-server.vcxproj]
C:\Users\samue\repos\redis-windows\build_work\redis\build\patched\src\db.c(1950,39): warning C4244: 'function': conversion from 'unsigned __int64' to 'unsigned long', possible loss of data [C:\Users\samue\repos\redis-windows\build_work\redis\build\src\redis-server.vcxproj]
C:\Users\samue\repos\redis-windows\build_work\redis\build\patched\src\db.c(1981,66): warning C4267: 'function': conversion from 'size_t' to 'int', possible loss of data [C:\Users\samue\repos\redis-windows\build_work\redis\build\src\redis-server.vcxproj]
C:\Users\samue\repos\redis-windows\build_work\redis\build\patched\src\db.c(2023,74): warning C4244: 'function': conversion from 'int64_t' to 'int', possible loss of data [C:\Users\samue\repos\redis-windows\build_work\redis\build\src\redis-server.vcxproj]
C:\Users\samue\repos\redis-windows\build_work\redis\build\patched\src\db.c(2071,74): warning C4244: 'function': conversion from 'int64_t' to 'int', possible loss of data [C:\Users\samue\repos\redis-windows\build_work\redis\build\src\redis-server.vcxproj]
C:\Users\samue\repos\redis-windows\build_work\redis\build\patched\src\db.c(2099,25): warning C4267: 'function': conversion from 'size_t' to 'long', possible loss of data [C:\Users\samue\repos\redis-windows\build_work\redis\build\src\redis-server.vcxproj]
C:\Users\samue\repos\redis-windows\build_work\redis\build\patched\src\db.c(2517,75): warning C4267: 'function': conversion from 'size_t' to 'int', possible loss of data [C:\Users\samue\repos\redis-windows\build_work\redis\build\src\redis-server.vcxproj]
C:\Users\samue\repos\redis-windows\build_work\redis\build\patched\src\db.c(3255,47): warning C4244: '=': conversion from 'uint64_t' to 'int', possible loss of data [C:\Users\samue\repos\redis-windows\build_work\redis\build\src\redis-server.vcxproj]
C:\Users\samue\repos\redis-windows\build_work\redis\build\patched\src\db.c(3392,43): warning C4244: '=': conversion from 'uint64_t' to 'int', possible loss of data [C:\Users\samue\repos\redis-windows\build_work\redis\build\src\redis-server.vcxproj]
  replication.c
C:\Users\samue\repos\redis-windows\build_work\redis\build\msvc_compat.h(156,9): warning C4028: formal parameter 1 different from declaration [C:\Users\samue\repos\redis-windows\build_work\redis\build\src\redis-server.vcxproj]
  (compiling source file '../patched/src/replication.c')
  
C:\Users\samue\repos\redis-windows\build_work\redis\build\msvc_compat.h(157,9): warning C4028: formal parameter 1 different from declaration [C:\Users\samue\repos\redis-windows\build_work\redis\build\src\redis-server.vcxproj]
  (compiling source file '../patched/src/replication.c')
  
C:\Users\samue\repos\redis-windows\build_work\redis\build\msvc_compat.h(164,5): warning C4028: formal parameter 1 different from declaration [C:\Users\samue\repos\redis-windows\build_work\redis\build\src\redis-server.vcxproj]
  (compiling source file '../patched/src/replication.c')
  
C:\Users\samue\repos\redis-windows\build_work\redis\build\patched\src\sds.h(146,34): warning C4267: '=': conversion from 'size_t' to 'unsigned char', possible loss of data [C:\Users\samue\repos\redis-windows\build_work\redis\build\src\redis-server.vcxproj]
  (compiling source file '../patched/src/replication.c')
  
C:\Users\samue\repos\redis-windows\build_work\redis\build\patched\src\sds.h(150,33): warning C4267: '=': conversion from 'size_t' to 'uint8_t', possible loss of data [C:\Users\samue\repos\redis-windows\build_work\redis\build\src\redis-server.vcxproj]
  (compiling source file '../patched/src/replication.c')
  
C:\Users\samue\repos\redis-windows\build_work\redis\build\patched\src\sds.h(153,34): warning C4267: '=': conversion from 'size_t' to 'uint16_t', possible loss of data [C:\Users\samue\repos\redis-windows\build_work\redis\build\src\redis-server.vcxproj]
  (compiling source file '../patched/src/replication.c')
  
C:\Users\samue\repos\redis-windows\build_work\redis\build\patched\src\sds.h(156,34): warning C4267: '=': conversion from 'size_t' to 'uint32_t', possible loss of data [C:\Users\samue\repos\redis-windows\build_work\redis\build\src\redis-server.vcxproj]
  (compiling source file '../patched/src/replication.c')
  
C:\Users\samue\repos\redis-windows\build_work\redis\build\patched\src\sds.h(174,34): warning C4267: '+=': conversion from 'size_t' to 'uint8_t', possible loss of data [C:\Users\samue\repos\redis-windows\build_work\redis\build\src\redis-server.vcxproj]
  (compiling source file '../patched/src/replication.c')
  
C:\Users\samue\repos\redis-windows\build_work\redis\build\patched\src\sds.h(177,35): warning C4267: '+=': conversion from 'size_t' to 'uint16_t', possible loss of data [C:\Users\samue\repos\redis-windows\build_work\redis\build\src\redis-server.vcxproj]
  (compiling source file '../patched/src/replication.c')
  
C:\Users\samue\repos\redis-windows\build_work\redis\build\patched\src\sds.h(180,35): warning C4267: '+=': conversion from 'size_t' to 'uint32_t', possible loss of data [C:\Users\samue\repos\redis-windows\build_work\redis\build\src\redis-server.vcxproj]
  (compiling source file '../patched/src/replication.c')
  
C:\Users\samue\repos\redis-windows\build_work\redis\build\patched\src\sds.h(169,57): warning C4267: 'initializing': conversion from 'size_t' to 'unsigned char', possible loss of data [C:\Users\samue\repos\redis-windows\build_work\redis\build\src\redis-server.vcxproj]
  (compiling source file '../patched/src/replication.c')
  
C:\Users\samue\repos\redis-windows\build_work\redis\build\patched\src\sds.h(234,50): warning C4267: '=': conversion from 'size_t' to 'uint8_t', possible loss of data [C:\Users\samue\repos\redis-windows\build_work\redis\build\src\redis-server.vcxproj]
  (compiling source file '../patched/src/replication.c')
  
C:\Users\samue\repos\redis-windows\build_work\redis\build\patched\src\sds.h(237,53): warning C4267: '=': conversion from 'size_t' to 'uint16_t', possible loss of data [C:\Users\samue\repos\redis-windows\build_work\redis\build\src\redis-server.vcxproj]
  (compiling source file '../patched/src/replication.c')
  
C:\Users\samue\repos\redis-windows\build_work\redis\build\patched\src\sds.h(240,36): warning C4267: '=': conversion from 'size_t' to 'uint32_t', possible loss of data [C:\Users\samue\repos\redis-windows\build_work\redis\build\src\redis-server.vcxproj]
  (compiling source file '../patched/src/replication.c')
  
C:\Users\samue\repos\redis-windows\build_work\redis\build\patched\src\replication.c(716,47): warning C4311: 'type cast': pointer truncation from 'void *' to 'long' [C:\Users\samue\repos\redis-windows\build_work\redis\build\src\redis-server.vcxproj]
C:\Users\samue\repos\redis-windows\build_work\redis\build\patched\src\replication.c(711,23): warning C4267: 'initializing': conversion from 'size_t' to 'long', possible loss of data [C:\Users\samue\repos\redis-windows\build_work\redis\build\src\redis-server.vcxproj]
C:\Users\samue\repos\redis-windows\build_work\redis\build\patched\src\replication.c(807,56): warning C4311: 'type cast': pointer truncation from 'void *' to 'long' [C:\Users\samue\repos\redis-windows\build_work\redis\build\src\redis-server.vcxproj]
C:\Users\samue\repos\redis-windows\build_work\redis\build\patched\src\replication.c(1780,36): warning C4244: 'function': conversion from '__int64' to 'long', possible loss of data [C:\Users\samue\repos\redis-windows\build_work\redis\build\src\redis-server.vcxproj]
C:\Users\samue\repos\redis-windows\build_work\redis\build\patched\src\replication.c(1868,35): warning C4244: '=': conversion from 'ssize_t' to 'int', possible loss of data [C:\Users\samue\repos\redis-windows\build_work\redis\build\src\redis-server.vcxproj]
C:\Users\samue\repos\redis-windows\build_work\redis\build\patched\src\replication.c(2369,45): warning C4244: 'initializing': conversion from 'ssize_t' to 'int', possible loss of data [C:\Users\samue\repos\redis-windows\build_work\redis\build\src\redis-server.vcxproj]
C:\Users\samue\repos\redis-windows\build_work\redis\build\patched\src\replication.c(2813,25): warning C4267: '=': conversion from 'size_t' to 'int', possible loss of data [C:\Users\samue\repos\redis-windows\build_work\redis\build\src\redis-server.vcxproj]
  rdb.c
C:\Users\samue\repos\redis-windows\build_work\redis\build\msvc_compat.h(156,9): warning C4028: formal parameter 1 different from declaration [C:\Users\samue\repos\redis-windows\build_work\redis\build\src\redis-server.vcxproj]
  (compiling source file '../patched/src/rdb.c')
  
C:\Users\samue\repos\redis-windows\build_work\redis\build\msvc_compat.h(157,9): warning C4028: formal parameter 1 different from declaration [C:\Users\samue\repos\redis-windows\build_work\redis\build\src\redis-server.vcxproj]
  (compiling source file '../patched/src/rdb.c')
  
C:\Users\samue\repos\redis-windows\build_work\redis\build\msvc_compat.h(164,5): warning C4028: formal parameter 1 different from declaration [C:\Users\samue\repos\redis-windows\build_work\redis\build\src\redis-server.vcxproj]
  (compiling source file '../patched/src/rdb.c')
  
C:\Users\samue\repos\redis-windows\build_work\redis\build\patched\src\sds.h(146,34): warning C4267: '=': conversion from 'size_t' to 'unsigned char', possible loss of data [C:\Users\samue\repos\redis-windows\build_work\redis\build\src\redis-server.vcxproj]
  (compiling source file '../patched/src/rdb.c')
  
C:\Users\samue\repos\redis-windows\build_work\redis\build\patched\src\sds.h(150,33): warning C4267: '=': conversion from 'size_t' to 'uint8_t', possible loss of data [C:\Users\samue\repos\redis-windows\build_work\redis\build\src\redis-server.vcxproj]
  (compiling source file '../patched/src/rdb.c')
  
C:\Users\samue\repos\redis-windows\build_work\redis\build\patched\src\sds.h(153,34): warning C4267: '=': conversion from 'size_t' to 'uint16_t', possible loss of data [C:\Users\samue\repos\redis-windows\build_work\redis\build\src\redis-server.vcxproj]
  (compiling source file '../patched/src/rdb.c')
  
C:\Users\samue\repos\redis-windows\build_work\redis\build\patched\src\sds.h(156,34): warning C4267: '=': conversion from 'size_t' to 'uint32_t', possible loss of data [C:\Users\samue\repos\redis-windows\build_work\redis\build\src\redis-server.vcxproj]
  (compiling source file '../patched/src/rdb.c')
  
C:\Users\samue\repos\redis-windows\build_work\redis\build\patched\src\sds.h(174,34): warning C4267: '+=': conversion from 'size_t' to 'uint8_t', possible loss of data [C:\Users\samue\repos\redis-windows\build_work\redis\build\src\redis-server.vcxproj]
  (compiling source file '../patched/src/rdb.c')
  
C:\Users\samue\repos\redis-windows\build_work\redis\build\patched\src\sds.h(177,35): warning C4267: '+=': conversion from 'size_t' to 'uint16_t', possible loss of data [C:\Users\samue\repos\redis-windows\build_work\redis\build\src\redis-server.vcxproj]
  (compiling source file '../patched/src/rdb.c')
  
C:\Users\samue\repos\redis-windows\build_work\redis\build\patched\src\sds.h(180,35): warning C4267: '+=': conversion from 'size_t' to 'uint32_t', possible loss of data [C:\Users\samue\repos\redis-windows\build_work\redis\build\src\redis-server.vcxproj]
  (compiling source file '../patched/src/rdb.c')
  
C:\Users\samue\repos\redis-windows\build_work\redis\build\patched\src\sds.h(169,57): warning C4267: 'initializing': conversion from 'size_t' to 'unsigned char', possible loss of data [C:\Users\samue\repos\redis-windows\build_work\redis\build\src\redis-server.vcxproj]
  (compiling source file '../patched/src/rdb.c')
  
C:\Users\samue\repos\redis-windows\build_work\redis\build\patched\src\sds.h(234,50): warning C4267: '=': conversion from 'size_t' to 'uint8_t', possible loss of data [C:\Users\samue\repos\redis-windows\build_work\redis\build\src\redis-server.vcxproj]
  (compiling source file '../patched/src/rdb.c')
  
C:\Users\samue\repos\redis-windows\build_work\redis\build\patched\src\sds.h(237,53): warning C4267: '=': conversion from 'size_t' to 'uint16_t', possible loss of data [C:\Users\samue\repos\redis-windows\build_work\redis\build\src\redis-server.vcxproj]
  (compiling source file '../patched/src/rdb.c')
  
C:\Users\samue\repos\redis-windows\build_work\redis\build\patched\src\sds.h(240,36): warning C4267: '=': conversion from 'size_t' to 'uint32_t', possible loss of data [C:\Users\samue\repos\redis-windows\build_work\redis\build\src\redis-server.vcxproj]
  (compiling source file '../patched/src/rdb.c')
  
C:\Users\samue\repos\redis-windows\build_work\redis\build\patched\src\rdb.c(104,12): warning C4244: 'return': conversion from 'ssize_t' to 'int', possible loss of data [C:\Users\samue\repos\redis-windows\build_work\redis\build\src\redis-server.vcxproj]
C:\Users\samue\repos\redis-windows\build_work\redis\build\patched\src\rdb.c(187,32): warning C4244: 'function': conversion from 'uint64_t' to 'u_long', possible loss of data [C:\Users\samue\repos\redis-windows\build_work\redis\build\src\redis-server.vcxproj]
C:\Users\samue\repos\redis-windows\build_work\redis\build\patched\src\rdb.c(198,12): warning C4267: 'return': conversion from 'size_t' to 'int', possible loss of data [C:\Users\samue\repos\redis-windows\build_work\redis\build\src\redis-server.vcxproj]
C:\Users\samue\repos\redis-windows\build_work\redis\build\patched\src\rdb.c(505,50): warning C4311: 'type cast': pointer truncation from 'void *' to 'long' [C:\Users\samue\repos\redis-windows\build_work\redis\build\src\redis-server.vcxproj]
C:\Users\samue\repos\redis-windows\build_work\redis\build\patched\src\rdb.c(542,45): warning C4244: 'function': conversion from 'unsigned __int64' to 'int', possible loss of data [C:\Users\samue\repos\redis-windows\build_work\redis\build\src\redis-server.vcxproj]
C:\Users\samue\repos\redis-windows\build_work\redis\build\patched\src\rdb.c(630,18): warning C4267: '=': conversion from 'size_t' to 'unsigned char', possible loss of data [C:\Users\samue\repos\redis-windows\build_work\redis\build\src\redis-server.vcxproj]
C:\Users\samue\repos\redis-windows\build_work\redis\build\patched\src\rdb.c(661,12): warning C4244: 'return': conversion from 'ssize_t' to 'int', possible loss of data [C:\Users\samue\repos\redis-windows\build_work\redis\build\src\redis-server.vcxproj]
C:\Users\samue\repos\redis-windows\build_work\redis\build\patched\src\rdb.c(675,12): warning C4244: 'return': conversion from 'ssize_t' to 'int', possible loss of data [C:\Users\samue\repos\redis-windows\build_work\redis\build\src\redis-server.vcxproj]
C:\Users\samue\repos\redis-windows\build_work\redis\build\patched\src\rdb.c(1603,18): warning C4244: '=': conversion from 'unsigned long' to 'uint8_t', possible loss of data [C:\Users\samue\repos\redis-windows\build_work\redis\build\src\redis-server.vcxproj]
C:\Users\samue\repos\redis-windows\build_work\redis\build\patched\src\rdb.c(1680,19): warning C4244: 'initializing': conversion from 'ssize_t' to 'int', possible loss of data [C:\Users\samue\repos\redis-windows\build_work\redis\build\src\redis-server.vcxproj]
C:\Users\samue\repos\redis-windows\build_work\redis\build\patched\src\rdb.c(1727,18): warning C4244: '=': conversion from 'ssize_t' to 'int', possible loss of data [C:\Users\samue\repos\redis-windows\build_work\redis\build\src\redis-server.vcxproj]
C:\Users\samue\repos\redis-windows\build_work\redis\build\patched\src\rdb.c(2208,43): warning C4244: 'function': conversion from 'uint64_t' to 'int', possible loss of data [C:\Users\samue\repos\redis-windows\build_work\redis\build\src\redis-server.vcxproj]
C:\Users\samue\repos\redis-windows\build_work\redis\build\patched\src\rdb.c(2470,69): warning C4244: 'function': conversion from 'uint64_t' to 'unsigned long', possible loss of data [C:\Users\samue\repos\redis-windows\build_work\redis\build\src\redis-server.vcxproj]
C:\Users\samue\repos\redis-windows\build_work\redis\build\patched\src\rdb.c(2512,72): warning C4244: 'function': conversion from 'uint64_t' to 'unsigned long', possible loss of data [C:\Users\samue\repos\redis-windows\build_work\redis\build\src\redis-server.vcxproj]
C:\Users\samue\repos\redis-windows\build_work\redis\build\patched\src\rdb.c(2528,72): warning C4267: 'function': conversion from 'size_t' to 'uint32_t', possible loss of data [C:\Users\samue\repos\redis-windows\build_work\redis\build\src\redis-server.vcxproj]
C:\Users\samue\repos\redis-windows\build_work\redis\build\patched\src\rdb.c(2534,72): warning C4267: 'function': conversion from 'size_t' to 'uint32_t', possible loss of data [C:\Users\samue\repos\redis-windows\build_work\redis\build\src\redis-server.vcxproj]
C:\Users\samue\repos\redis-windows\build_work\redis\build\patched\src\rdb.c(2535,72): warning C4244: 'function': conversion from 'uint64_t' to 'unsigned long', possible loss of data [C:\Users\samue\repos\redis-windows\build_work\redis\build\src\redis-server.vcxproj]
C:\Users\samue\repos\redis-windows\build_work\redis\build\patched\src\rdb.c(2570,70): warning C4244: 'function': conversion from 'uint64_t' to 'unsigned long', possible loss of data [C:\Users\samue\repos\redis-windows\build_work\redis\build\src\redis-server.vcxproj]
C:\Users\samue\repos\redis-windows\build_work\redis\build\patched\src\rdb.c(2708,77): warning C4267: 'function': conversion from 'size_t' to 'uint32_t', possible loss of data [C:\Users\samue\repos\redis-windows\build_work\redis\build\src\redis-server.vcxproj]
C:\Users\samue\repos\redis-windows\build_work\redis\build\patched\src\rdb.c(2709,77): warning C4267: 'function': conversion from 'size_t' to 'uint32_t', possible loss of data [C:\Users\samue\repos\redis-windows\build_work\redis\build\src\redis-server.vcxproj]
C:\Users\samue\repos\redis-windows\build_work\redis\build\patched\src\rdb.c(2722,39): warning C4244: 'function': conversion from 'uint64_t' to 'unsigned long', possible loss of data [C:\Users\samue\repos\redis-windows\build_work\redis\build\src\redis-server.vcxproj]
C:\Users\samue\repos\redis-windows\build_work\redis\build\patched\src\rdb.c(2894,51): warning C4244: 'function': conversion from 'uint64_t' to 'unsigned long', possible loss of data [C:\Users\samue\repos\redis-windows\build_work\redis\build\src\redis-server.vcxproj]
C:\Users\samue\repos\redis-windows\build_work\redis\build\patched\src\rdb.c(4178,41): warning C4244: 'function': conversion from 'uint64_t' to 'int', possible loss of data [C:\Users\samue\repos\redis-windows\build_work\redis\build\src\redis-server.vcxproj]
C:\Users\samue\repos\redis-windows\build_work\redis\build\patched\src\rdb.c(4178,50): warning C4244: 'function': conversion from 'uint64_t' to 'unsigned long', possible loss of data [C:\Users\samue\repos\redis-windows\build_work\redis\build\src\redis-server.vcxproj]
C:\Users\samue\repos\redis-windows\build_work\redis\build\patched\src\rdb.c(4179,44): warning C4244: 'function': conversion from 'uint64_t' to 'int', possible loss of data [C:\Users\samue\repos\redis-windows\build_work\redis\build\src\redis-server.vcxproj]
C:\Users\samue\repos\redis-windows\build_work\redis\build\patched\src\rdb.c(4179,53): warning C4244: 'function': conversion from 'uint64_t' to 'unsigned long', possible loss of data [C:\Users\samue\repos\redis-windows\build_work\redis\build\src\redis-server.vcxproj]
C:\Users\samue\repos\redis-windows\build_work\redis\build\patched\src\rdb.c(4323,43): warning C4244: 'function': conversion from 'uint64_t' to 'int', possible loss of data [C:\Users\samue\repos\redis-windows\build_work\redis\build\src\redis-server.vcxproj]
C:\Users\samue\repos\redis-windows\build_work\redis\build\patched\src\rdb.c(4370,53): warning C4244: 'function': conversion from 'uint64_t' to 'int', possible loss of data [C:\Users\samue\repos\redis-windows\build_work\redis\build\src\redis-server.vcxproj]
C:\Users\samue\repos\redis-windows\build_work\redis\build\patched\src\rdb.c(4251,31): warning C4244: 'initializing': conversion from 'uint64_t' to 'int', possible loss of data [C:\Users\samue\repos\redis-windows\build_work\redis\build\src\redis-server.vcxproj]
C:\Users\samue\repos\redis-windows\build_work\redis\build\patched\src\rdb.c(4252,24): warning C4244: 'initializing': conversion from 'uint64_t' to 'int', possible loss of data [C:\Users\samue\repos\redis-windows\build_work\redis\build\src\redis-server.vcxproj]
C:\Users\samue\repos\redis-windows\build_work\redis\build\patched\src\rdb.c(4751,21): warning C4244: '=': conversion from 'ssize_t' to 'int', possible loss of data [C:\Users\samue\repos\redis-windows\build_work\redis\build\src\redis-server.vcxproj]
  t_string.c
C:\Users\samue\repos\redis-windows\build_work\redis\build\msvc_compat.h(156,9): warning C4028: formal parameter 1 different from declaration [C:\Users\samue\repos\redis-windows\build_work\redis\build\src\redis-server.vcxproj]
  (compiling source file '../patched/src/t_string.c')
  
C:\Users\samue\repos\redis-windows\build_work\redis\build\msvc_compat.h(157,9): warning C4028: formal parameter 1 different from declaration [C:\Users\samue\repos\redis-windows\build_work\redis\build\src\redis-server.vcxproj]
  (compiling source file '../patched/src/t_string.c')
  
C:\Users\samue\repos\redis-windows\build_work\redis\build\msvc_compat.h(164,5): warning C4028: formal parameter 1 different from declaration [C:\Users\samue\repos\redis-windows\build_work\redis\build\src\redis-server.vcxproj]
  (compiling source file '../patched/src/t_string.c')
  
C:\Users\samue\repos\redis-windows\build_work\redis\build\patched\src\sds.h(146,34): warning C4267: '=': conversion from 'size_t' to 'unsigned char', possible loss of data [C:\Users\samue\repos\redis-windows\build_work\redis\build\src\redis-server.vcxproj]
  (compiling source file '../patched/src/t_string.c')
  
C:\Users\samue\repos\redis-windows\build_work\redis\build\patched\src\sds.h(150,33): warning C4267: '=': conversion from 'size_t' to 'uint8_t', possible loss of data [C:\Users\samue\repos\redis-windows\build_work\redis\build\src\redis-server.vcxproj]
  (compiling source file '../patched/src/t_string.c')
  
C:\Users\samue\repos\redis-windows\build_work\redis\build\patched\src\sds.h(153,34): warning C4267: '=': conversion from 'size_t' to 'uint16_t', possible loss of data [C:\Users\samue\repos\redis-windows\build_work\redis\build\src\redis-server.vcxproj]
  (compiling source file '../patched/src/t_string.c')
  
C:\Users\samue\repos\redis-windows\build_work\redis\build\patched\src\sds.h(156,34): warning C4267: '=': conversion from 'size_t' to 'uint32_t', possible loss of data [C:\Users\samue\repos\redis-windows\build_work\redis\build\src\redis-server.vcxproj]
  (compiling source file '../patched/src/t_string.c')
  
C:\Users\samue\repos\redis-windows\build_work\redis\build\patched\src\sds.h(174,34): warning C4267: '+=': conversion from 'size_t' to 'uint8_t', possible loss of data [C:\Users\samue\repos\redis-windows\build_work\redis\build\src\redis-server.vcxproj]
  (compiling source file '../patched/src/t_string.c')
  
C:\Users\samue\repos\redis-windows\build_work\redis\build\patched\src\sds.h(177,35): warning C4267: '+=': conversion from 'size_t' to 'uint16_t', possible loss of data [C:\Users\samue\repos\redis-windows\build_work\redis\build\src\redis-server.vcxproj]
  (compiling source file '../patched/src/t_string.c')
  
C:\Users\samue\repos\redis-windows\build_work\redis\build\patched\src\sds.h(180,35): warning C4267: '+=': conversion from 'size_t' to 'uint32_t', possible loss of data [C:\Users\samue\repos\redis-windows\build_work\redis\build\src\redis-server.vcxproj]
  (compiling source file '../patched/src/t_string.c')
  
C:\Users\samue\repos\redis-windows\build_work\redis\build\patched\src\sds.h(169,57): warning C4267: 'initializing': conversion from 'size_t' to 'unsigned char', possible loss of data [C:\Users\samue\repos\redis-windows\build_work\redis\build\src\redis-server.vcxproj]
  (compiling source file '../patched/src/t_string.c')
  
C:\Users\samue\repos\redis-windows\build_work\redis\build\patched\src\sds.h(234,50): warning C4267: '=': conversion from 'size_t' to 'uint8_t', possible loss of data [C:\Users\samue\repos\redis-windows\build_work\redis\build\src\redis-server.vcxproj]
  (compiling source file '../patched/src/t_string.c')
  
C:\Users\samue\repos\redis-windows\build_work\redis\build\patched\src\sds.h(237,53): warning C4267: '=': conversion from 'size_t' to 'uint16_t', possible loss of data [C:\Users\samue\repos\redis-windows\build_work\redis\build\src\redis-server.vcxproj]
  (compiling source file '../patched/src/t_string.c')
  
C:\Users\samue\repos\redis-windows\build_work\redis\build\patched\src\sds.h(240,36): warning C4267: '=': conversion from 'size_t' to 'uint32_t', possible loss of data [C:\Users\samue\repos\redis-windows\build_work\redis\build\src\redis-server.vcxproj]
  (compiling source file '../patched/src/t_string.c')
  
C:\Users\samue\repos\redis-windows\build_work\redis\build\patched\src\t_string.c(665,48): warning C4311: 'type cast': pointer truncation from 'void *' to 'long' [C:\Users\samue\repos\redis-windows\build_work\redis\build\src\redis-server.vcxproj]
C:\Users\samue\repos\redis-windows\build_work\redis\build\patched\src\t_string.c(921,18): warning C4312: 'type cast': conversion from 'long' to 'void *' of greater size [C:\Users\samue\repos\redis-windows\build_work\redis\build\src\redis-server.vcxproj]
C:\Users\samue\repos\redis-windows\build_work\redis\build\patched\src\t_string.c(1350,18): warning C4312: 'type cast': conversion from 'long' to 'void *' of greater size [C:\Users\samue\repos\redis-windows\build_work\redis\build\src\redis-server.vcxproj]
C:\Users\samue\repos\redis-windows\build_work\redis\build\patched\src\t_string.c(1511,21): warning C4267: 'initializing': conversion from 'size_t' to 'uint32_t', possible loss of data [C:\Users\samue\repos\redis-windows\build_work\redis\build\src\redis-server.vcxproj]
C:\Users\samue\repos\redis-windows\build_work\redis\build\patched\src\t_string.c(1512,21): warning C4267: 'initializing': conversion from 'size_t' to 'uint32_t', possible loss of data [C:\Users\samue\repos\redis-windows\build_work\redis\build\src\redis-server.vcxproj]
C:\Users\samue\repos\redis-windows\build_work\redis\build\patched\src\t_string.c(1688,48): warning C4311: 'type cast': pointer truncation from 'void *' to 'long' [C:\Users\samue\repos\redis-windows\build_work\redis\build\src\redis-server.vcxproj]
  t_list.c
C:\Users\samue\repos\redis-windows\build_work\redis\build\msvc_compat.h(156,9): warning C4028: formal parameter 1 different from declaration [C:\Users\samue\repos\redis-windows\build_work\redis\build\src\redis-server.vcxproj]
  (compiling source file '../patched/src/t_list.c')
  
C:\Users\samue\repos\redis-windows\build_work\redis\build\msvc_compat.h(157,9): warning C4028: formal parameter 1 different from declaration [C:\Users\samue\repos\redis-windows\build_work\redis\build\src\redis-server.vcxproj]
  (compiling source file '../patched/src/t_list.c')
  
C:\Users\samue\repos\redis-windows\build_work\redis\build\msvc_compat.h(164,5): warning C4028: formal parameter 1 different from declaration [C:\Users\samue\repos\redis-windows\build_work\redis\build\src\redis-server.vcxproj]
  (compiling source file '../patched/src/t_list.c')
  
C:\Users\samue\repos\redis-windows\build_work\redis\build\patched\src\sds.h(146,34): warning C4267: '=': conversion from 'size_t' to 'unsigned char', possible loss of data [C:\Users\samue\repos\redis-windows\build_work\redis\build\src\redis-server.vcxproj]
  (compiling source file '../patched/src/t_list.c')
  
C:\Users\samue\repos\redis-windows\build_work\redis\build\patched\src\sds.h(150,33): warning C4267: '=': conversion from 'size_t' to 'uint8_t', possible loss of data [C:\Users\samue\repos\redis-windows\build_work\redis\build\src\redis-server.vcxproj]
  (compiling source file '../patched/src/t_list.c')
  
C:\Users\samue\repos\redis-windows\build_work\redis\build\patched\src\sds.h(153,34): warning C4267: '=': conversion from 'size_t' to 'uint16_t', possible loss of data [C:\Users\samue\repos\redis-windows\build_work\redis\build\src\redis-server.vcxproj]
  (compiling source file '../patched/src/t_list.c')
  
C:\Users\samue\repos\redis-windows\build_work\redis\build\patched\src\sds.h(156,34): warning C4267: '=': conversion from 'size_t' to 'uint32_t', possible loss of data [C:\Users\samue\repos\redis-windows\build_work\redis\build\src\redis-server.vcxproj]
  (compiling source file '../patched/src/t_list.c')
  
C:\Users\samue\repos\redis-windows\build_work\redis\build\patched\src\sds.h(174,34): warning C4267: '+=': conversion from 'size_t' to 'uint8_t', possible loss of data [C:\Users\samue\repos\redis-windows\build_work\redis\build\src\redis-server.vcxproj]
  (compiling source file '../patched/src/t_list.c')
  
C:\Users\samue\repos\redis-windows\build_work\redis\build\patched\src\sds.h(177,35): warning C4267: '+=': conversion from 'size_t' to 'uint16_t', possible loss of data [C:\Users\samue\repos\redis-windows\build_work\redis\build\src\redis-server.vcxproj]
  (compiling source file '../patched/src/t_list.c')
  
C:\Users\samue\repos\redis-windows\build_work\redis\build\patched\src\sds.h(180,35): warning C4267: '+=': conversion from 'size_t' to 'uint32_t', possible loss of data [C:\Users\samue\repos\redis-windows\build_work\redis\build\src\redis-server.vcxproj]
  (compiling source file '../patched/src/t_list.c')
  
C:\Users\samue\repos\redis-windows\build_work\redis\build\patched\src\sds.h(169,57): warning C4267: 'initializing': conversion from 'size_t' to 'unsigned char', possible loss of data [C:\Users\samue\repos\redis-windows\build_work\redis\build\src\redis-server.vcxproj]
  (compiling source file '../patched/src/t_list.c')
  
C:\Users\samue\repos\redis-windows\build_work\redis\build\patched\src\sds.h(234,50): warning C4267: '=': conversion from 'size_t' to 'uint8_t', possible loss of data [C:\Users\samue\repos\redis-windows\build_work\redis\build\src\redis-server.vcxproj]
  (compiling source file '../patched/src/t_list.c')
  
C:\Users\samue\repos\redis-windows\build_work\redis\build\patched\src\sds.h(237,53): warning C4267: '=': conversion from 'size_t' to 'uint16_t', possible loss of data [C:\Users\samue\repos\redis-windows\build_work\redis\build\src\redis-server.vcxproj]
  (compiling source file '../patched/src/t_list.c')
  
C:\Users\samue\repos\redis-windows\build_work\redis\build\patched\src\sds.h(240,36): warning C4267: '=': conversion from 'size_t' to 'uint32_t', possible loss of data [C:\Users\samue\repos\redis-windows\build_work\redis\build\src\redis-server.vcxproj]
  (compiling source file '../patched/src/t_list.c')
  
C:\Users\samue\repos\redis-windows\build_work\redis\build\patched\src\t_list.c(41,59): warning C4267: 'function': conversion from 'size_t' to 'unsigned int', possible loss of data [C:\Users\samue\repos\redis-windows\build_work\redis\build\src\redis-server.vcxproj]
C:\Users\samue\repos\redis-windows\build_work\redis\build\patched\src\t_list.c(152,32): warning C4311: 'type cast': pointer truncation from 'void *' to 'long' [C:\Users\samue\repos\redis-windows\build_work\redis\build\src\redis-server.vcxproj]
C:\Users\samue\repos\redis-windows\build_work\redis\build\patched\src\t_list.c(160,48): warning C4311: 'type cast': pointer truncation from 'void *' to 'long' [C:\Users\samue\repos\redis-windows\build_work\redis\build\src\redis-server.vcxproj]
C:\Users\samue\repos\redis-windows\build_work\redis\build\patched\src\t_list.c(161,47): warning C4311: 'type cast': pointer truncation from 'void *' to 'long' [C:\Users\samue\repos\redis-windows\build_work\redis\build\src\redis-server.vcxproj]
C:\Users\samue\repos\redis-windows\build_work\redis\build\patched\src\t_list.c(164,53): warning C4267: 'function': conversion from 'size_t' to 'uint32_t', possible loss of data [C:\Users\samue\repos\redis-windows\build_work\redis\build\src\redis-server.vcxproj]
C:\Users\samue\repos\redis-windows\build_work\redis\build\patched\src\t_list.c(165,52): warning C4267: 'function': conversion from 'size_t' to 'uint32_t', possible loss of data [C:\Users\samue\repos\redis-windows\build_work\redis\build\src\redis-server.vcxproj]
C:\Users\samue\repos\redis-windows\build_work\redis\build\patched\src\t_list.c(344,39): warning C4267: 'function': conversion from 'size_t' to 'uint32_t', possible loss of data [C:\Users\samue\repos\redis-windows\build_work\redis\build\src\redis-server.vcxproj]
C:\Users\samue\repos\redis-windows\build_work\redis\build\patched\src\t_list.c(361,83): warning C4267: 'function': conversion from 'size_t' to 'uint32_t', possible loss of data [C:\Users\samue\repos\redis-windows\build_work\redis\build\src\redis-server.vcxproj]
C:\Users\samue\repos\redis-windows\build_work\redis\build\patched\src\t_list.c(385,67): warning C4267: 'function': conversion from 'size_t' to 'uint32_t', possible loss of data [C:\Users\samue\repos\redis-windows\build_work\redis\build\src\redis-server.vcxproj]
C:\Users\samue\repos\redis-windows\build_work\redis\build\patched\src\t_list.c(411,44): warning C4267: 'function': conversion from 'size_t' to 'uint32_t', possible loss of data [C:\Users\samue\repos\redis-windows\build_work\redis\build\src\redis-server.vcxproj]
  t_set.c
C:\Users\samue\repos\redis-windows\build_work\redis\build\msvc_compat.h(156,9): warning C4028: formal parameter 1 different from declaration [C:\Users\samue\repos\redis-windows\build_work\redis\build\src\redis-server.vcxproj]
  (compiling source file '../patched/src/t_set.c')
  
C:\Users\samue\repos\redis-windows\build_work\redis\build\msvc_compat.h(157,9): warning C4028: formal parameter 1 different from declaration [C:\Users\samue\repos\redis-windows\build_work\redis\build\src\redis-server.vcxproj]
  (compiling source file '../patched/src/t_set.c')
  
C:\Users\samue\repos\redis-windows\build_work\redis\build\msvc_compat.h(164,5): warning C4028: formal parameter 1 different from declaration [C:\Users\samue\repos\redis-windows\build_work\redis\build\src\redis-server.vcxproj]
  (compiling source file '../patched/src/t_set.c')
  
C:\Users\samue\repos\redis-windows\build_work\redis\build\patched\src\sds.h(146,34): warning C4267: '=': conversion from 'size_t' to 'unsigned char', possible loss of data [C:\Users\samue\repos\redis-windows\build_work\redis\build\src\redis-server.vcxproj]
  (compiling source file '../patched/src/t_set.c')
  
C:\Users\samue\repos\redis-windows\build_work\redis\build\patched\src\sds.h(150,33): warning C4267: '=': conversion from 'size_t' to 'uint8_t', possible loss of data [C:\Users\samue\repos\redis-windows\build_work\redis\build\src\redis-server.vcxproj]
  (compiling source file '../patched/src/t_set.c')
  
C:\Users\samue\repos\redis-windows\build_work\redis\build\patched\src\sds.h(153,34): warning C4267: '=': conversion from 'size_t' to 'uint16_t', possible loss of data [C:\Users\samue\repos\redis-windows\build_work\redis\build\src\redis-server.vcxproj]
  (compiling source file '../patched/src/t_set.c')
  
C:\Users\samue\repos\redis-windows\build_work\redis\build\patched\src\sds.h(156,34): warning C4267: '=': conversion from 'size_t' to 'uint32_t', possible loss of data [C:\Users\samue\repos\redis-windows\build_work\redis\build\src\redis-server.vcxproj]
  (compiling source file '../patched/src/t_set.c')
  
C:\Users\samue\repos\redis-windows\build_work\redis\build\patched\src\sds.h(174,34): warning C4267: '+=': conversion from 'size_t' to 'uint8_t', possible loss of data [C:\Users\samue\repos\redis-windows\build_work\redis\build\src\redis-server.vcxproj]
  (compiling source file '../patched/src/t_set.c')
  
C:\Users\samue\repos\redis-windows\build_work\redis\build\patched\src\sds.h(177,35): warning C4267: '+=': conversion from 'size_t' to 'uint16_t', possible loss of data [C:\Users\samue\repos\redis-windows\build_work\redis\build\src\redis-server.vcxproj]
  (compiling source file '../patched/src/t_set.c')
  
C:\Users\samue\repos\redis-windows\build_work\redis\build\patched\src\sds.h(180,35): warning C4267: '+=': conversion from 'size_t' to 'uint32_t', possible loss of data [C:\Users\samue\repos\redis-windows\build_work\redis\build\src\redis-server.vcxproj]
  (compiling source file '../patched/src/t_set.c')
  
C:\Users\samue\repos\redis-windows\build_work\redis\build\patched\src\sds.h(169,57): warning C4267: 'initializing': conversion from 'size_t' to 'unsigned char', possible loss of data [C:\Users\samue\repos\redis-windows\build_work\redis\build\src\redis-server.vcxproj]
  (compiling source file '../patched/src/t_set.c')
  
C:\Users\samue\repos\redis-windows\build_work\redis\build\patched\src\sds.h(234,50): warning C4267: '=': conversion from 'size_t' to 'uint8_t', possible loss of data [C:\Users\samue\repos\redis-windows\build_work\redis\build\src\redis-server.vcxproj]
  (compiling source file '../patched/src/t_set.c')
  
C:\Users\samue\repos\redis-windows\build_work\redis\build\patched\src\sds.h(237,53): warning C4267: '=': conversion from 'size_t' to 'uint16_t', possible loss of data [C:\Users\samue\repos\redis-windows\build_work\redis\build\src\redis-server.vcxproj]
  (compiling source file '../patched/src/t_set.c')
  
C:\Users\samue\repos\redis-windows\build_work\redis\build\patched\src\sds.h(240,36): warning C4267: '=': conversion from 'size_t' to 'uint32_t', possible loss of data [C:\Users\samue\repos\redis-windows\build_work\redis\build\src\redis-server.vcxproj]
  (compiling source file '../patched/src/t_set.c')
  
C:\Users\samue\repos\redis-windows\build_work\redis\build\patched\src\t_set.c(40,24): warning C4267: 'function': conversion from 'size_t' to 'unsigned long', possible loss of data [C:\Users\samue\repos\redis-windows\build_work\redis\build\src\redis-server.vcxproj]
C:\Users\samue\repos\redis-windows\build_work\redis\build\patched\src\t_set.c(50,55): warning C4267: 'function': conversion from 'size_t' to 'unsigned long', possible loss of data [C:\Users\samue\repos\redis-windows\build_work\redis\build\src\redis-server.vcxproj]
C:\Users\samue\repos\redis-windows\build_work\redis\build\patched\src\t_set.c(147,52): warning C4267: 'function': conversion from 'size_t' to 'uint32_t', possible loss of data [C:\Users\samue\repos\redis-windows\build_work\redis\build\src\redis-server.vcxproj]
C:\Users\samue\repos\redis-windows\build_work\redis\build\patched\src\t_set.c(159,60): warning C4267: 'function': conversion from 'size_t' to 'uint32_t', possible loss of data [C:\Users\samue\repos\redis-windows\build_work\redis\build\src\redis-server.vcxproj]
C:\Users\samue\repos\redis-windows\build_work\redis\build\patched\src\t_set.c(202,57): warning C4267: 'function': conversion from 'size_t' to 'uint32_t', possible loss of data [C:\Users\samue\repos\redis-windows\build_work\redis\build\src\redis-server.vcxproj]
C:\Users\samue\repos\redis-windows\build_work\redis\build\patched\src\t_set.c(257,48): warning C4267: 'function': conversion from 'size_t' to 'uint32_t', possible loss of data [C:\Users\samue\repos\redis-windows\build_work\redis\build\src\redis-server.vcxproj]
C:\Users\samue\repos\redis-windows\build_work\redis\build\patched\src\t_set.c(301,56): warning C4267: 'function': conversion from 'size_t' to 'uint32_t', possible loss of data [C:\Users\samue\repos\redis-windows\build_work\redis\build\src\redis-server.vcxproj]
C:\Users\samue\repos\redis-windows\build_work\redis\build\patched\src\t_set.c(552,57): warning C4267: 'function': conversion from 'size_t' to 'uint32_t', possible loss of data [C:\Users\samue\repos\redis-windows\build_work\redis\build\src\redis-server.vcxproj]
  t_zset.c
C:\Users\samue\repos\redis-windows\build_work\redis\build\msvc_compat.h(156,9): warning C4028: formal parameter 1 different from declaration [C:\Users\samue\repos\redis-windows\build_work\redis\build\src\redis-server.vcxproj]
  (compiling source file '../patched/src/t_zset.c')
  
C:\Users\samue\repos\redis-windows\build_work\redis\build\msvc_compat.h(157,9): warning C4028: formal parameter 1 different from declaration [C:\Users\samue\repos\redis-windows\build_work\redis\build\src\redis-server.vcxproj]
  (compiling source file '../patched/src/t_zset.c')
  
C:\Users\samue\repos\redis-windows\build_work\redis\build\msvc_compat.h(164,5): warning C4028: formal parameter 1 different from declaration [C:\Users\samue\repos\redis-windows\build_work\redis\build\src\redis-server.vcxproj]
  (compiling source file '../patched/src/t_zset.c')
  
C:\Users\samue\repos\redis-windows\build_work\redis\build\patched\src\sds.h(146,34): warning C4267: '=': conversion from 'size_t' to 'unsigned char', possible loss of data [C:\Users\samue\repos\redis-windows\build_work\redis\build\src\redis-server.vcxproj]
  (compiling source file '../patched/src/t_zset.c')
  
C:\Users\samue\repos\redis-windows\build_work\redis\build\patched\src\sds.h(150,33): warning C4267: '=': conversion from 'size_t' to 'uint8_t', possible loss of data [C:\Users\samue\repos\redis-windows\build_work\redis\build\src\redis-server.vcxproj]
  (compiling source file '../patched/src/t_zset.c')
  
C:\Users\samue\repos\redis-windows\build_work\redis\build\patched\src\sds.h(153,34): warning C4267: '=': conversion from 'size_t' to 'uint16_t', possible loss of data [C:\Users\samue\repos\redis-windows\build_work\redis\build\src\redis-server.vcxproj]
  (compiling source file '../patched/src/t_zset.c')
  
C:\Users\samue\repos\redis-windows\build_work\redis\build\patched\src\sds.h(156,34): warning C4267: '=': conversion from 'size_t' to 'uint32_t', possible loss of data [C:\Users\samue\repos\redis-windows\build_work\redis\build\src\redis-server.vcxproj]
  (compiling source file '../patched/src/t_zset.c')
  
C:\Users\samue\repos\redis-windows\build_work\redis\build\patched\src\sds.h(174,34): warning C4267: '+=': conversion from 'size_t' to 'uint8_t', possible loss of data [C:\Users\samue\repos\redis-windows\build_work\redis\build\src\redis-server.vcxproj]
  (compiling source file '../patched/src/t_zset.c')
  
C:\Users\samue\repos\redis-windows\build_work\redis\build\patched\src\sds.h(177,35): warning C4267: '+=': conversion from 'size_t' to 'uint16_t', possible loss of data [C:\Users\samue\repos\redis-windows\build_work\redis\build\src\redis-server.vcxproj]
  (compiling source file '../patched/src/t_zset.c')
  
C:\Users\samue\repos\redis-windows\build_work\redis\build\patched\src\sds.h(180,35): warning C4267: '+=': conversion from 'size_t' to 'uint32_t', possible loss of data [C:\Users\samue\repos\redis-windows\build_work\redis\build\src\redis-server.vcxproj]
  (compiling source file '../patched/src/t_zset.c')
  
C:\Users\samue\repos\redis-windows\build_work\redis\build\patched\src\sds.h(169,57): warning C4267: 'initializing': conversion from 'size_t' to 'unsigned char', possible loss of data [C:\Users\samue\repos\redis-windows\build_work\redis\build\src\redis-server.vcxproj]
  (compiling source file '../patched/src/t_zset.c')
  
C:\Users\samue\repos\redis-windows\build_work\redis\build\patched\src\sds.h(234,50): warning C4267: '=': conversion from 'size_t' to 'uint8_t', possible loss of data [C:\Users\samue\repos\redis-windows\build_work\redis\build\src\redis-server.vcxproj]
  (compiling source file '../patched/src/t_zset.c')
  
C:\Users\samue\repos\redis-windows\build_work\redis\build\patched\src\sds.h(237,53): warning C4267: '=': conversion from 'size_t' to 'uint16_t', possible loss of data [C:\Users\samue\repos\redis-windows\build_work\redis\build\src\redis-server.vcxproj]
  (compiling source file '../patched/src/t_zset.c')
  
C:\Users\samue\repos\redis-windows\build_work\redis\build\patched\src\sds.h(240,36): warning C4267: '=': conversion from 'size_t' to 'uint32_t', possible loss of data [C:\Users\samue\repos\redis-windows\build_work\redis\build\src\redis-server.vcxproj]
  (compiling source file '../patched/src/t_zset.c')
  
C:\Users\samue\repos\redis-windows\build_work\redis\build\patched\src\t_zset.c(196,31): warning C4267: 'function': conversion from 'size_t' to 'uint16_t', possible loss of data [C:\Users\samue\repos\redis-windows\build_work\redis\build\src\redis-server.vcxproj]
C:\Users\samue\repos\redis-windows\build_work\redis\build\patched\src\t_zset.c(255,45): warning C4244: 'initializing': conversion from 'double' to 'const int', possible loss of data [C:\Users\samue\repos\redis-windows\build_work\redis\build\src\redis-server.vcxproj]
C:\Users\samue\repos\redis-windows\build_work\redis\build\patched\src\t_zset.c(722,21): warning C4311: 'type cast': pointer truncation from 'void *' to 'long' [C:\Users\samue\repos\redis-windows\build_work\redis\build\src\redis-server.vcxproj]
C:\Users\samue\repos\redis-windows\build_work\redis\build\patched\src\t_zset.c(735,21): warning C4311: 'type cast': pointer truncation from 'void *' to 'long' [C:\Users\samue\repos\redis-windows\build_work\redis\build\src\redis-server.vcxproj]
C:\Users\samue\repos\redis-windows\build_work\redis\build\patched\src\t_zset.c(965,17): warning C4244: '=': conversion from '__int64' to 'double', possible loss of data [C:\Users\samue\repos\redis-windows\build_work\redis\build\src\redis-server.vcxproj]
C:\Users\samue\repos\redis-windows\build_work\redis\build\patched\src\t_zset.c(1231,50): warning C4267: 'function': conversion from 'size_t' to 'uint32_t', possible loss of data [C:\Users\samue\repos\redis-windows\build_work\redis\build\src\redis-server.vcxproj]
C:\Users\samue\repos\redis-windows\build_work\redis\build\patched\src\t_zset.c(1260,23): warning C4267: '=': conversion from 'size_t' to 'uint32_t', possible loss of data [C:\Users\samue\repos\redis-windows\build_work\redis\build\src\redis-server.vcxproj]
C:\Users\samue\repos\redis-windows\build_work\redis\build\patched\src\t_zset.c(1296,61): warning C4267: 'function': conversion from 'size_t' to 'unsigned int', possible loss of data [C:\Users\samue\repos\redis-windows\build_work\redis\build\src\redis-server.vcxproj]
C:\Users\samue\repos\redis-windows\build_work\redis\build\patched\src\t_zset.c(1422,26): warning C4267: 'function': conversion from 'size_t' to 'unsigned long', possible loss of data [C:\Users\samue\repos\redis-windows\build_work\redis\build\src\redis-server.vcxproj]
C:\Users\samue\repos\redis-windows\build_work\redis\build\patched\src\t_zset.c(1432,59): warning C4267: 'function': conversion from 'size_t' to 'unsigned long', possible loss of data [C:\Users\samue\repos\redis-windows\build_work\redis\build\src\redis-server.vcxproj]
C:\Users\samue\repos\redis-windows\build_work\redis\build\patched\src\t_zset.c(1823,52): warning C4267: 'function': conversion from 'size_t' to 'uint32_t', possible loss of data [C:\Users\samue\repos\redis-windows\build_work\redis\build\src\redis-server.vcxproj]
C:\Users\samue\repos\redis-windows\build_work\redis\build\patched\src\t_zset.c(1938,21): warning C4267: '=': conversion from 'size_t' to 'uint32_t', possible loss of data [C:\Users\samue\repos\redis-windows\build_work\redis\build\src\redis-server.vcxproj]
C:\Users\samue\repos\redis-windows\build_work\redis\build\patched\src\t_zset.c(2585,25): warning C4267: '=': conversion from 'size_t' to 'unsigned int', possible loss of data [C:\Users\samue\repos\redis-windows\build_work\redis\build\src\redis-server.vcxproj]
C:\Users\samue\repos\redis-windows\build_work\redis\build\patched\src\t_zset.c(3327,61): warning C4267: 'function': conversion from 'size_t' to 'long', possible loss of data [C:\Users\samue\repos\redis-windows\build_work\redis\build\src\redis-server.vcxproj]
C:\Users\samue\repos\redis-windows\build_work\redis\build\patched\src\t_zset.c(4490,42): warning C4244: 'function': conversion from '__int64' to 'double', possible loss of data [C:\Users\samue\repos\redis-windows\build_work\redis\build\src\redis-server.vcxproj]
  t_hash.c
C:\Users\samue\repos\redis-windows\build_work\redis\build\msvc_compat.h(156,9): warning C4028: formal parameter 1 different from declaration [C:\Users\samue\repos\redis-windows\build_work\redis\build\src\redis-server.vcxproj]
  (compiling source file '../patched/src/t_hash.c')
  
C:\Users\samue\repos\redis-windows\build_work\redis\build\msvc_compat.h(157,9): warning C4028: formal parameter 1 different from declaration [C:\Users\samue\repos\redis-windows\build_work\redis\build\src\redis-server.vcxproj]
  (compiling source file '../patched/src/t_hash.c')
  
C:\Users\samue\repos\redis-windows\build_work\redis\build\msvc_compat.h(164,5): warning C4028: formal parameter 1 different from declaration [C:\Users\samue\repos\redis-windows\build_work\redis\build\src\redis-server.vcxproj]
  (compiling source file '../patched/src/t_hash.c')
  
C:\Users\samue\repos\redis-windows\build_work\redis\build\patched\src\sds.h(146,34): warning C4267: '=': conversion from 'size_t' to 'unsigned char', possible loss of data [C:\Users\samue\repos\redis-windows\build_work\redis\build\src\redis-server.vcxproj]
  (compiling source file '../patched/src/t_hash.c')
  
C:\Users\samue\repos\redis-windows\build_work\redis\build\patched\src\sds.h(150,33): warning C4267: '=': conversion from 'size_t' to 'uint8_t', possible loss of data [C:\Users\samue\repos\redis-windows\build_work\redis\build\src\redis-server.vcxproj]
  (compiling source file '../patched/src/t_hash.c')
  
C:\Users\samue\repos\redis-windows\build_work\redis\build\patched\src\sds.h(153,34): warning C4267: '=': conversion from 'size_t' to 'uint16_t', possible loss of data [C:\Users\samue\repos\redis-windows\build_work\redis\build\src\redis-server.vcxproj]
  (compiling source file '../patched/src/t_hash.c')
  
C:\Users\samue\repos\redis-windows\build_work\redis\build\patched\src\sds.h(156,34): warning C4267: '=': conversion from 'size_t' to 'uint32_t', possible loss of data [C:\Users\samue\repos\redis-windows\build_work\redis\build\src\redis-server.vcxproj]
  (compiling source file '../patched/src/t_hash.c')
  
C:\Users\samue\repos\redis-windows\build_work\redis\build\patched\src\sds.h(174,34): warning C4267: '+=': conversion from 'size_t' to 'uint8_t', possible loss of data [C:\Users\samue\repos\redis-windows\build_work\redis\build\src\redis-server.vcxproj]
  (compiling source file '../patched/src/t_hash.c')
  
C:\Users\samue\repos\redis-windows\build_work\redis\build\patched\src\sds.h(177,35): warning C4267: '+=': conversion from 'size_t' to 'uint16_t', possible loss of data [C:\Users\samue\repos\redis-windows\build_work\redis\build\src\redis-server.vcxproj]
  (compiling source file '../patched/src/t_hash.c')
  
C:\Users\samue\repos\redis-windows\build_work\redis\build\patched\src\sds.h(180,35): warning C4267: '+=': conversion from 'size_t' to 'uint32_t', possible loss of data [C:\Users\samue\repos\redis-windows\build_work\redis\build\src\redis-server.vcxproj]
  (compiling source file '../patched/src/t_hash.c')
  
C:\Users\samue\repos\redis-windows\build_work\redis\build\patched\src\sds.h(169,57): warning C4267: 'initializing': conversion from 'size_t' to 'unsigned char', possible loss of data [C:\Users\samue\repos\redis-windows\build_work\redis\build\src\redis-server.vcxproj]
  (compiling source file '../patched/src/t_hash.c')
  
C:\Users\samue\repos\redis-windows\build_work\redis\build\patched\src\sds.h(234,50): warning C4267: '=': conversion from 'size_t' to 'uint8_t', possible loss of data [C:\Users\samue\repos\redis-windows\build_work\redis\build\src\redis-server.vcxproj]
  (compiling source file '../patched/src/t_hash.c')
  
C:\Users\samue\repos\redis-windows\build_work\redis\build\patched\src\sds.h(237,53): warning C4267: '=': conversion from 'size_t' to 'uint16_t', possible loss of data [C:\Users\samue\repos\redis-windows\build_work\redis\build\src\redis-server.vcxproj]
  (compiling source file '../patched/src/t_hash.c')
  
C:\Users\samue\repos\redis-windows\build_work\redis\build\patched\src\sds.h(240,36): warning C4267: '=': conversion from 'size_t' to 'uint32_t', possible loss of data [C:\Users\samue\repos\redis-windows\build_work\redis\build\src\redis-server.vcxproj]
  (compiling source file '../patched/src/t_hash.c')
  
C:\Users\samue\repos\redis-windows\build_work\redis\build\patched\src\t_hash.c(425,53): warning C4244: 'function': conversion from 'uint64_t' to 'unsigned long', possible loss of data [C:\Users\samue\repos\redis-windows\build_work\redis\build\src\redis-server.vcxproj]
C:\Users\samue\repos\redis-windows\build_work\redis\build\patched\src\t_hash.c(467,50): warning C4267: 'initializing': conversion from 'size_t' to 'uint32_t', possible loss of data [C:\Users\samue\repos\redis-windows\build_work\redis\build\src\redis-server.vcxproj]
C:\Users\samue\repos\redis-windows\build_work\redis\build\patched\src\t_hash.c(468,50): warning C4267: 'initializing': conversion from 'size_t' to 'uint32_t', possible loss of data [C:\Users\samue\repos\redis-windows\build_work\redis\build\src\redis-server.vcxproj]
C:\Users\samue\repos\redis-windows\build_work\redis\build\patched\src\t_hash.c(507,19): warning C4267: '=': conversion from 'size_t' to 'uint32_t', possible loss of data [C:\Users\samue\repos\redis-windows\build_work\redis\build\src\redis-server.vcxproj]
C:\Users\samue\repos\redis-windows\build_work\redis\build\patched\src\t_hash.c(622,28): warning C4267: 'function': conversion from 'size_t' to 'unsigned long', possible loss of data [C:\Users\samue\repos\redis-windows\build_work\redis\build\src\redis-server.vcxproj]
C:\Users\samue\repos\redis-windows\build_work\redis\build\patched\src\t_hash.c(655,60): warning C4267: 'function': conversion from 'size_t' to 'uint32_t', possible loss of data [C:\Users\samue\repos\redis-windows\build_work\redis\build\src\redis-server.vcxproj]
C:\Users\samue\repos\redis-windows\build_work\redis\build\patched\src\t_hash.c(669,65): warning C4267: 'function': conversion from 'size_t' to 'uint32_t', possible loss of data [C:\Users\samue\repos\redis-windows\build_work\redis\build\src\redis-server.vcxproj]
C:\Users\samue\repos\redis-windows\build_work\redis\build\patched\src\t_hash.c(758,17): warning C4267: '=': conversion from 'size_t' to 'unsigned int', possible loss of data [C:\Users\samue\repos\redis-windows\build_work\redis\build\src\redis-server.vcxproj]
C:\Users\samue\repos\redis-windows\build_work\redis\build\patched\src\t_hash.c(934,60): warning C4267: 'function': conversion from 'size_t' to 'uint32_t', possible loss of data [C:\Users\samue\repos\redis-windows\build_work\redis\build\src\redis-server.vcxproj]
C:\Users\samue\repos\redis-windows\build_work\redis\build\patched\src\t_hash.c(941,66): warning C4267: 'function': conversion from 'size_t' to 'uint32_t', possible loss of data [C:\Users\samue\repos\redis-windows\build_work\redis\build\src\redis-server.vcxproj]
C:\Users\samue\repos\redis-windows\build_work\redis\build\patched\src\t_hash.c(967,65): warning C4267: 'function': conversion from 'size_t' to 'uint32_t', possible loss of data [C:\Users\samue\repos\redis-windows\build_work\redis\build\src\redis-server.vcxproj]
C:\Users\samue\repos\redis-windows\build_work\redis\build\patched\src\t_hash.c(974,78): warning C4267: 'function': conversion from 'size_t' to 'uint32_t', possible loss of data [C:\Users\samue\repos\redis-windows\build_work\redis\build\src\redis-server.vcxproj]
C:\Users\samue\repos\redis-windows\build_work\redis\build\patched\src\t_hash.c(948,58): warning C4267: 'initializing': conversion from 'size_t' to 'uint32_t', possible loss of data [C:\Users\samue\repos\redis-windows\build_work\redis\build\src\redis-server.vcxproj]
C:\Users\samue\repos\redis-windows\build_work\redis\build\patched\src\t_hash.c(949,58): warning C4267: 'initializing': conversion from 'size_t' to 'uint32_t', possible loss of data [C:\Users\samue\repos\redis-windows\build_work\redis\build\src\redis-server.vcxproj]
C:\Users\samue\repos\redis-windows\build_work\redis\build\patched\src\t_hash.c(1170,65): warning C4267: 'function': conversion from 'size_t' to 'uint32_t', possible loss of data [C:\Users\samue\repos\redis-windows\build_work\redis\build\src\redis-server.vcxproj]
C:\Users\samue\repos\redis-windows\build_work\redis\build\patched\src\t_hash.c(1288,20): warning C4267: 'initializing': conversion from 'size_t' to 'int', possible loss of data [C:\Users\samue\repos\redis-windows\build_work\redis\build\src\redis-server.vcxproj]
C:\Users\samue\repos\redis-windows\build_work\redis\build\patched\src\t_hash.c(1345,23): warning C4244: '-=': conversion from 'uint64_t' to 'unsigned long', possible loss of data [C:\Users\samue\repos\redis-windows\build_work\redis\build\src\redis-server.vcxproj]
C:\Users\samue\repos\redis-windows\build_work\redis\build\patched\src\t_hash.c(1357,30): warning C4244: '=': conversion from 'uint64_t' to 'unsigned long', possible loss of data [C:\Users\samue\repos\redis-windows\build_work\redis\build\src\redis-server.vcxproj]
C:\Users\samue\repos\redis-windows\build_work\redis\build\patched\src\t_hash.c(1568,17): warning C4267: '=': conversion from 'size_t' to 'unsigned int', possible loss of data [C:\Users\samue\repos\redis-windows\build_work\redis\build\src\redis-server.vcxproj]
C:\Users\samue\repos\redis-windows\build_work\redis\build\patched\src\t_hash.c(1877,21): warning C4267: '=': conversion from 'size_t' to 'uint32_t', possible loss of data [C:\Users\samue\repos\redis-windows\build_work\redis\build\src\redis-server.vcxproj]
C:\Users\samue\repos\redis-windows\build_work\redis\build\patched\src\t_hash.c(1881,25): warning C4267: '=': conversion from 'size_t' to 'uint32_t', possible loss of data [C:\Users\samue\repos\redis-windows\build_work\redis\build\src\redis-server.vcxproj]
C:\Users\samue\repos\redis-windows\build_work\redis\build\patched\src\t_hash.c(1931,19): warning C4244: '-=': conversion from 'uint64_t' to 'uint32_t', possible loss of data [C:\Users\samue\repos\redis-windows\build_work\redis\build\src\redis-server.vcxproj]
C:\Users\samue\repos\redis-windows\build_work\redis\build\patched\src\t_hash.c(1942,67): warning C4267: 'function': conversion from 'size_t' to 'int', possible loss of data [C:\Users\samue\repos\redis-windows\build_work\redis\build\src\redis-server.vcxproj]
C:\Users\samue\repos\redis-windows\build_work\redis\build\patched\src\t_hash.c(2534,82): warning C4267: 'function': conversion from 'size_t' to 'int', possible loss of data [C:\Users\samue\repos\redis-windows\build_work\redis\build\src\redis-server.vcxproj]
C:\Users\samue\repos\redis-windows\build_work\redis\build\patched\src\t_hash.c(2538,78): warning C4267: 'function': conversion from 'size_t' to 'int', possible loss of data [C:\Users\samue\repos\redis-windows\build_work\redis\build\src\redis-server.vcxproj]
C:\Users\samue\repos\redis-windows\build_work\redis\build\patched\src\t_hash.c(2541,86): warning C4267: 'function': conversion from 'size_t' to 'int', possible loss of data [C:\Users\samue\repos\redis-windows\build_work\redis\build\src\redis-server.vcxproj]
C:\Users\samue\repos\redis-windows\build_work\redis\build\patched\src\t_hash.c(2544,86): warning C4267: 'function': conversion from 'size_t' to 'int', possible loss of data [C:\Users\samue\repos\redis-windows\build_work\redis\build\src\redis-server.vcxproj]
C:\Users\samue\repos\redis-windows\build_work\redis\build\patched\src\t_hash.c(2751,78): warning C4267: 'function': conversion from 'size_t' to 'int', possible loss of data [C:\Users\samue\repos\redis-windows\build_work\redis\build\src\redis-server.vcxproj]
C:\Users\samue\repos\redis-windows\build_work\redis\build\patched\src\t_hash.c(2851,78): warning C4267: 'function': conversion from 'size_t' to 'int', possible loss of data [C:\Users\samue\repos\redis-windows\build_work\redis\build\src\redis-server.vcxproj]
C:\Users\samue\repos\redis-windows\build_work\redis\build\patched\src\t_hash.c(2855,78): warning C4267: 'function': conversion from 'size_t' to 'int', possible loss of data [C:\Users\samue\repos\redis-windows\build_work\redis\build\src\redis-server.vcxproj]
C:\Users\samue\repos\redis-windows\build_work\redis\build\patched\src\t_hash.c(2978,78): warning C4267: 'function': conversion from 'size_t' to 'int', possible loss of data [C:\Users\samue\repos\redis-windows\build_work\redis\build\src\redis-server.vcxproj]
C:\Users\samue\repos\redis-windows\build_work\redis\build\patched\src\t_hash.c(2988,82): warning C4267: 'function': conversion from 'size_t' to 'int', possible loss of data [C:\Users\samue\repos\redis-windows\build_work\redis\build\src\redis-server.vcxproj]
C:\Users\samue\repos\redis-windows\build_work\redis\build\patched\src\t_hash.c(2998,82): warning C4267: 'function': conversion from 'size_t' to 'int', possible loss of data [C:\Users\samue\repos\redis-windows\build_work\redis\build\src\redis-server.vcxproj]
C:\Users\samue\repos\redis-windows\build_work\redis\build\patched\src\t_hash.c(3022,78): warning C4267: 'function': conversion from 'size_t' to 'int', possible loss of data [C:\Users\samue\repos\redis-windows\build_work\redis\build\src\redis-server.vcxproj]
C:\Users\samue\repos\redis-windows\build_work\redis\build\patched\src\t_hash.c(3099,106): warning C4267: 'function': conversion from 'size_t' to 'int', possible loss of data [C:\Users\samue\repos\redis-windows\build_work\redis\build\src\redis-server.vcxproj]
C:\Users\samue\repos\redis-windows\build_work\redis\build\patched\src\t_hash.c(3894,66): warning C4267: 'function': conversion from 'size_t' to 'uint32_t', possible loss of data [C:\Users\samue\repos\redis-windows\build_work\redis\build\src\redis-server.vcxproj]
C:\Users\samue\repos\redis-windows\build_work\redis\build\patched\src\t_hash.c(3911,71): warning C4267: 'function': conversion from 'size_t' to 'uint32_t', possible loss of data [C:\Users\samue\repos\redis-windows\build_work\redis\build\src\redis-server.vcxproj]
C:\Users\samue\repos\redis-windows\build_work\redis\build\patched\src\t_hash.c(4084,79): warning C4267: 'function': conversion from 'size_t' to 'int', possible loss of data [C:\Users\samue\repos\redis-windows\build_work\redis\build\src\redis-server.vcxproj]
C:\Users\samue\repos\redis-windows\build_work\redis\build\patched\src\t_hash.c(4086,79): warning C4267: 'function': conversion from 'size_t' to 'int', possible loss of data [C:\Users\samue\repos\redis-windows\build_work\redis\build\src\redis-server.vcxproj]
C:\Users\samue\repos\redis-windows\build_work\redis\build\patched\src\t_hash.c(4226,66): warning C4267: 'function': conversion from 'size_t' to 'uint32_t', possible loss of data [C:\Users\samue\repos\redis-windows\build_work\redis\build\src\redis-server.vcxproj]
C:\Users\samue\repos\redis-windows\build_work\redis\build\patched\src\t_hash.c(4247,69): warning C4267: 'function': conversion from 'size_t' to 'uint32_t', possible loss of data [C:\Users\samue\repos\redis-windows\build_work\redis\build\src\redis-server.vcxproj]
C:\Users\samue\repos\redis-windows\build_work\redis\build\patched\src\t_hash.c(4319,80): warning C4267: 'function': conversion from 'size_t' to 'int', possible loss of data [C:\Users\samue\repos\redis-windows\build_work\redis\build\src\redis-server.vcxproj]
  config.c
C:\Users\samue\repos\redis-windows\build_work\redis\build\msvc_compat.h(156,9): warning C4028: formal parameter 1 different from declaration [C:\Users\samue\repos\redis-windows\build_work\redis\build\src\redis-server.vcxproj]
  (compiling source file '../patched/src/config.c')
  
C:\Users\samue\repos\redis-windows\build_work\redis\build\msvc_compat.h(157,9): warning C4028: formal parameter 1 different from declaration [C:\Users\samue\repos\redis-windows\build_work\redis\build\src\redis-server.vcxproj]
  (compiling source file '../patched/src/config.c')
  
C:\Users\samue\repos\redis-windows\build_work\redis\build\msvc_compat.h(164,5): warning C4028: formal parameter 1 different from declaration [C:\Users\samue\repos\redis-windows\build_work\redis\build\src\redis-server.vcxproj]
  (compiling source file '../patched/src/config.c')
  
C:\Users\samue\repos\redis-windows\build_work\redis\build\patched\src\sds.h(146,34): warning C4267: '=': conversion from 'size_t' to 'unsigned char', possible loss of data [C:\Users\samue\repos\redis-windows\build_work\redis\build\src\redis-server.vcxproj]
  (compiling source file '../patched/src/config.c')
  
C:\Users\samue\repos\redis-windows\build_work\redis\build\patched\src\sds.h(150,33): warning C4267: '=': conversion from 'size_t' to 'uint8_t', possible loss of data [C:\Users\samue\repos\redis-windows\build_work\redis\build\src\redis-server.vcxproj]
  (compiling source file '../patched/src/config.c')
  
C:\Users\samue\repos\redis-windows\build_work\redis\build\patched\src\sds.h(153,34): warning C4267: '=': conversion from 'size_t' to 'uint16_t', possible loss of data [C:\Users\samue\repos\redis-windows\build_work\redis\build\src\redis-server.vcxproj]
  (compiling source file '../patched/src/config.c')
  
C:\Users\samue\repos\redis-windows\build_work\redis\build\patched\src\sds.h(156,34): warning C4267: '=': conversion from 'size_t' to 'uint32_t', possible loss of data [C:\Users\samue\repos\redis-windows\build_work\redis\build\src\redis-server.vcxproj]
  (compiling source file '../patched/src/config.c')
  
C:\Users\samue\repos\redis-windows\build_work\redis\build\patched\src\sds.h(174,34): warning C4267: '+=': conversion from 'size_t' to 'uint8_t', possible loss of data [C:\Users\samue\repos\redis-windows\build_work\redis\build\src\redis-server.vcxproj]
  (compiling source file '../patched/src/config.c')
  
C:\Users\samue\repos\redis-windows\build_work\redis\build\patched\src\sds.h(177,35): warning C4267: '+=': conversion from 'size_t' to 'uint16_t', possible loss of data [C:\Users\samue\repos\redis-windows\build_work\redis\build\src\redis-server.vcxproj]
  (compiling source file '../patched/src/config.c')
  
C:\Users\samue\repos\redis-windows\build_work\redis\build\patched\src\sds.h(180,35): warning C4267: '+=': conversion from 'size_t' to 'uint32_t', possible loss of data [C:\Users\samue\repos\redis-windows\build_work\redis\build\src\redis-server.vcxproj]
  (compiling source file '../patched/src/config.c')
  
C:\Users\samue\repos\redis-windows\build_work\redis\build\patched\src\sds.h(169,57): warning C4267: 'initializing': conversion from 'size_t' to 'unsigned char', possible loss of data [C:\Users\samue\repos\redis-windows\build_work\redis\build\src\redis-server.vcxproj]
  (compiling source file '../patched/src/config.c')
  
C:\Users\samue\repos\redis-windows\build_work\redis\build\patched\src\sds.h(234,50): warning C4267: '=': conversion from 'size_t' to 'uint8_t', possible loss of data [C:\Users\samue\repos\redis-windows\build_work\redis\build\src\redis-server.vcxproj]
  (compiling source file '../patched/src/config.c')
  
C:\Users\samue\repos\redis-windows\build_work\redis\build\patched\src\sds.h(237,53): warning C4267: '=': conversion from 'size_t' to 'uint16_t', possible loss of data [C:\Users\samue\repos\redis-windows\build_work\redis\build\src\redis-server.vcxproj]
  (compiling source file '../patched/src/config.c')
  
C:\Users\samue\repos\redis-windows\build_work\redis\build\patched\src\sds.h(240,36): warning C4267: '=': conversion from 'size_t' to 'uint32_t', possible loss of data [C:\Users\samue\repos\redis-windows\build_work\redis\build\src\redis-server.vcxproj]
  (compiling source file '../patched/src/config.c')
  
C:\Users\samue\repos\redis-windows\build_work\redis\build\patched\src\config.c(423,24): warning C4244: '=': conversion from '__int64' to 'int', possible loss of data [C:\Users\samue\repos\redis-windows\build_work\redis\build\src\redis-server.vcxproj]
C:\Users\samue\repos\redis-windows\build_work\redis\build\patched\src\config.c(1097,23): warning C4312: 'type cast': conversion from 'long' to 'void *' of greater size [C:\Users\samue\repos\redis-windows\build_work\redis\build\src\redis-server.vcxproj]
C:\Users\samue\repos\redis-windows\build_work\redis\build\patched\src\config.c(1253,23): warning C4311: 'type cast': pointer truncation from 'void *' to 'long' [C:\Users\samue\repos\redis-windows\build_work\redis\build\src\redis-server.vcxproj]
C:\Users\samue\repos\redis-windows\build_work\redis\build\patched\src\config.c(1652,27): warning C4311: 'type cast': pointer truncation from 'void *' to 'long' [C:\Users\samue\repos\redis-windows\build_work\redis\build\src\redis-server.vcxproj]
C:\Users\samue\repos\redis-windows\build_work\redis\build\patched\src\config.c(2425,32): warning C4267: 'function': conversion from 'size_t' to 'unsigned int', possible loss of data [C:\Users\samue\repos\redis-windows\build_work\redis\build\src\redis-server.vcxproj]
C:\Users\samue\repos\redis-windows\build_work\redis\build\patched\src\config.c(2653,40): warning C4267: 'function': conversion from 'size_t' to 'int', possible loss of data [C:\Users\samue\repos\redis-windows\build_work\redis\build\src\redis-server.vcxproj]
C:\Users\samue\repos\redis-windows\build_work\redis\build\patched\src\config.c(2834,15): warning C4244: '=': conversion from '__int64' to 'long', possible loss of data [C:\Users\samue\repos\redis-windows\build_work\redis\build\src\redis-server.vcxproj]
C:\Users\samue\repos\redis-windows\build_work\redis\build\patched\src\config.c(2861,19): warning C4244: '=': conversion from '__int64' to 'int', possible loss of data [C:\Users\samue\repos\redis-windows\build_work\redis\build\src\redis-server.vcxproj]
C:\Users\samue\repos\redis-windows\build_work\redis\build\patched\src\config.c(2928,21): warning C4244: '=': conversion from '__int64' to 'int', possible loss of data [C:\Users\samue\repos\redis-windows\build_work\redis\build\src\redis-server.vcxproj]
  aof.c
C:\Users\samue\repos\redis-windows\build_work\redis\build\msvc_compat.h(156,9): warning C4028: formal parameter 1 different from declaration [C:\Users\samue\repos\redis-windows\build_work\redis\build\src\redis-server.vcxproj]
  (compiling source file '../patched/src/aof.c')
  
C:\Users\samue\repos\redis-windows\build_work\redis\build\msvc_compat.h(157,9): warning C4028: formal parameter 1 different from declaration [C:\Users\samue\repos\redis-windows\build_work\redis\build\src\redis-server.vcxproj]
  (compiling source file '../patched/src/aof.c')
  
C:\Users\samue\repos\redis-windows\build_work\redis\build\msvc_compat.h(164,5): warning C4028: formal parameter 1 different from declaration [C:\Users\samue\repos\redis-windows\build_work\redis\build\src\redis-server.vcxproj]
  (compiling source file '../patched/src/aof.c')
  
C:\Users\samue\repos\redis-windows\build_work\redis\build\patched\src\sds.h(146,34): warning C4267: '=': conversion from 'size_t' to 'unsigned char', possible loss of data [C:\Users\samue\repos\redis-windows\build_work\redis\build\src\redis-server.vcxproj]
  (compiling source file '../patched/src/aof.c')
  
C:\Users\samue\repos\redis-windows\build_work\redis\build\patched\src\sds.h(150,33): warning C4267: '=': conversion from 'size_t' to 'uint8_t', possible loss of data [C:\Users\samue\repos\redis-windows\build_work\redis\build\src\redis-server.vcxproj]
  (compiling source file '../patched/src/aof.c')
  
C:\Users\samue\repos\redis-windows\build_work\redis\build\patched\src\sds.h(153,34): warning C4267: '=': conversion from 'size_t' to 'uint16_t', possible loss of data [C:\Users\samue\repos\redis-windows\build_work\redis\build\src\redis-server.vcxproj]
  (compiling source file '../patched/src/aof.c')
  
C:\Users\samue\repos\redis-windows\build_work\redis\build\patched\src\sds.h(156,34): warning C4267: '=': conversion from 'size_t' to 'uint32_t', possible loss of data [C:\Users\samue\repos\redis-windows\build_work\redis\build\src\redis-server.vcxproj]
  (compiling source file '../patched/src/aof.c')
  
C:\Users\samue\repos\redis-windows\build_work\redis\build\patched\src\sds.h(174,34): warning C4267: '+=': conversion from 'size_t' to 'uint8_t', possible loss of data [C:\Users\samue\repos\redis-windows\build_work\redis\build\src\redis-server.vcxproj]
  (compiling source file '../patched/src/aof.c')
  
C:\Users\samue\repos\redis-windows\build_work\redis\build\patched\src\sds.h(177,35): warning C4267: '+=': conversion from 'size_t' to 'uint16_t', possible loss of data [C:\Users\samue\repos\redis-windows\build_work\redis\build\src\redis-server.vcxproj]
  (compiling source file '../patched/src/aof.c')
  
C:\Users\samue\repos\redis-windows\build_work\redis\build\patched\src\sds.h(180,35): warning C4267: '+=': conversion from 'size_t' to 'uint32_t', possible loss of data [C:\Users\samue\repos\redis-windows\build_work\redis\build\src\redis-server.vcxproj]
  (compiling source file '../patched/src/aof.c')
  
C:\Users\samue\repos\redis-windows\build_work\redis\build\patched\src\sds.h(169,57): warning C4267: 'initializing': conversion from 'size_t' to 'unsigned char', possible loss of data [C:\Users\samue\repos\redis-windows\build_work\redis\build\src\redis-server.vcxproj]
  (compiling source file '../patched/src/aof.c')
  
C:\Users\samue\repos\redis-windows\build_work\redis\build\patched\src\sds.h(234,50): warning C4267: '=': conversion from 'size_t' to 'uint8_t', possible loss of data [C:\Users\samue\repos\redis-windows\build_work\redis\build\src\redis-server.vcxproj]
  (compiling source file '../patched/src/aof.c')
  
C:\Users\samue\repos\redis-windows\build_work\redis\build\patched\src\sds.h(237,53): warning C4267: '=': conversion from 'size_t' to 'uint16_t', possible loss of data [C:\Users\samue\repos\redis-windows\build_work\redis\build\src\redis-server.vcxproj]
  (compiling source file '../patched/src/aof.c')
  
C:\Users\samue\repos\redis-windows\build_work\redis\build\patched\src\sds.h(240,36): warning C4267: '=': conversion from 'size_t' to 'uint32_t', possible loss of data [C:\Users\samue\repos\redis-windows\build_work\redis\build\src\redis-server.vcxproj]
  (compiling source file '../patched/src/aof.c')
  
C:\Users\samue\repos\redis-windows\build_work\redis\build\patched\src\aof.c(558,11): warning C4267: '=': conversion from 'size_t' to 'int', possible loss of data [C:\Users\samue\repos\redis-windows\build_work\redis\build\src\redis-server.vcxproj]
C:\Users\samue\repos\redis-windows\build_work\redis\build\patched\src\aof.c(572,16): warning C4244: '-=': conversion from 'ssize_t' to 'int', possible loss of data [C:\Users\samue\repos\redis-windows\build_work\redis\build\src\redis-server.vcxproj]
C:\Users\samue\repos\redis-windows\build_work\redis\build\patched\src\aof.c(1910,39): warning C4311: 'type cast': pointer truncation from 'void *' to 'long' [C:\Users\samue\repos\redis-windows\build_work\redis\build\src\redis-server.vcxproj]
C:\Users\samue\repos\redis-windows\build_work\redis\build\patched\src\aof.c(1910,16): warning C4267: 'return': conversion from 'size_t' to 'int', possible loss of data [C:\Users\samue\repos\redis-windows\build_work\redis\build\src\redis-server.vcxproj]
C:\Users\samue\repos\redis-windows\build_work\redis\build\patched\src\aof.c(1912,16): warning C4267: 'return': conversion from 'size_t' to 'int', possible loss of data [C:\Users\samue\repos\redis-windows\build_work\redis\build\src\redis-server.vcxproj]
C:\Users\samue\repos\redis-windows\build_work\redis\build\patched\src\aof.c(1928,65): warning C4244: 'initializing': conversion from '__int64' to 'int', possible loss of data [C:\Users\samue\repos\redis-windows\build_work\redis\build\src\redis-server.vcxproj]
C:\Users\samue\repos\redis-windows\build_work\redis\build\patched\src\aof.c(1972,65): warning C4244: 'initializing': conversion from '__int64' to 'int', possible loss of data [C:\Users\samue\repos\redis-windows\build_work\redis\build\src\redis-server.vcxproj]
C:\Users\samue\repos\redis-windows\build_work\redis\build\patched\src\aof.c(2018,69): warning C4244: 'initializing': conversion from '__int64' to 'int', possible loss of data [C:\Users\samue\repos\redis-windows\build_work\redis\build\src\redis-server.vcxproj]
C:\Users\samue\repos\redis-windows\build_work\redis\build\patched\src\aof.c(2050,69): warning C4244: 'initializing': conversion from '__int64' to 'int', possible loss of data [C:\Users\samue\repos\redis-windows\build_work\redis\build\src\redis-server.vcxproj]
C:\Users\samue\repos\redis-windows\build_work\redis\build\patched\src\aof.c(2091,20): warning C4267: 'return': conversion from 'size_t' to 'int', possible loss of data [C:\Users\samue\repos\redis-windows\build_work\redis\build\src\redis-server.vcxproj]
C:\Users\samue\repos\redis-windows\build_work\redis\build\patched\src\aof.c(2093,20): warning C4267: 'return': conversion from 'size_t' to 'int', possible loss of data [C:\Users\samue\repos\redis-windows\build_work\redis\build\src\redis-server.vcxproj]
C:\Users\samue\repos\redis-windows\build_work\redis\build\patched\src\aof.c(2098,16): warning C4267: 'return': conversion from 'size_t' to 'int', possible loss of data [C:\Users\samue\repos\redis-windows\build_work\redis\build\src\redis-server.vcxproj]
C:\Users\samue\repos\redis-windows\build_work\redis\build\patched\src\aof.c(2119,69): warning C4244: 'initializing': conversion from '__int64' to 'int', possible loss of data [C:\Users\samue\repos\redis-windows\build_work\redis\build\src\redis-server.vcxproj]
C:\Users\samue\repos\redis-windows\build_work\redis\build\patched\src\aof.c(2170,14): warning C4267: '=': conversion from 'size_t' to 'int', possible loss of data [C:\Users\samue\repos\redis-windows\build_work\redis\build\src\redis-server.vcxproj]
C:\Users\samue\repos\redis-windows\build_work\redis\build\patched\src\aof.c(2273,43): warning C4244: 'function': conversion from 'int64_t' to 'long', possible loss of data [C:\Users\samue\repos\redis-windows\build_work\redis\build\src\redis-server.vcxproj]
C:\Users\samue\repos\redis-windows\build_work\redis\build\patched\src\aof.c(2526,12): warning C4267: 'return': conversion from 'size_t' to 'int', possible loss of data [C:\Users\samue\repos\redis-windows\build_work\redis\build\src\redis-server.vcxproj]
C:\Users\samue\repos\redis-windows\build_work\redis\build\patched\src\aof.c(2534,64): warning C4244: 'initializing': conversion from '__int64' to 'int', possible loss of data [C:\Users\samue\repos\redis-windows\build_work\redis\build\src\redis-server.vcxproj]
  pubsub.c
C:\Users\samue\repos\redis-windows\build_work\redis\build\msvc_compat.h(156,9): warning C4028: formal parameter 1 different from declaration [C:\Users\samue\repos\redis-windows\build_work\redis\build\src\redis-server.vcxproj]
  (compiling source file '../patched/src/pubsub.c')
  
C:\Users\samue\repos\redis-windows\build_work\redis\build\msvc_compat.h(157,9): warning C4028: formal parameter 1 different from declaration [C:\Users\samue\repos\redis-windows\build_work\redis\build\src\redis-server.vcxproj]
  (compiling source file '../patched/src/pubsub.c')
  
C:\Users\samue\repos\redis-windows\build_work\redis\build\msvc_compat.h(164,5): warning C4028: formal parameter 1 different from declaration [C:\Users\samue\repos\redis-windows\build_work\redis\build\src\redis-server.vcxproj]
  (compiling source file '../patched/src/pubsub.c')
  
C:\Users\samue\repos\redis-windows\build_work\redis\build\patched\src\sds.h(146,34): warning C4267: '=': conversion from 'size_t' to 'unsigned char', possible loss of data [C:\Users\samue\repos\redis-windows\build_work\redis\build\src\redis-server.vcxproj]
  (compiling source file '../patched/src/pubsub.c')
  
C:\Users\samue\repos\redis-windows\build_work\redis\build\patched\src\sds.h(150,33): warning C4267: '=': conversion from 'size_t' to 'uint8_t', possible loss of data [C:\Users\samue\repos\redis-windows\build_work\redis\build\src\redis-server.vcxproj]
  (compiling source file '../patched/src/pubsub.c')
  
C:\Users\samue\repos\redis-windows\build_work\redis\build\patched\src\sds.h(153,34): warning C4267: '=': conversion from 'size_t' to 'uint16_t', possible loss of data [C:\Users\samue\repos\redis-windows\build_work\redis\build\src\redis-server.vcxproj]
  (compiling source file '../patched/src/pubsub.c')
  
C:\Users\samue\repos\redis-windows\build_work\redis\build\patched\src\sds.h(156,34): warning C4267: '=': conversion from 'size_t' to 'uint32_t', possible loss of data [C:\Users\samue\repos\redis-windows\build_work\redis\build\src\redis-server.vcxproj]
  (compiling source file '../patched/src/pubsub.c')
  
C:\Users\samue\repos\redis-windows\build_work\redis\build\patched\src\sds.h(174,34): warning C4267: '+=': conversion from 'size_t' to 'uint8_t', possible loss of data [C:\Users\samue\repos\redis-windows\build_work\redis\build\src\redis-server.vcxproj]
  (compiling source file '../patched/src/pubsub.c')
  
C:\Users\samue\repos\redis-windows\build_work\redis\build\patched\src\sds.h(177,35): warning C4267: '+=': conversion from 'size_t' to 'uint16_t', possible loss of data [C:\Users\samue\repos\redis-windows\build_work\redis\build\src\redis-server.vcxproj]
  (compiling source file '../patched/src/pubsub.c')
  
C:\Users\samue\repos\redis-windows\build_work\redis\build\patched\src\sds.h(180,35): warning C4267: '+=': conversion from 'size_t' to 'uint32_t', possible loss of data [C:\Users\samue\repos\redis-windows\build_work\redis\build\src\redis-server.vcxproj]
  (compiling source file '../patched/src/pubsub.c')
  
C:\Users\samue\repos\redis-windows\build_work\redis\build\patched\src\sds.h(169,57): warning C4267: 'initializing': conversion from 'size_t' to 'unsigned char', possible loss of data [C:\Users\samue\repos\redis-windows\build_work\redis\build\src\redis-server.vcxproj]
  (compiling source file '../patched/src/pubsub.c')
  
C:\Users\samue\repos\redis-windows\build_work\redis\build\patched\src\sds.h(234,50): warning C4267: '=': conversion from 'size_t' to 'uint8_t', possible loss of data [C:\Users\samue\repos\redis-windows\build_work\redis\build\src\redis-server.vcxproj]
  (compiling source file '../patched/src/pubsub.c')
  
C:\Users\samue\repos\redis-windows\build_work\redis\build\patched\src\sds.h(237,53): warning C4267: '=': conversion from 'size_t' to 'uint16_t', possible loss of data [C:\Users\samue\repos\redis-windows\build_work\redis\build\src\redis-server.vcxproj]
  (compiling source file '../patched/src/pubsub.c')
  
C:\Users\samue\repos\redis-windows\build_work\redis\build\patched\src\sds.h(240,36): warning C4267: '=': conversion from 'size_t' to 'uint32_t', possible loss of data [C:\Users\samue\repos\redis-windows\build_work\redis\build\src\redis-server.vcxproj]
  (compiling source file '../patched/src/pubsub.c')
  
C:\Users\samue\repos\redis-windows\build_work\redis\build\patched\src\pubsub.c(197,48): warning C4244: 'return': conversion from 'unsigned __int64' to 'int', possible loss of data [C:\Users\samue\repos\redis-windows\build_work\redis\build\src\redis-server.vcxproj]
C:\Users\samue\repos\redis-windows\build_work\redis\build\patched\src\pubsub.c(202,12): warning C4244: 'return': conversion from 'unsigned __int64' to 'int', possible loss of data [C:\Users\samue\repos\redis-windows\build_work\redis\build\src\redis-server.vcxproj]
C:\Users\samue\repos\redis-windows\build_work\redis\build\patched\src\pubsub.c(299,46): warning C4267: 'function': conversion from 'size_t' to 'int', possible loss of data [C:\Users\samue\repos\redis-windows\build_work\redis\build\src\redis-server.vcxproj]
C:\Users\samue\repos\redis-windows\build_work\redis\build\patched\src\pubsub.c(477,42): warning C4267: 'function': conversion from 'size_t' to 'int', possible loss of data [C:\Users\samue\repos\redis-windows\build_work\redis\build\src\redis-server.vcxproj]
C:\Users\samue\repos\redis-windows\build_work\redis\build\patched\src\pubsub.c(510,33): warning C4267: 'function': conversion from 'size_t' to 'int', possible loss of data [C:\Users\samue\repos\redis-windows\build_work\redis\build\src\redis-server.vcxproj]
C:\Users\samue\repos\redis-windows\build_work\redis\build\patched\src\pubsub.c(512,33): warning C4267: 'function': conversion from 'size_t' to 'int', possible loss of data [C:\Users\samue\repos\redis-windows\build_work\redis\build\src\redis-server.vcxproj]
C:\Users\samue\repos\redis-windows\build_work\redis\build\patched\src\pubsub.c(708,45): warning C4267: 'function': conversion from 'size_t' to 'int', possible loss of data [C:\Users\samue\repos\redis-windows\build_work\redis\build\src\redis-server.vcxproj]
C:\Users\samue\repos\redis-windows\build_work\redis\build\patched\src\pubsub.c(709,46): warning C4267: 'function': conversion from 'size_t' to 'int', possible loss of data [C:\Users\samue\repos\redis-windows\build_work\redis\build\src\redis-server.vcxproj]
C:\Users\samue\repos\redis-windows\build_work\redis\build\patched\src\pubsub.c(769,48): warning C4244: 'return': conversion from 'unsigned __int64' to 'int', possible loss of data [C:\Users\samue\repos\redis-windows\build_work\redis\build\src\redis-server.vcxproj]
  multi.c
C:\Users\samue\repos\redis-windows\build_work\redis\build\msvc_compat.h(156,9): warning C4028: formal parameter 1 different from declaration [C:\Users\samue\repos\redis-windows\build_work\redis\build\src\redis-server.vcxproj]
  (compiling source file '../patched/src/multi.c')
  
C:\Users\samue\repos\redis-windows\build_work\redis\build\msvc_compat.h(157,9): warning C4028: formal parameter 1 different from declaration [C:\Users\samue\repos\redis-windows\build_work\redis\build\src\redis-server.vcxproj]
  (compiling source file '../patched/src/multi.c')
  
C:\Users\samue\repos\redis-windows\build_work\redis\build\msvc_compat.h(164,5): warning C4028: formal parameter 1 different from declaration [C:\Users\samue\repos\redis-windows\build_work\redis\build\src\redis-server.vcxproj]
  (compiling source file '../patched/src/multi.c')
  
C:\Users\samue\repos\redis-windows\build_work\redis\build\patched\src\sds.h(146,34): warning C4267: '=': conversion from 'size_t' to 'unsigned char', possible loss of data [C:\Users\samue\repos\redis-windows\build_work\redis\build\src\redis-server.vcxproj]
  (compiling source file '../patched/src/multi.c')
  
C:\Users\samue\repos\redis-windows\build_work\redis\build\patched\src\sds.h(150,33): warning C4267: '=': conversion from 'size_t' to 'uint8_t', possible loss of data [C:\Users\samue\repos\redis-windows\build_work\redis\build\src\redis-server.vcxproj]
  (compiling source file '../patched/src/multi.c')
  
C:\Users\samue\repos\redis-windows\build_work\redis\build\patched\src\sds.h(153,34): warning C4267: '=': conversion from 'size_t' to 'uint16_t', possible loss of data [C:\Users\samue\repos\redis-windows\build_work\redis\build\src\redis-server.vcxproj]
  (compiling source file '../patched/src/multi.c')
  
C:\Users\samue\repos\redis-windows\build_work\redis\build\patched\src\sds.h(156,34): warning C4267: '=': conversion from 'size_t' to 'uint32_t', possible loss of data [C:\Users\samue\repos\redis-windows\build_work\redis\build\src\redis-server.vcxproj]
  (compiling source file '../patched/src/multi.c')
  
C:\Users\samue\repos\redis-windows\build_work\redis\build\patched\src\sds.h(174,34): warning C4267: '+=': conversion from 'size_t' to 'uint8_t', possible loss of data [C:\Users\samue\repos\redis-windows\build_work\redis\build\src\redis-server.vcxproj]
  (compiling source file '../patched/src/multi.c')
  
C:\Users\samue\repos\redis-windows\build_work\redis\build\patched\src\sds.h(177,35): warning C4267: '+=': conversion from 'size_t' to 'uint16_t', possible loss of data [C:\Users\samue\repos\redis-windows\build_work\redis\build\src\redis-server.vcxproj]
  (compiling source file '../patched/src/multi.c')
  
C:\Users\samue\repos\redis-windows\build_work\redis\build\patched\src\sds.h(180,35): warning C4267: '+=': conversion from 'size_t' to 'uint32_t', possible loss of data [C:\Users\samue\repos\redis-windows\build_work\redis\build\src\redis-server.vcxproj]
  (compiling source file '../patched/src/multi.c')
  
C:\Users\samue\repos\redis-windows\build_work\redis\build\patched\src\sds.h(169,57): warning C4267: 'initializing': conversion from 'size_t' to 'unsigned char', possible loss of data [C:\Users\samue\repos\redis-windows\build_work\redis\build\src\redis-server.vcxproj]
  (compiling source file '../patched/src/multi.c')
  
C:\Users\samue\repos\redis-windows\build_work\redis\build\patched\src\sds.h(234,50): warning C4267: '=': conversion from 'size_t' to 'uint8_t', possible loss of data [C:\Users\samue\repos\redis-windows\build_work\redis\build\src\redis-server.vcxproj]
  (compiling source file '../patched/src/multi.c')
  
C:\Users\samue\repos\redis-windows\build_work\redis\build\patched\src\sds.h(237,53): warning C4267: '=': conversion from 'size_t' to 'uint16_t', possible loss of data [C:\Users\samue\repos\redis-windows\build_work\redis\build\src\redis-server.vcxproj]
  (compiling source file '../patched/src/multi.c')
  
C:\Users\samue\repos\redis-windows\build_work\redis\build\patched\src\sds.h(240,36): warning C4267: '=': conversion from 'size_t' to 'uint32_t', possible loss of data [C:\Users\samue\repos\redis-windows\build_work\redis\build\src\redis-server.vcxproj]
  (compiling source file '../patched/src/multi.c')
  
C:\Users\samue\repos\redis-windows\build_work\redis\build\patched\src\multi.c(442,75): warning C4267: 'function': conversion from 'size_t' to 'int', possible loss of data [C:\Users\samue\repos\redis-windows\build_work\redis\build\src\redis-server.vcxproj]
  debug.c
C:\Users\samue\repos\redis-windows\build_work\redis\build\msvc_compat.h(156,9): warning C4028: formal parameter 1 different from declaration [C:\Users\samue\repos\redis-windows\build_work\redis\build\src\redis-server.vcxproj]
  (compiling source file '../patched/src/debug.c')
  
C:\Users\samue\repos\redis-windows\build_work\redis\build\msvc_compat.h(157,9): warning C4028: formal parameter 1 different from declaration [C:\Users\samue\repos\redis-windows\build_work\redis\build\src\redis-server.vcxproj]
  (compiling source file '../patched/src/debug.c')
  
C:\Users\samue\repos\redis-windows\build_work\redis\build\msvc_compat.h(164,5): warning C4028: formal parameter 1 different from declaration [C:\Users\samue\repos\redis-windows\build_work\redis\build\src\redis-server.vcxproj]
  (compiling source file '../patched/src/debug.c')
  
C:\Users\samue\repos\redis-windows\build_work\redis\build\patched\src\sds.h(146,34): warning C4267: '=': conversion from 'size_t' to 'unsigned char', possible loss of data [C:\Users\samue\repos\redis-windows\build_work\redis\build\src\redis-server.vcxproj]
  (compiling source file '../patched/src/debug.c')
  
C:\Users\samue\repos\redis-windows\build_work\redis\build\patched\src\sds.h(150,33): warning C4267: '=': conversion from 'size_t' to 'uint8_t', possible loss of data [C:\Users\samue\repos\redis-windows\build_work\redis\build\src\redis-server.vcxproj]
  (compiling source file '../patched/src/debug.c')
  
C:\Users\samue\repos\redis-windows\build_work\redis\build\patched\src\sds.h(153,34): warning C4267: '=': conversion from 'size_t' to 'uint16_t', possible loss of data [C:\Users\samue\repos\redis-windows\build_work\redis\build\src\redis-server.vcxproj]
  (compiling source file '../patched/src/debug.c')
  
C:\Users\samue\repos\redis-windows\build_work\redis\build\patched\src\sds.h(156,34): warning C4267: '=': conversion from 'size_t' to 'uint32_t', possible loss of data [C:\Users\samue\repos\redis-windows\build_work\redis\build\src\redis-server.vcxproj]
  (compiling source file '../patched/src/debug.c')
  
C:\Users\samue\repos\redis-windows\build_work\redis\build\patched\src\sds.h(174,34): warning C4267: '+=': conversion from 'size_t' to 'uint8_t', possible loss of data [C:\Users\samue\repos\redis-windows\build_work\redis\build\src\redis-server.vcxproj]
  (compiling source file '../patched/src/debug.c')
  
C:\Users\samue\repos\redis-windows\build_work\redis\build\patched\src\sds.h(177,35): warning C4267: '+=': conversion from 'size_t' to 'uint16_t', possible loss of data [C:\Users\samue\repos\redis-windows\build_work\redis\build\src\redis-server.vcxproj]
  (compiling source file '../patched/src/debug.c')
  
C:\Users\samue\repos\redis-windows\build_work\redis\build\patched\src\sds.h(180,35): warning C4267: '+=': conversion from 'size_t' to 'uint32_t', possible loss of data [C:\Users\samue\repos\redis-windows\build_work\redis\build\src\redis-server.vcxproj]
  (compiling source file '../patched/src/debug.c')
  
C:\Users\samue\repos\redis-windows\build_work\redis\build\patched\src\sds.h(169,57): warning C4267: 'initializing': conversion from 'size_t' to 'unsigned char', possible loss of data [C:\Users\samue\repos\redis-windows\build_work\redis\build\src\redis-server.vcxproj]
  (compiling source file '../patched/src/debug.c')
  
C:\Users\samue\repos\redis-windows\build_work\redis\build\patched\src\sds.h(234,50): warning C4267: '=': conversion from 'size_t' to 'uint8_t', possible loss of data [C:\Users\samue\repos\redis-windows\build_work\redis\build\src\redis-server.vcxproj]
  (compiling source file '../patched/src/debug.c')
  
C:\Users\samue\repos\redis-windows\build_work\redis\build\patched\src\sds.h(237,53): warning C4267: '=': conversion from 'size_t' to 'uint16_t', possible loss of data [C:\Users\samue\repos\redis-windows\build_work\redis\build\src\redis-server.vcxproj]
  (compiling source file '../patched/src/debug.c')
  
C:\Users\samue\repos\redis-windows\build_work\redis\build\patched\src\sds.h(240,36): warning C4267: '=': conversion from 'size_t' to 'uint32_t', possible loss of data [C:\Users\samue\repos\redis-windows\build_work\redis\build\src\redis-server.vcxproj]
  (compiling source file '../patched/src/debug.c')
  
C:\Users\samue\repos\redis-windows\build_work\redis\build\patched\src\debug.c(84,25): warning C4267: 'function': conversion from 'size_t' to 'uint32_t', possible loss of data [C:\Users\samue\repos\redis-windows\build_work\redis\build\src\redis-server.vcxproj]
C:\Users\samue\repos\redis-windows\build_work\redis\build\patched\src\debug.c(714,27): warning C4267: '+=': conversion from 'size_t' to 'unsigned long', possible loss of data [C:\Users\samue\repos\redis-windows\build_work\redis\build\src\redis-server.vcxproj]
C:\Users\samue\repos\redis-windows\build_work\redis\build\patched\src\debug.c(846,52): warning C4267: 'function': conversion from 'size_t' to 'int', possible loss of data [C:\Users\samue\repos\redis-windows\build_work\redis\build\src\redis-server.vcxproj]
C:\Users\samue\repos\redis-windows\build_work\redis\build\patched\src\debug.c(822,30): warning C4267: 'initializing': conversion from 'size_t' to 'int', possible loss of data [C:\Users\samue\repos\redis-windows\build_work\redis\build\src\redis-server.vcxproj]
C:\Users\samue\repos\redis-windows\build_work\redis\build\patched\src\debug.c(929,32): warning C4244: 'initializing': conversion from 'double' to '__int64', possible loss of data [C:\Users\samue\repos\redis-windows\build_work\redis\build\src\redis-server.vcxproj]
C:\Users\samue\repos\redis-windows\build_work\redis\build\patched\src\debug.c(2434,32): warning C4311: 'type cast': pointer truncation from 'void *' to 'unsigned long' [C:\Users\samue\repos\redis-windows\build_work\redis\build\src\redis-server.vcxproj]
C:\Users\samue\repos\redis-windows\build_work\redis\build\patched\src\debug.c(2438,20): warning C4312: 'type cast': conversion from 'unsigned long' to 'void *' of greater size [C:\Users\samue\repos\redis-windows\build_work\redis\build\src\redis-server.vcxproj]
C:\Users\samue\repos\redis-windows\build_work\redis\build\patched\src\debug.c(2434,53): warning C4267: 'initializing': conversion from 'size_t' to 'unsigned long', possible loss of data [C:\Users\samue\repos\redis-windows\build_work\redis\build\src\redis-server.vcxproj]
C:\Users\samue\repos\redis-windows\build_work\redis\build\patched\src\debug.c(2460,22): warning C4311: 'type cast': pointer truncation from 'void *' to 'long' [C:\Users\samue\repos\redis-windows\build_work\redis\build\src\redis-server.vcxproj]
C:\Users\samue\repos\redis-windows\build_work\redis\build\patched\src\debug.c(2460,34): warning C4311: 'type cast': pointer truncation from 'void *' to 'long' [C:\Users\samue\repos\redis-windows\build_work\redis\build\src\redis-server.vcxproj]
C:\Users\samue\repos\redis-windows\build_work\redis\build\patched\src\debug.c(2467,35): warning C4311: 'type cast': pointer truncation from 'void *' to 'unsigned long' [C:\Users\samue\repos\redis-windows\build_work\redis\build\src\redis-server.vcxproj]
C:\Users\samue\repos\redis-windows\build_work\redis\build\patched\src\debug.c(2468,33): warning C4311: 'type cast': pointer truncation from 'void *' to 'unsigned long' [C:\Users\samue\repos\redis-windows\build_work\redis\build\src\redis-server.vcxproj]
C:\Users\samue\repos\redis-windows\build_work\redis\build\patched\src\debug.c(2470,25): warning C4311: 'type cast': pointer truncation from 'void *' to 'unsigned long' [C:\Users\samue\repos\redis-windows\build_work\redis\build\src\redis-server.vcxproj]
  sort.c
C:\Users\samue\repos\redis-windows\build_work\redis\build\msvc_compat.h(156,9): warning C4028: formal parameter 1 different from declaration [C:\Users\samue\repos\redis-windows\build_work\redis\build\src\redis-server.vcxproj]
  (compiling source file '../patched/src/sort.c')
  
C:\Users\samue\repos\redis-windows\build_work\redis\build\msvc_compat.h(157,9): warning C4028: formal parameter 1 different from declaration [C:\Users\samue\repos\redis-windows\build_work\redis\build\src\redis-server.vcxproj]
  (compiling source file '../patched/src/sort.c')
  
C:\Users\samue\repos\redis-windows\build_work\redis\build\msvc_compat.h(164,5): warning C4028: formal parameter 1 different from declaration [C:\Users\samue\repos\redis-windows\build_work\redis\build\src\redis-server.vcxproj]
  (compiling source file '../patched/src/sort.c')
  
C:\Users\samue\repos\redis-windows\build_work\redis\build\patched\src\sds.h(146,34): warning C4267: '=': conversion from 'size_t' to 'unsigned char', possible loss of data [C:\Users\samue\repos\redis-windows\build_work\redis\build\src\redis-server.vcxproj]
  (compiling source file '../patched/src/sort.c')
  
C:\Users\samue\repos\redis-windows\build_work\redis\build\patched\src\sds.h(150,33): warning C4267: '=': conversion from 'size_t' to 'uint8_t', possible loss of data [C:\Users\samue\repos\redis-windows\build_work\redis\build\src\redis-server.vcxproj]
  (compiling source file '../patched/src/sort.c')
  
C:\Users\samue\repos\redis-windows\build_work\redis\build\patched\src\sds.h(153,34): warning C4267: '=': conversion from 'size_t' to 'uint16_t', possible loss of data [C:\Users\samue\repos\redis-windows\build_work\redis\build\src\redis-server.vcxproj]
  (compiling source file '../patched/src/sort.c')
  
C:\Users\samue\repos\redis-windows\build_work\redis\build\patched\src\sds.h(156,34): warning C4267: '=': conversion from 'size_t' to 'uint32_t', possible loss of data [C:\Users\samue\repos\redis-windows\build_work\redis\build\src\redis-server.vcxproj]
  (compiling source file '../patched/src/sort.c')
  
C:\Users\samue\repos\redis-windows\build_work\redis\build\patched\src\sds.h(174,34): warning C4267: '+=': conversion from 'size_t' to 'uint8_t', possible loss of data [C:\Users\samue\repos\redis-windows\build_work\redis\build\src\redis-server.vcxproj]
  (compiling source file '../patched/src/sort.c')
  
C:\Users\samue\repos\redis-windows\build_work\redis\build\patched\src\sds.h(177,35): warning C4267: '+=': conversion from 'size_t' to 'uint16_t', possible loss of data [C:\Users\samue\repos\redis-windows\build_work\redis\build\src\redis-server.vcxproj]
  (compiling source file '../patched/src/sort.c')
  
C:\Users\samue\repos\redis-windows\build_work\redis\build\patched\src\sds.h(180,35): warning C4267: '+=': conversion from 'size_t' to 'uint32_t', possible loss of data [C:\Users\samue\repos\redis-windows\build_work\redis\build\src\redis-server.vcxproj]
  (compiling source file '../patched/src/sort.c')
  
C:\Users\samue\repos\redis-windows\build_work\redis\build\patched\src\sds.h(169,57): warning C4267: 'initializing': conversion from 'size_t' to 'unsigned char', possible loss of data [C:\Users\samue\repos\redis-windows\build_work\redis\build\src\redis-server.vcxproj]
  (compiling source file '../patched/src/sort.c')
  
C:\Users\samue\repos\redis-windows\build_work\redis\build\patched\src\sds.h(234,50): warning C4267: '=': conversion from 'size_t' to 'uint8_t', possible loss of data [C:\Users\samue\repos\redis-windows\build_work\redis\build\src\redis-server.vcxproj]
  (compiling source file '../patched/src/sort.c')
  
C:\Users\samue\repos\redis-windows\build_work\redis\build\patched\src\sds.h(237,53): warning C4267: '=': conversion from 'size_t' to 'uint16_t', possible loss of data [C:\Users\samue\repos\redis-windows\build_work\redis\build\src\redis-server.vcxproj]
  (compiling source file '../patched/src/sort.c')
  
C:\Users\samue\repos\redis-windows\build_work\redis\build\patched\src\sds.h(240,36): warning C4267: '=': conversion from 'size_t' to 'uint32_t', possible loss of data [C:\Users\samue\repos\redis-windows\build_work\redis\build\src\redis-server.vcxproj]
  (compiling source file '../patched/src/sort.c')
  
C:\Users\samue\repos\redis-windows\build_work\redis\build\patched\src\sort.c(74,41): warning C4267: '=': conversion from 'size_t' to 'int', possible loss of data [C:\Users\samue\repos\redis-windows\build_work\redis\build\src\redis-server.vcxproj]
C:\Users\samue\repos\redis-windows\build_work\redis\build\patched\src\sort.c(81,18): warning C4244: '=': conversion from '__int64' to 'int', possible loss of data [C:\Users\samue\repos\redis-windows\build_work\redis\build\src\redis-server.vcxproj]
C:\Users\samue\repos\redis-windows\build_work\redis\build\patched\src\sort.c(82,14): warning C4267: '=': conversion from 'size_t' to 'int', possible loss of data [C:\Users\samue\repos\redis-windows\build_work\redis\build\src\redis-server.vcxproj]
C:\Users\samue\repos\redis-windows\build_work\redis\build\patched\src\sort.c(83,44): warning C4267: '=': conversion from 'size_t' to 'int', possible loss of data [C:\Users\samue\repos\redis-windows\build_work\redis\build\src\redis-server.vcxproj]
C:\Users\samue\repos\redis-windows\build_work\redis\build\patched\src\sort.c(231,76): warning C4267: 'function': conversion from 'size_t' to 'int', possible loss of data [C:\Users\samue\repos\redis-windows\build_work\redis\build\src\redis-server.vcxproj]
C:\Users\samue\repos\redis-windows\build_work\redis\build\patched\src\sort.c(243,54): warning C4267: 'function': conversion from 'size_t' to 'int', possible loss of data [C:\Users\samue\repos\redis-windows\build_work\redis\build\src\redis-server.vcxproj]
C:\Users\samue\repos\redis-windows\build_work\redis\build\patched\src\sort.c(244,59): warning C4267: 'function': conversion from 'size_t' to 'int', possible loss of data [C:\Users\samue\repos\redis-windows\build_work\redis\build\src\redis-server.vcxproj]
C:\Users\samue\repos\redis-windows\build_work\redis\build\patched\src\sort.c(264,52): warning C4267: 'function': conversion from 'size_t' to 'int', possible loss of data [C:\Users\samue\repos\redis-windows\build_work\redis\build\src\redis-server.vcxproj]
C:\Users\samue\repos\redis-windows\build_work\redis\build\patched\src\sort.c(278,56): warning C4267: 'function': conversion from 'size_t' to 'int', possible loss of data [C:\Users\samue\repos\redis-windows\build_work\redis\build\src\redis-server.vcxproj]
C:\Users\samue\repos\redis-windows\build_work\redis\build\patched\src\sort.c(279,55): warning C4267: 'function': conversion from 'size_t' to 'int', possible loss of data [C:\Users\samue\repos\redis-windows\build_work\redis\build\src\redis-server.vcxproj]
C:\Users\samue\repos\redis-windows\build_work\redis\build\patched\src\sort.c(528,41): warning C4311: 'type cast': pointer truncation from 'void *' to 'long' [C:\Users\samue\repos\redis-windows\build_work\redis\build\src\redis-server.vcxproj]
  intset.c
C:\Users\samue\repos\redis-windows\build_work\redis\build\msvc_compat.h(156,9): warning C4028: formal parameter 1 different from declaration [C:\Users\samue\repos\redis-windows\build_work\redis\build\src\redis-server.vcxproj]
  (compiling source file '../patched/src/intset.c')
  
C:\Users\samue\repos\redis-windows\build_work\redis\build\msvc_compat.h(157,9): warning C4028: formal parameter 1 different from declaration [C:\Users\samue\repos\redis-windows\build_work\redis\build\src\redis-server.vcxproj]
  (compiling source file '../patched/src/intset.c')
  
C:\Users\samue\repos\redis-windows\build_work\redis\build\msvc_compat.h(164,5): warning C4028: formal parameter 1 different from declaration [C:\Users\samue\repos\redis-windows\build_work\redis\build\src\redis-server.vcxproj]
  (compiling source file '../patched/src/intset.c')
  
C:\Users\samue\repos\redis-windows\build_work\redis\build\patched\src\intset.c(89,41): warning C4244: '=': conversion from 'int64_t' to 'int32_t', possible loss of data [C:\Users\samue\repos\redis-windows\build_work\redis\build\src\redis-server.vcxproj]
C:\Users\samue\repos\redis-windows\build_work\redis\build\patched\src\intset.c(92,41): warning C4244: '=': conversion from 'int64_t' to 'int16_t', possible loss of data [C:\Users\samue\repos\redis-windows\build_work\redis\build\src\redis-server.vcxproj]
C:\Users\samue\repos\redis-windows\build_work\redis\build\patched\src\intset.c(417,11): warning C4244: 'function': conversion from 'time_t' to 'unsigned int', possible loss of data [C:\Users\samue\repos\redis-windows\build_work\redis\build\src\redis-server.vcxproj]
C:\Users\samue\repos\redis-windows\build_work\redis\build\patched\src\intset.c(428,9): warning C4146: unary minus operator applied to unsigned type, result still unsigned [C:\Users\samue\repos\redis-windows\build_work\redis\build\src\redis-server.vcxproj]
C:\Users\samue\repos\redis-windows\build_work\redis\build\patched\src\intset.c(430,9): warning C4146: unary minus operator applied to unsigned type, result still unsigned [C:\Users\samue\repos\redis-windows\build_work\redis\build\src\redis-server.vcxproj]
C:\Users\samue\repos\redis-windows\build_work\redis\build\patched\src\intset.c(432,9): warning C4146: unary minus operator applied to unsigned type, result still unsigned [C:\Users\samue\repos\redis-windows\build_work\redis\build\src\redis-server.vcxproj]
C:\Users\samue\repos\redis-windows\build_work\redis\build\patched\src\intset.c(501,27): warning C4146: unary minus operator applied to unsigned type, result still unsigned [C:\Users\samue\repos\redis-windows\build_work\redis\build\src\redis-server.vcxproj]
C:\Users\samue\repos\redis-windows\build_work\redis\build\patched\src\intset.c(504,9): warning C4146: unary minus operator applied to unsigned type, result still unsigned [C:\Users\samue\repos\redis-windows\build_work\redis\build\src\redis-server.vcxproj]
C:\Users\samue\repos\redis-windows\build_work\redis\build\patched\src\intset.c(524,27): warning C4146: unary minus operator applied to unsigned type, result still unsigned [C:\Users\samue\repos\redis-windows\build_work\redis\build\src\redis-server.vcxproj]
C:\Users\samue\repos\redis-windows\build_work\redis\build\patched\src\intset.c(527,9): warning C4146: unary minus operator applied to unsigned type, result still unsigned [C:\Users\samue\repos\redis-windows\build_work\redis\build\src\redis-server.vcxproj]
  syncio.c
C:\Users\samue\repos\redis-windows\build_work\redis\build\msvc_compat.h(156,9): warning C4028: formal parameter 1 different from declaration [C:\Users\samue\repos\redis-windows\build_work\redis\build\src\redis-server.vcxproj]
  (compiling source file '../patched/src/syncio.c')
  
C:\Users\samue\repos\redis-windows\build_work\redis\build\msvc_compat.h(157,9): warning C4028: formal parameter 1 different from declaration [C:\Users\samue\repos\redis-windows\build_work\redis\build\src\redis-server.vcxproj]
  (compiling source file '../patched/src/syncio.c')
  
C:\Users\samue\repos\redis-windows\build_work\redis\build\msvc_compat.h(164,5): warning C4028: formal parameter 1 different from declaration [C:\Users\samue\repos\redis-windows\build_work\redis\build\src\redis-server.vcxproj]
  (compiling source file '../patched/src/syncio.c')
  
C:\Users\samue\repos\redis-windows\build_work\redis\build\patched\src\sds.h(146,34): warning C4267: '=': conversion from 'size_t' to 'unsigned char', possible loss of data [C:\Users\samue\repos\redis-windows\build_work\redis\build\src\redis-server.vcxproj]
  (compiling source file '../patched/src/syncio.c')
  
C:\Users\samue\repos\redis-windows\build_work\redis\build\patched\src\sds.h(150,33): warning C4267: '=': conversion from 'size_t' to 'uint8_t', possible loss of data [C:\Users\samue\repos\redis-windows\build_work\redis\build\src\redis-server.vcxproj]
  (compiling source file '../patched/src/syncio.c')
  
C:\Users\samue\repos\redis-windows\build_work\redis\build\patched\src\sds.h(153,34): warning C4267: '=': conversion from 'size_t' to 'uint16_t', possible loss of data [C:\Users\samue\repos\redis-windows\build_work\redis\build\src\redis-server.vcxproj]
  (compiling source file '../patched/src/syncio.c')
  
C:\Users\samue\repos\redis-windows\build_work\redis\build\patched\src\sds.h(156,34): warning C4267: '=': conversion from 'size_t' to 'uint32_t', possible loss of data [C:\Users\samue\repos\redis-windows\build_work\redis\build\src\redis-server.vcxproj]
  (compiling source file '../patched/src/syncio.c')
  
C:\Users\samue\repos\redis-windows\build_work\redis\build\patched\src\sds.h(174,34): warning C4267: '+=': conversion from 'size_t' to 'uint8_t', possible loss of data [C:\Users\samue\repos\redis-windows\build_work\redis\build\src\redis-server.vcxproj]
  (compiling source file '../patched/src/syncio.c')
  
C:\Users\samue\repos\redis-windows\build_work\redis\build\patched\src\sds.h(177,35): warning C4267: '+=': conversion from 'size_t' to 'uint16_t', possible loss of data [C:\Users\samue\repos\redis-windows\build_work\redis\build\src\redis-server.vcxproj]
  (compiling source file '../patched/src/syncio.c')
  
C:\Users\samue\repos\redis-windows\build_work\redis\build\patched\src\sds.h(180,35): warning C4267: '+=': conversion from 'size_t' to 'uint32_t', possible loss of data [C:\Users\samue\repos\redis-windows\build_work\redis\build\src\redis-server.vcxproj]
  (compiling source file '../patched/src/syncio.c')
  
C:\Users\samue\repos\redis-windows\build_work\redis\build\patched\src\sds.h(169,57): warning C4267: 'initializing': conversion from 'size_t' to 'unsigned char', possible loss of data [C:\Users\samue\repos\redis-windows\build_work\redis\build\src\redis-server.vcxproj]
  (compiling source file '../patched/src/syncio.c')
  
C:\Users\samue\repos\redis-windows\build_work\redis\build\patched\src\sds.h(234,50): warning C4267: '=': conversion from 'size_t' to 'uint8_t', possible loss of data [C:\Users\samue\repos\redis-windows\build_work\redis\build\src\redis-server.vcxproj]
  (compiling source file '../patched/src/syncio.c')
  
C:\Users\samue\repos\redis-windows\build_work\redis\build\patched\src\sds.h(237,53): warning C4267: '=': conversion from 'size_t' to 'uint16_t', possible loss of data [C:\Users\samue\repos\redis-windows\build_work\redis\build\src\redis-server.vcxproj]
  (compiling source file '../patched/src/syncio.c')
  
C:\Users\samue\repos\redis-windows\build_work\redis\build\patched\src\sds.h(240,36): warning C4267: '=': conversion from 'size_t' to 'uint32_t', possible loss of data [C:\Users\samue\repos\redis-windows\build_work\redis\build\src\redis-server.vcxproj]
  (compiling source file '../patched/src/syncio.c')
  
  cluster.c
C:\Users\samue\repos\redis-windows\build_work\redis\build\msvc_compat.h(156,9): warning C4028: formal parameter 1 different from declaration [C:\Users\samue\repos\redis-windows\build_work\redis\build\src\redis-server.vcxproj]
  (compiling source file '../patched/src/cluster.c')
  
C:\Users\samue\repos\redis-windows\build_work\redis\build\msvc_compat.h(157,9): warning C4028: formal parameter 1 different from declaration [C:\Users\samue\repos\redis-windows\build_work\redis\build\src\redis-server.vcxproj]
  (compiling source file '../patched/src/cluster.c')
  
C:\Users\samue\repos\redis-windows\build_work\redis\build\msvc_compat.h(164,5): warning C4028: formal parameter 1 different from declaration [C:\Users\samue\repos\redis-windows\build_work\redis\build\src\redis-server.vcxproj]
  (compiling source file '../patched/src/cluster.c')
  
C:\Users\samue\repos\redis-windows\build_work\redis\build\patched\src\sds.h(146,34): warning C4267: '=': conversion from 'size_t' to 'unsigned char', possible loss of data [C:\Users\samue\repos\redis-windows\build_work\redis\build\src\redis-server.vcxproj]
  (compiling source file '../patched/src/cluster.c')
  
C:\Users\samue\repos\redis-windows\build_work\redis\build\patched\src\sds.h(150,33): warning C4267: '=': conversion from 'size_t' to 'uint8_t', possible loss of data [C:\Users\samue\repos\redis-windows\build_work\redis\build\src\redis-server.vcxproj]
  (compiling source file '../patched/src/cluster.c')
  
C:\Users\samue\repos\redis-windows\build_work\redis\build\patched\src\sds.h(153,34): warning C4267: '=': conversion from 'size_t' to 'uint16_t', possible loss of data [C:\Users\samue\repos\redis-windows\build_work\redis\build\src\redis-server.vcxproj]
  (compiling source file '../patched/src/cluster.c')
  
C:\Users\samue\repos\redis-windows\build_work\redis\build\patched\src\sds.h(156,34): warning C4267: '=': conversion from 'size_t' to 'uint32_t', possible loss of data [C:\Users\samue\repos\redis-windows\build_work\redis\build\src\redis-server.vcxproj]
  (compiling source file '../patched/src/cluster.c')
  
C:\Users\samue\repos\redis-windows\build_work\redis\build\patched\src\sds.h(174,34): warning C4267: '+=': conversion from 'size_t' to 'uint8_t', possible loss of data [C:\Users\samue\repos\redis-windows\build_work\redis\build\src\redis-server.vcxproj]
  (compiling source file '../patched/src/cluster.c')
  
C:\Users\samue\repos\redis-windows\build_work\redis\build\patched\src\sds.h(177,35): warning C4267: '+=': conversion from 'size_t' to 'uint16_t', possible loss of data [C:\Users\samue\repos\redis-windows\build_work\redis\build\src\redis-server.vcxproj]
  (compiling source file '../patched/src/cluster.c')
  
C:\Users\samue\repos\redis-windows\build_work\redis\build\patched\src\sds.h(180,35): warning C4267: '+=': conversion from 'size_t' to 'uint32_t', possible loss of data [C:\Users\samue\repos\redis-windows\build_work\redis\build\src\redis-server.vcxproj]
  (compiling source file '../patched/src/cluster.c')
  
C:\Users\samue\repos\redis-windows\build_work\redis\build\patched\src\sds.h(169,57): warning C4267: 'initializing': conversion from 'size_t' to 'unsigned char', possible loss of data [C:\Users\samue\repos\redis-windows\build_work\redis\build\src\redis-server.vcxproj]
  (compiling source file '../patched/src/cluster.c')
  
C:\Users\samue\repos\redis-windows\build_work\redis\build\patched\src\sds.h(234,50): warning C4267: '=': conversion from 'size_t' to 'uint8_t', possible loss of data [C:\Users\samue\repos\redis-windows\build_work\redis\build\src\redis-server.vcxproj]
  (compiling source file '../patched/src/cluster.c')
  
C:\Users\samue\repos\redis-windows\build_work\redis\build\patched\src\sds.h(237,53): warning C4267: '=': conversion from 'size_t' to 'uint16_t', possible loss of data [C:\Users\samue\repos\redis-windows\build_work\redis\build\src\redis-server.vcxproj]
  (compiling source file '../patched/src/cluster.c')
  
C:\Users\samue\repos\redis-windows\build_work\redis\build\patched\src\sds.h(240,36): warning C4267: '=': conversion from 'size_t' to 'uint32_t', possible loss of data [C:\Users\samue\repos\redis-windows\build_work\redis\build\src\redis-server.vcxproj]
  (compiling source file '../patched/src/cluster.c')
  
C:\Users\samue\repos\redis-windows\build_work\redis\build\patched\src\cluster.c(639,24): warning C4244: '=': conversion from 'ssize_t' to 'int', possible loss of data [C:\Users\samue\repos\redis-windows\build_work\redis\build\src\redis-server.vcxproj]
C:\Users\samue\repos\redis-windows\build_work\redis\build\patched\src\cluster.c(1056,44): warning C4267: 'function': conversion from 'size_t' to 'int', possible loss of data [C:\Users\samue\repos\redis-windows\build_work\redis\build\src\redis-server.vcxproj]
C:\Users\samue\repos\redis-windows\build_work\redis\build\patched\src\cluster.c(1068,41): warning C4244: 'function': conversion from '__int64' to 'int', possible loss of data [C:\Users\samue\repos\redis-windows\build_work\redis\build\src\redis-server.vcxproj]
C:\Users\samue\repos\redis-windows\build_work\redis\build\patched\src\cluster.c(1072,44): warning C4244: 'function': conversion from '__int64' to 'unsigned int', possible loss of data [C:\Users\samue\repos\redis-windows\build_work\redis\build\src\redis-server.vcxproj]
C:\Users\samue\repos\redis-windows\build_work\redis\build\patched\src\cluster.c(1087,41): warning C4244: 'function': conversion from '__int64' to 'int', possible loss of data [C:\Users\samue\repos\redis-windows\build_work\redis\build\src\redis-server.vcxproj]
C:\Users\samue\repos\redis-windows\build_work\redis\build\patched\src\cluster.c(1092,53): warning C4244: 'function': conversion from '__int64' to 'unsigned int', possible loss of data [C:\Users\samue\repos\redis-windows\build_work\redis\build\src\redis-server.vcxproj]
C:\Users\samue\repos\redis-windows\build_work\redis\build\patched\src\cluster.c(1097,59): warning C4244: 'function': conversion from '__int64' to 'int', possible loss of data [C:\Users\samue\repos\redis-windows\build_work\redis\build\src\redis-server.vcxproj]
C:\Users\samue\repos\redis-windows\build_work\redis\build\patched\src\cluster.c(1109,61): warning C4267: 'function': conversion from 'size_t' to 'int', possible loss of data [C:\Users\samue\repos\redis-windows\build_work\redis\build\src\redis-server.vcxproj]
C:\Users\samue\repos\redis-windows\build_work\redis\build\patched\src\cluster.c(1093,55): warning C4244: 'initializing': conversion from '__int64' to 'unsigned int', possible loss of data [C:\Users\samue\repos\redis-windows\build_work\redis\build\src\redis-server.vcxproj]
C:\Users\samue\repos\redis-windows\build_work\redis\build\patched\src\cluster.c(1152,64): warning C4267: 'function': conversion from 'size_t' to 'int', possible loss of data [C:\Users\samue\repos\redis-windows\build_work\redis\build\src\redis-server.vcxproj]
C:\Users\samue\repos\redis-windows\build_work\redis\build\patched\src\cluster.c(1294,61): warning C4267: 'function': conversion from 'size_t' to 'int', possible loss of data [C:\Users\samue\repos\redis-windows\build_work\redis\build\src\redis-server.vcxproj]
C:\Users\samue\repos\redis-windows\build_work\redis\build\patched\src\cluster.c(1529,53): warning C4267: 'function': conversion from 'size_t' to 'int', possible loss of data [C:\Users\samue\repos\redis-windows\build_work\redis\build\src\redis-server.vcxproj]
C:\Users\samue\repos\redis-windows\build_work\redis\build\patched\src\cluster.c(1880,37): warning C4244: 'function': conversion from '__int64' to 'int', possible loss of data [C:\Users\samue\repos\redis-windows\build_work\redis\build\src\redis-server.vcxproj]
C:\Users\samue\repos\redis-windows\build_work\redis\build\patched\src\cluster.c(1880,44): warning C4244: 'function': conversion from '__int64' to 'int', possible loss of data [C:\Users\samue\repos\redis-windows\build_work\redis\build\src\redis-server.vcxproj]
  cluster_legacy.c
C:\Users\samue\repos\redis-windows\build_work\redis\build\msvc_compat.h(156,9): warning C4028: formal parameter 1 different from declaration [C:\Users\samue\repos\redis-windows\build_work\redis\build\src\redis-server.vcxproj]
  (compiling source file '../patched/src/cluster_legacy.c')
  
C:\Users\samue\repos\redis-windows\build_work\redis\build\msvc_compat.h(157,9): warning C4028: formal parameter 1 different from declaration [C:\Users\samue\repos\redis-windows\build_work\redis\build\src\redis-server.vcxproj]
  (compiling source file '../patched/src/cluster_legacy.c')
  
C:\Users\samue\repos\redis-windows\build_work\redis\build\msvc_compat.h(164,5): warning C4028: formal parameter 1 different from declaration [C:\Users\samue\repos\redis-windows\build_work\redis\build\src\redis-server.vcxproj]
  (compiling source file '../patched/src/cluster_legacy.c')
  
C:\Users\samue\repos\redis-windows\build_work\redis\build\patched\src\sds.h(146,34): warning C4267: '=': conversion from 'size_t' to 'unsigned char', possible loss of data [C:\Users\samue\repos\redis-windows\build_work\redis\build\src\redis-server.vcxproj]
  (compiling source file '../patched/src/cluster_legacy.c')
  
C:\Users\samue\repos\redis-windows\build_work\redis\build\patched\src\sds.h(150,33): warning C4267: '=': conversion from 'size_t' to 'uint8_t', possible loss of data [C:\Users\samue\repos\redis-windows\build_work\redis\build\src\redis-server.vcxproj]
  (compiling source file '../patched/src/cluster_legacy.c')
  
C:\Users\samue\repos\redis-windows\build_work\redis\build\patched\src\sds.h(153,34): warning C4267: '=': conversion from 'size_t' to 'uint16_t', possible loss of data [C:\Users\samue\repos\redis-windows\build_work\redis\build\src\redis-server.vcxproj]
  (compiling source file '../patched/src/cluster_legacy.c')
  
C:\Users\samue\repos\redis-windows\build_work\redis\build\patched\src\sds.h(156,34): warning C4267: '=': conversion from 'size_t' to 'uint32_t', possible loss of data [C:\Users\samue\repos\redis-windows\build_work\redis\build\src\redis-server.vcxproj]
  (compiling source file '../patched/src/cluster_legacy.c')
  
C:\Users\samue\repos\redis-windows\build_work\redis\build\patched\src\sds.h(174,34): warning C4267: '+=': conversion from 'size_t' to 'uint8_t', possible loss of data [C:\Users\samue\repos\redis-windows\build_work\redis\build\src\redis-server.vcxproj]
  (compiling source file '../patched/src/cluster_legacy.c')
  
C:\Users\samue\repos\redis-windows\build_work\redis\build\patched\src\sds.h(177,35): warning C4267: '+=': conversion from 'size_t' to 'uint16_t', possible loss of data [C:\Users\samue\repos\redis-windows\build_work\redis\build\src\redis-server.vcxproj]
  (compiling source file '../patched/src/cluster_legacy.c')
  
C:\Users\samue\repos\redis-windows\build_work\redis\build\patched\src\sds.h(180,35): warning C4267: '+=': conversion from 'size_t' to 'uint32_t', possible loss of data [C:\Users\samue\repos\redis-windows\build_work\redis\build\src\redis-server.vcxproj]
  (compiling source file '../patched/src/cluster_legacy.c')
  
C:\Users\samue\repos\redis-windows\build_work\redis\build\patched\src\sds.h(169,57): warning C4267: 'initializing': conversion from 'size_t' to 'unsigned char', possible loss of data [C:\Users\samue\repos\redis-windows\build_work\redis\build\src\redis-server.vcxproj]
  (compiling source file '../patched/src/cluster_legacy.c')
  
C:\Users\samue\repos\redis-windows\build_work\redis\build\patched\src\sds.h(234,50): warning C4267: '=': conversion from 'size_t' to 'uint8_t', possible loss of data [C:\Users\samue\repos\redis-windows\build_work\redis\build\src\redis-server.vcxproj]
  (compiling source file '../patched/src/cluster_legacy.c')
  
C:\Users\samue\repos\redis-windows\build_work\redis\build\patched\src\sds.h(237,53): warning C4267: '=': conversion from 'size_t' to 'uint16_t', possible loss of data [C:\Users\samue\repos\redis-windows\build_work\redis\build\src\redis-server.vcxproj]
  (compiling source file '../patched/src/cluster_legacy.c')
  
C:\Users\samue\repos\redis-windows\build_work\redis\build\patched\src\sds.h(240,36): warning C4267: '=': conversion from 'size_t' to 'uint32_t', possible loss of data [C:\Users\samue\repos\redis-windows\build_work\redis\build\src\redis-server.vcxproj]
  (compiling source file '../patched/src/cluster_legacy.c')
  
C:\Users\samue\repos\redis-windows\build_work\redis\build\patched\src\cluster_legacy.c(225,12): warning C4267: 'return': conversion from 'size_t' to 'int', possible loss of data [C:\Users\samue\repos\redis-windows\build_work\redis\build\src\redis-server.vcxproj]
C:\Users\samue\repos\redis-windows\build_work\redis\build\patched\src\cluster_legacy.c(249,12): warning C4267: 'return': conversion from 'size_t' to 'int', possible loss of data [C:\Users\samue\repos\redis-windows\build_work\redis\build\src\redis-server.vcxproj]
C:\Users\samue\repos\redis-windows\build_work\redis\build\patched\src\cluster_legacy.c(394,42): warning C4267: 'function': conversion from 'size_t' to 'int', possible loss of data [C:\Users\samue\repos\redis-windows\build_work\redis\build\src\redis-server.vcxproj]
C:\Users\samue\repos\redis-windows\build_work\redis\build\patched\src\cluster_legacy.c(398,40): warning C4267: 'function': conversion from 'size_t' to 'int', possible loss of data [C:\Users\samue\repos\redis-windows\build_work\redis\build\src\redis-server.vcxproj]
C:\Users\samue\repos\redis-windows\build_work\redis\build\patched\src\cluster_legacy.c(441,53): warning C4267: 'function': conversion from 'size_t' to 'unsigned int', possible loss of data [C:\Users\samue\repos\redis-windows\build_work\redis\build\src\redis-server.vcxproj]
C:\Users\samue\repos\redis-windows\build_work\redis\build\patched\src\cluster_legacy.c(462,66): warning C4267: 'function': conversion from 'size_t' to 'int', possible loss of data [C:\Users\samue\repos\redis-windows\build_work\redis\build\src\redis-server.vcxproj]
C:\Users\samue\repos\redis-windows\build_work\redis\build\patched\src\cluster_legacy.c(553,46): warning C4267: 'function': conversion from 'size_t' to 'int', possible loss of data [C:\Users\samue\repos\redis-windows\build_work\redis\build\src\redis-server.vcxproj]
C:\Users\samue\repos\redis-windows\build_work\redis\build\patched\src\cluster_legacy.c(557,49): warning C4267: 'function': conversion from 'size_t' to 'int', possible loss of data [C:\Users\samue\repos\redis-windows\build_work\redis\build\src\redis-server.vcxproj]
C:\Users\samue\repos\redis-windows\build_work\redis\build\patched\src\cluster_legacy.c(613,58): warning C4267: 'function': conversion from 'size_t' to 'int', possible loss of data [C:\Users\samue\repos\redis-windows\build_work\redis\build\src\redis-server.vcxproj]
C:\Users\samue\repos\redis-windows\build_work\redis\build\patched\src\cluster_legacy.c(1291,63): warning C4244: 'function': conversion from 'mstime_t' to 'int', possible loss of data [C:\Users\samue\repos\redis-windows\build_work\redis\build\src\redis-server.vcxproj]
C:\Users\samue\repos\redis-windows\build_work\redis\build\patched\src\cluster_legacy.c(2553,59): warning C4267: 'function': conversion from 'size_t' to 'uint32_t', possible loss of data [C:\Users\samue\repos\redis-windows\build_work\redis\build\src\redis-server.vcxproj]
C:\Users\samue\repos\redis-windows\build_work\redis\build\patched\src\cluster_legacy.c(2560,65): warning C4267: 'function': conversion from 'size_t' to 'uint32_t', possible loss of data [C:\Users\samue\repos\redis-windows\build_work\redis\build\src\redis-server.vcxproj]
C:\Users\samue\repos\redis-windows\build_work\redis\build\patched\src\cluster_legacy.c(3399,37): warning C4267: 'initializing': conversion from 'size_t' to 'uint32_t', possible loss of data [C:\Users\samue\repos\redis-windows\build_work\redis\build\src\redis-server.vcxproj]
C:\Users\samue\repos\redis-windows\build_work\redis\build\patched\src\cluster_legacy.c(3467,25): warning C4267: '=': conversion from 'size_t' to 'unsigned int', possible loss of data [C:\Users\samue\repos\redis-windows\build_work\redis\build\src\redis-server.vcxproj]
C:\Users\samue\repos\redis-windows\build_work\redis\build\patched\src\cluster_legacy.c(3523,26): warning C4244: '+=': conversion from 'ssize_t' to 'unsigned int', possible loss of data [C:\Users\samue\repos\redis-windows\build_work\redis\build\src\redis-server.vcxproj]
C:\Users\samue\repos\redis-windows\build_work\redis\build\patched\src\cluster_legacy.c(3654,25): warning C4267: 'function': conversion from 'size_t' to 'u_long', possible loss of data [C:\Users\samue\repos\redis-windows\build_work\redis\build\src\redis-server.vcxproj]
C:\Users\samue\repos\redis-windows\build_work\redis\build\patched\src\cluster_legacy.c(3663,43): warning C4244: 'function': conversion from 'mstime_t' to 'u_long', possible loss of data [C:\Users\samue\repos\redis-windows\build_work\redis\build\src\redis-server.vcxproj]
C:\Users\samue\repos\redis-windows\build_work\redis\build\patched\src\cluster_legacy.c(3664,51): warning C4244: 'function': conversion from 'mstime_t' to 'u_long', possible loss of data [C:\Users\samue\repos\redis-windows\build_work\redis\build\src\redis-server.vcxproj]
C:\Users\samue\repos\redis-windows\build_work\redis\build\patched\src\cluster_legacy.c(3718,14): warning C4244: '=': conversion from 'double' to 'int', possible loss of data [C:\Users\samue\repos\redis-windows\build_work\redis\build\src\redis-server.vcxproj]
C:\Users\samue\repos\redis-windows\build_work\redis\build\patched\src\cluster_legacy.c(3724,38): warning C4244: 'initializing': conversion from '__int64' to 'int', possible loss of data [C:\Users\samue\repos\redis-windows\build_work\redis\build\src\redis-server.vcxproj]
C:\Users\samue\repos\redis-windows\build_work\redis\build\patched\src\cluster_legacy.c(3866,19): warning C4267: '=': conversion from 'size_t' to 'uint32_t', possible loss of data [C:\Users\samue\repos\redis-windows\build_work\redis\build\src\redis-server.vcxproj]
C:\Users\samue\repos\redis-windows\build_work\redis\build\patched\src\cluster_legacy.c(3867,19): warning C4267: '=': conversion from 'size_t' to 'uint32_t', possible loss of data [C:\Users\samue\repos\redis-windows\build_work\redis\build\src\redis-server.vcxproj]
C:\Users\samue\repos\redis-windows\build_work\redis\build\patched\src\cluster_legacy.c(3871,69): warning C4267: 'function': conversion from 'size_t' to 'uint32_t', possible loss of data [C:\Users\samue\repos\redis-windows\build_work\redis\build\src\redis-server.vcxproj]
C:\Users\samue\repos\redis-windows\build_work\redis\build\patched\src\cluster_legacy.c(3959,42): warning C4267: 'function': conversion from 'size_t' to 'int', possible loss of data [C:\Users\samue\repos\redis-windows\build_work\redis\build\src\redis-server.vcxproj]
C:\Users\samue\repos\redis-windows\build_work\redis\build\patched\src\cluster_legacy.c(5837,26): warning C4244: 'return': conversion from 'mstime_t' to 'int', possible loss of data [C:\Users\samue\repos\redis-windows\build_work\redis\build\src\redis-server.vcxproj]
C:\Users\samue\repos\redis-windows\build_work\redis\build\patched\src\cluster_legacy.c(5893,57): warning C4267: 'function': conversion from 'size_t' to 'int', possible loss of data [C:\Users\samue\repos\redis-windows\build_work\redis\build\src\redis-server.vcxproj]
C:\Users\samue\repos\redis-windows\build_work\redis\build\patched\src\cluster_legacy.c(5987,51): warning C4244: 'function': conversion from '__int64' to 'int', possible loss of data [C:\Users\samue\repos\redis-windows\build_work\redis\build\src\redis-server.vcxproj]
C:\Users\samue\repos\redis-windows\build_work\redis\build\patched\src\cluster_legacy.c(5987,56): warning C4244: 'function': conversion from '__int64' to 'int', possible loss of data [C:\Users\samue\repos\redis-windows\build_work\redis\build\src\redis-server.vcxproj]
C:\Users\samue\repos\redis-windows\build_work\redis\build\patched\src\cluster_legacy.c(6107,52): warning C4267: 'function': conversion from 'size_t' to 'int', possible loss of data [C:\Users\samue\repos\redis-windows\build_work\redis\build\src\redis-server.vcxproj]
C:\Users\samue\repos\redis-windows\build_work\redis\build\patched\src\cluster_legacy.c(6124,52): warning C4267: 'function': conversion from 'size_t' to 'int', possible loss of data [C:\Users\samue\repos\redis-windows\build_work\redis\build\src\redis-server.vcxproj]
C:\Users\samue\repos\redis-windows\build_work\redis\build\patched\src\cluster_legacy.c(6141,52): warning C4267: 'function': conversion from 'size_t' to 'int', possible loss of data [C:\Users\samue\repos\redis-windows\build_work\redis\build\src\redis-server.vcxproj]
C:\Users\samue\repos\redis-windows\build_work\redis\build\patched\src\cluster_legacy.c(6235,61): warning C4267: 'function': conversion from 'size_t' to 'int', possible loss of data [C:\Users\samue\repos\redis-windows\build_work\redis\build\src\redis-server.vcxproj]
C:\Users\samue\repos\redis-windows\build_work\redis\build\patched\src\cluster_legacy.c(6259,61): warning C4267: 'function': conversion from 'size_t' to 'int', possible loss of data [C:\Users\samue\repos\redis-windows\build_work\redis\build\src\redis-server.vcxproj]
C:\Users\samue\repos\redis-windows\build_work\redis\build\patched\src\cluster_legacy.c(6299,61): warning C4267: 'function': conversion from 'size_t' to 'int', possible loss of data [C:\Users\samue\repos\redis-windows\build_work\redis\build\src\redis-server.vcxproj]
  cluster_slot_stats.c
C:\Users\samue\repos\redis-windows\build_work\redis\build\msvc_compat.h(156,9): warning C4028: formal parameter 1 different from declaration [C:\Users\samue\repos\redis-windows\build_work\redis\build\src\redis-server.vcxproj]
  (compiling source file '../patched/src/cluster_slot_stats.c')
  
C:\Users\samue\repos\redis-windows\build_work\redis\build\msvc_compat.h(157,9): warning C4028: formal parameter 1 different from declaration [C:\Users\samue\repos\redis-windows\build_work\redis\build\src\redis-server.vcxproj]
  (compiling source file '../patched/src/cluster_slot_stats.c')
  
C:\Users\samue\repos\redis-windows\build_work\redis\build\msvc_compat.h(164,5): warning C4028: formal parameter 1 different from declaration [C:\Users\samue\repos\redis-windows\build_work\redis\build\src\redis-server.vcxproj]
  (compiling source file '../patched/src/cluster_slot_stats.c')
  
C:\Users\samue\repos\redis-windows\build_work\redis\build\patched\src\sds.h(146,34): warning C4267: '=': conversion from 'size_t' to 'unsigned char', possible loss of data [C:\Users\samue\repos\redis-windows\build_work\redis\build\src\redis-server.vcxproj]
  (compiling source file '../patched/src/cluster_slot_stats.c')
  
C:\Users\samue\repos\redis-windows\build_work\redis\build\patched\src\sds.h(150,33): warning C4267: '=': conversion from 'size_t' to 'uint8_t', possible loss of data [C:\Users\samue\repos\redis-windows\build_work\redis\build\src\redis-server.vcxproj]
  (compiling source file '../patched/src/cluster_slot_stats.c')
  
C:\Users\samue\repos\redis-windows\build_work\redis\build\patched\src\sds.h(153,34): warning C4267: '=': conversion from 'size_t' to 'uint16_t', possible loss of data [C:\Users\samue\repos\redis-windows\build_work\redis\build\src\redis-server.vcxproj]
  (compiling source file '../patched/src/cluster_slot_stats.c')
  
C:\Users\samue\repos\redis-windows\build_work\redis\build\patched\src\sds.h(156,34): warning C4267: '=': conversion from 'size_t' to 'uint32_t', possible loss of data [C:\Users\samue\repos\redis-windows\build_work\redis\build\src\redis-server.vcxproj]
  (compiling source file '../patched/src/cluster_slot_stats.c')
  
C:\Users\samue\repos\redis-windows\build_work\redis\build\patched\src\sds.h(174,34): warning C4267: '+=': conversion from 'size_t' to 'uint8_t', possible loss of data [C:\Users\samue\repos\redis-windows\build_work\redis\build\src\redis-server.vcxproj]
  (compiling source file '../patched/src/cluster_slot_stats.c')
  
C:\Users\samue\repos\redis-windows\build_work\redis\build\patched\src\sds.h(177,35): warning C4267: '+=': conversion from 'size_t' to 'uint16_t', possible loss of data [C:\Users\samue\repos\redis-windows\build_work\redis\build\src\redis-server.vcxproj]
  (compiling source file '../patched/src/cluster_slot_stats.c')
  
C:\Users\samue\repos\redis-windows\build_work\redis\build\patched\src\sds.h(180,35): warning C4267: '+=': conversion from 'size_t' to 'uint32_t', possible loss of data [C:\Users\samue\repos\redis-windows\build_work\redis\build\src\redis-server.vcxproj]
  (compiling source file '../patched/src/cluster_slot_stats.c')
  
C:\Users\samue\repos\redis-windows\build_work\redis\build\patched\src\sds.h(169,57): warning C4267: 'initializing': conversion from 'size_t' to 'unsigned char', possible loss of data [C:\Users\samue\repos\redis-windows\build_work\redis\build\src\redis-server.vcxproj]
  (compiling source file '../patched/src/cluster_slot_stats.c')
  
C:\Users\samue\repos\redis-windows\build_work\redis\build\patched\src\sds.h(234,50): warning C4267: '=': conversion from 'size_t' to 'uint8_t', possible loss of data [C:\Users\samue\repos\redis-windows\build_work\redis\build\src\redis-server.vcxproj]
  (compiling source file '../patched/src/cluster_slot_stats.c')
  
C:\Users\samue\repos\redis-windows\build_work\redis\build\patched\src\sds.h(237,53): warning C4267: '=': conversion from 'size_t' to 'uint16_t', possible loss of data [C:\Users\samue\repos\redis-windows\build_work\redis\build\src\redis-server.vcxproj]
  (compiling source file '../patched/src/cluster_slot_stats.c')
  
C:\Users\samue\repos\redis-windows\build_work\redis\build\patched\src\sds.h(240,36): warning C4267: '=': conversion from 'size_t' to 'uint32_t', possible loss of data [C:\Users\samue\repos\redis-windows\build_work\redis\build\src\redis-server.vcxproj]
  (compiling source file '../patched/src/cluster_slot_stats.c')
  
C:\Users\samue\repos\redis-windows\build_work\redis\build\patched\src\cluster_slot_stats.c(72,26): warning C4244: 'return': conversion from 'const uint64_t' to 'int', possible loss of data [C:\Users\samue\repos\redis-windows\build_work\redis\build\src\redis-server.vcxproj]
C:\Users\samue\repos\redis-windows\build_work\redis\build\patched\src\cluster_slot_stats.c(82,26): warning C4244: 'return': conversion from 'const uint64_t' to 'int', possible loss of data [C:\Users\samue\repos\redis-windows\build_work\redis\build\src\redis-server.vcxproj]
  Compiling...
  crc16.c
C:\Users\samue\repos\redis-windows\build_work\redis\build\msvc_compat.h(156,9): warning C4028: formal parameter 1 different from declaration [C:\Users\samue\repos\redis-windows\build_work\redis\build\src\redis-server.vcxproj]
  (compiling source file '../patched/src/crc16.c')
  
C:\Users\samue\repos\redis-windows\build_work\redis\build\msvc_compat.h(157,9): warning C4028: formal parameter 1 different from declaration [C:\Users\samue\repos\redis-windows\build_work\redis\build\src\redis-server.vcxproj]
  (compiling source file '../patched/src/crc16.c')
  
C:\Users\samue\repos\redis-windows\build_work\redis\build\msvc_compat.h(164,5): warning C4028: formal parameter 1 different from declaration [C:\Users\samue\repos\redis-windows\build_work\redis\build\src\redis-server.vcxproj]
  (compiling source file '../patched/src/crc16.c')
  
C:\Users\samue\repos\redis-windows\build_work\redis\build\patched\src\sds.h(146,34): warning C4267: '=': conversion from 'size_t' to 'unsigned char', possible loss of data [C:\Users\samue\repos\redis-windows\build_work\redis\build\src\redis-server.vcxproj]
  (compiling source file '../patched/src/crc16.c')
  
C:\Users\samue\repos\redis-windows\build_work\redis\build\patched\src\sds.h(150,33): warning C4267: '=': conversion from 'size_t' to 'uint8_t', possible loss of data [C:\Users\samue\repos\redis-windows\build_work\redis\build\src\redis-server.vcxproj]
  (compiling source file '../patched/src/crc16.c')
  
C:\Users\samue\repos\redis-windows\build_work\redis\build\patched\src\sds.h(153,34): warning C4267: '=': conversion from 'size_t' to 'uint16_t', possible loss of data [C:\Users\samue\repos\redis-windows\build_work\redis\build\src\redis-server.vcxproj]
  (compiling source file '../patched/src/crc16.c')
  
C:\Users\samue\repos\redis-windows\build_work\redis\build\patched\src\sds.h(156,34): warning C4267: '=': conversion from 'size_t' to 'uint32_t', possible loss of data [C:\Users\samue\repos\redis-windows\build_work\redis\build\src\redis-server.vcxproj]
  (compiling source file '../patched/src/crc16.c')
  
C:\Users\samue\repos\redis-windows\build_work\redis\build\patched\src\sds.h(174,34): warning C4267: '+=': conversion from 'size_t' to 'uint8_t', possible loss of data [C:\Users\samue\repos\redis-windows\build_work\redis\build\src\redis-server.vcxproj]
  (compiling source file '../patched/src/crc16.c')
  
C:\Users\samue\repos\redis-windows\build_work\redis\build\patched\src\sds.h(177,35): warning C4267: '+=': conversion from 'size_t' to 'uint16_t', possible loss of data [C:\Users\samue\repos\redis-windows\build_work\redis\build\src\redis-server.vcxproj]
  (compiling source file '../patched/src/crc16.c')
  
C:\Users\samue\repos\redis-windows\build_work\redis\build\patched\src\sds.h(180,35): warning C4267: '+=': conversion from 'size_t' to 'uint32_t', possible loss of data [C:\Users\samue\repos\redis-windows\build_work\redis\build\src\redis-server.vcxproj]
  (compiling source file '../patched/src/crc16.c')
  
C:\Users\samue\repos\redis-windows\build_work\redis\build\patched\src\sds.h(169,57): warning C4267: 'initializing': conversion from 'size_t' to 'unsigned char', possible loss of data [C:\Users\samue\repos\redis-windows\build_work\redis\build\src\redis-server.vcxproj]
  (compiling source file '../patched/src/crc16.c')
  
C:\Users\samue\repos\redis-windows\build_work\redis\build\patched\src\sds.h(234,50): warning C4267: '=': conversion from 'size_t' to 'uint8_t', possible loss of data [C:\Users\samue\repos\redis-windows\build_work\redis\build\src\redis-server.vcxproj]
  (compiling source file '../patched/src/crc16.c')
  
C:\Users\samue\repos\redis-windows\build_work\redis\build\patched\src\sds.h(237,53): warning C4267: '=': conversion from 'size_t' to 'uint16_t', possible loss of data [C:\Users\samue\repos\redis-windows\build_work\redis\build\src\redis-server.vcxproj]
  (compiling source file '../patched/src/crc16.c')
  
C:\Users\samue\repos\redis-windows\build_work\redis\build\patched\src\sds.h(240,36): warning C4267: '=': conversion from 'size_t' to 'uint32_t', possible loss of data [C:\Users\samue\repos\redis-windows\build_work\redis\build\src\redis-server.vcxproj]
  (compiling source file '../patched/src/crc16.c')
  
  eval.c
C:\Users\samue\repos\redis-windows\build_work\redis\build\msvc_compat.h(156,9): warning C4028: formal parameter 1 different from declaration [C:\Users\samue\repos\redis-windows\build_work\redis\build\src\redis-server.vcxproj]
  (compiling source file '../patched/src/eval.c')
  
C:\Users\samue\repos\redis-windows\build_work\redis\build\msvc_compat.h(157,9): warning C4028: formal parameter 1 different from declaration [C:\Users\samue\repos\redis-windows\build_work\redis\build\src\redis-server.vcxproj]
  (compiling source file '../patched/src/eval.c')
  
C:\Users\samue\repos\redis-windows\build_work\redis\build\msvc_compat.h(164,5): warning C4028: formal parameter 1 different from declaration [C:\Users\samue\repos\redis-windows\build_work\redis\build\src\redis-server.vcxproj]
  (compiling source file '../patched/src/eval.c')
  
C:\Users\samue\repos\redis-windows\build_work\redis\build\patched\src\sds.h(146,34): warning C4267: '=': conversion from 'size_t' to 'unsigned char', possible loss of data [C:\Users\samue\repos\redis-windows\build_work\redis\build\src\redis-server.vcxproj]
  (compiling source file '../patched/src/eval.c')
  
C:\Users\samue\repos\redis-windows\build_work\redis\build\patched\src\sds.h(150,33): warning C4267: '=': conversion from 'size_t' to 'uint8_t', possible loss of data [C:\Users\samue\repos\redis-windows\build_work\redis\build\src\redis-server.vcxproj]
  (compiling source file '../patched/src/eval.c')
  
C:\Users\samue\repos\redis-windows\build_work\redis\build\patched\src\sds.h(153,34): warning C4267: '=': conversion from 'size_t' to 'uint16_t', possible loss of data [C:\Users\samue\repos\redis-windows\build_work\redis\build\src\redis-server.vcxproj]
  (compiling source file '../patched/src/eval.c')
  
C:\Users\samue\repos\redis-windows\build_work\redis\build\patched\src\sds.h(156,34): warning C4267: '=': conversion from 'size_t' to 'uint32_t', possible loss of data [C:\Users\samue\repos\redis-windows\build_work\redis\build\src\redis-server.vcxproj]
  (compiling source file '../patched/src/eval.c')
  
C:\Users\samue\repos\redis-windows\build_work\redis\build\patched\src\sds.h(174,34): warning C4267: '+=': conversion from 'size_t' to 'uint8_t', possible loss of data [C:\Users\samue\repos\redis-windows\build_work\redis\build\src\redis-server.vcxproj]
  (compiling source file '../patched/src/eval.c')
  
C:\Users\samue\repos\redis-windows\build_work\redis\build\patched\src\sds.h(177,35): warning C4267: '+=': conversion from 'size_t' to 'uint16_t', possible loss of data [C:\Users\samue\repos\redis-windows\build_work\redis\build\src\redis-server.vcxproj]
  (compiling source file '../patched/src/eval.c')
  
C:\Users\samue\repos\redis-windows\build_work\redis\build\patched\src\sds.h(180,35): warning C4267: '+=': conversion from 'size_t' to 'uint32_t', possible loss of data [C:\Users\samue\repos\redis-windows\build_work\redis\build\src\redis-server.vcxproj]
  (compiling source file '../patched/src/eval.c')
  
C:\Users\samue\repos\redis-windows\build_work\redis\build\patched\src\sds.h(169,57): warning C4267: 'initializing': conversion from 'size_t' to 'unsigned char', possible loss of data [C:\Users\samue\repos\redis-windows\build_work\redis\build\src\redis-server.vcxproj]
  (compiling source file '../patched/src/eval.c')
  
C:\Users\samue\repos\redis-windows\build_work\redis\build\patched\src\sds.h(234,50): warning C4267: '=': conversion from 'size_t' to 'uint8_t', possible loss of data [C:\Users\samue\repos\redis-windows\build_work\redis\build\src\redis-server.vcxproj]
  (compiling source file '../patched/src/eval.c')
  
C:\Users\samue\repos\redis-windows\build_work\redis\build\patched\src\sds.h(237,53): warning C4267: '=': conversion from 'size_t' to 'uint16_t', possible loss of data [C:\Users\samue\repos\redis-windows\build_work\redis\build\src\redis-server.vcxproj]
  (compiling source file '../patched/src/eval.c')
  
C:\Users\samue\repos\redis-windows\build_work\redis\build\patched\src\sds.h(240,36): warning C4267: '=': conversion from 'size_t' to 'uint32_t', possible loss of data [C:\Users\samue\repos\redis-windows\build_work\redis\build\src\redis-server.vcxproj]
  (compiling source file '../patched/src/eval.c')
  
C:\Users\samue\repos\redis-windows\build_work\redis\build\patched\src\eval.c(106,44): warning C4267: 'function': conversion from 'size_t' to 'uint32_t', possible loss of data [C:\Users\samue\repos\redis-windows\build_work\redis\build\src\redis-server.vcxproj]
C:\Users\samue\repos\redis-windows\build_work\redis\build\patched\src\eval.c(756,60): warning C4267: 'return': conversion from 'size_t' to 'unsigned long', possible loss of data [C:\Users\samue\repos\redis-windows\build_work\redis\build\src\redis-server.vcxproj]
C:\Users\samue\repos\redis-windows\build_work\redis\build\patched\src\eval.c(889,42): warning C4312: 'type cast': conversion from 'unsigned long' to 'void *' of greater size [C:\Users\samue\repos\redis-windows\build_work\redis\build\src\redis-server.vcxproj]
C:\Users\samue\repos\redis-windows\build_work\redis\build\patched\src\eval.c(953,47): warning C4312: 'type cast': conversion from 'unsigned long' to 'void *' of greater size [C:\Users\samue\repos\redis-windows\build_work\redis\build\src\redis-server.vcxproj]
C:\Users\samue\repos\redis-windows\build_work\redis\build\patched\src\eval.c(974,21): warning C4311: 'type cast': pointer truncation from 'void *' to 'unsigned long' [C:\Users\samue\repos\redis-windows\build_work\redis\build\src\redis-server.vcxproj]
  bio.c
C:\Users\samue\repos\redis-windows\build_work\redis\build\msvc_compat.h(156,9): warning C4028: formal parameter 1 different from declaration [C:\Users\samue\repos\redis-windows\build_work\redis\build\src\redis-server.vcxproj]
  (compiling source file '../patched/src/bio.c')
  
C:\Users\samue\repos\redis-windows\build_work\redis\build\msvc_compat.h(157,9): warning C4028: formal parameter 1 different from declaration [C:\Users\samue\repos\redis-windows\build_work\redis\build\src\redis-server.vcxproj]
  (compiling source file '../patched/src/bio.c')
  
C:\Users\samue\repos\redis-windows\build_work\redis\build\msvc_compat.h(164,5): warning C4028: formal parameter 1 different from declaration [C:\Users\samue\repos\redis-windows\build_work\redis\build\src\redis-server.vcxproj]
  (compiling source file '../patched/src/bio.c')
  
C:\Users\samue\repos\redis-windows\build_work\redis\build\patched\src\sds.h(146,34): warning C4267: '=': conversion from 'size_t' to 'unsigned char', possible loss of data [C:\Users\samue\repos\redis-windows\build_work\redis\build\src\redis-server.vcxproj]
  (compiling source file '../patched/src/bio.c')
  
C:\Users\samue\repos\redis-windows\build_work\redis\build\patched\src\sds.h(150,33): warning C4267: '=': conversion from 'size_t' to 'uint8_t', possible loss of data [C:\Users\samue\repos\redis-windows\build_work\redis\build\src\redis-server.vcxproj]
  (compiling source file '../patched/src/bio.c')
  
C:\Users\samue\repos\redis-windows\build_work\redis\build\patched\src\sds.h(153,34): warning C4267: '=': conversion from 'size_t' to 'uint16_t', possible loss of data [C:\Users\samue\repos\redis-windows\build_work\redis\build\src\redis-server.vcxproj]
  (compiling source file '../patched/src/bio.c')
  
C:\Users\samue\repos\redis-windows\build_work\redis\build\patched\src\sds.h(156,34): warning C4267: '=': conversion from 'size_t' to 'uint32_t', possible loss of data [C:\Users\samue\repos\redis-windows\build_work\redis\build\src\redis-server.vcxproj]
  (compiling source file '../patched/src/bio.c')
  
C:\Users\samue\repos\redis-windows\build_work\redis\build\patched\src\sds.h(174,34): warning C4267: '+=': conversion from 'size_t' to 'uint8_t', possible loss of data [C:\Users\samue\repos\redis-windows\build_work\redis\build\src\redis-server.vcxproj]
  (compiling source file '../patched/src/bio.c')
  
C:\Users\samue\repos\redis-windows\build_work\redis\build\patched\src\sds.h(177,35): warning C4267: '+=': conversion from 'size_t' to 'uint16_t', possible loss of data [C:\Users\samue\repos\redis-windows\build_work\redis\build\src\redis-server.vcxproj]
  (compiling source file '../patched/src/bio.c')
  
C:\Users\samue\repos\redis-windows\build_work\redis\build\patched\src\sds.h(180,35): warning C4267: '+=': conversion from 'size_t' to 'uint32_t', possible loss of data [C:\Users\samue\repos\redis-windows\build_work\redis\build\src\redis-server.vcxproj]
  (compiling source file '../patched/src/bio.c')
  
C:\Users\samue\repos\redis-windows\build_work\redis\build\patched\src\sds.h(169,57): warning C4267: 'initializing': conversion from 'size_t' to 'unsigned char', possible loss of data [C:\Users\samue\repos\redis-windows\build_work\redis\build\src\redis-server.vcxproj]
  (compiling source file '../patched/src/bio.c')
  
C:\Users\samue\repos\redis-windows\build_work\redis\build\patched\src\sds.h(234,50): warning C4267: '=': conversion from 'size_t' to 'uint8_t', possible loss of data [C:\Users\samue\repos\redis-windows\build_work\redis\build\src\redis-server.vcxproj]
  (compiling source file '../patched/src/bio.c')
  
C:\Users\samue\repos\redis-windows\build_work\redis\build\patched\src\sds.h(237,53): warning C4267: '=': conversion from 'size_t' to 'uint16_t', possible loss of data [C:\Users\samue\repos\redis-windows\build_work\redis\build\src\redis-server.vcxproj]
  (compiling source file '../patched/src/bio.c')
  
C:\Users\samue\repos\redis-windows\build_work\redis\build\patched\src\sds.h(240,36): warning C4267: '=': conversion from 'size_t' to 'uint32_t', possible loss of data [C:\Users\samue\repos\redis-windows\build_work\redis\build\src\redis-server.vcxproj]
  (compiling source file '../patched/src/bio.c')
  
C:\Users\samue\repos\redis-windows\build_work\redis\build\patched\src\bio.c(172,74): warning C4312: 'type cast': conversion from 'unsigned long' to 'void *' of greater size [C:\Users\samue\repos\redis-windows\build_work\redis\build\src\redis-server.vcxproj]
C:\Users\samue\repos\redis-windows\build_work\redis\build\patched\src\bio.c(259,28): warning C4311: 'type cast': pointer truncation from 'void *' to 'unsigned long' [C:\Users\samue\repos\redis-windows\build_work\redis\build\src\redis-server.vcxproj]
  rio.c
C:\Users\samue\repos\redis-windows\build_work\redis\build\msvc_compat.h(156,9): warning C4028: formal parameter 1 different from declaration [C:\Users\samue\repos\redis-windows\build_work\redis\build\src\redis-server.vcxproj]
  (compiling source file '../patched/src/rio.c')
  
C:\Users\samue\repos\redis-windows\build_work\redis\build\msvc_compat.h(157,9): warning C4028: formal parameter 1 different from declaration [C:\Users\samue\repos\redis-windows\build_work\redis\build\src\redis-server.vcxproj]
  (compiling source file '../patched/src/rio.c')
  
C:\Users\samue\repos\redis-windows\build_work\redis\build\msvc_compat.h(164,5): warning C4028: formal parameter 1 different from declaration [C:\Users\samue\repos\redis-windows\build_work\redis\build\src\redis-server.vcxproj]
  (compiling source file '../patched/src/rio.c')
  
C:\Users\samue\repos\redis-windows\build_work\redis\build\patched\src\sds.h(146,34): warning C4267: '=': conversion from 'size_t' to 'unsigned char', possible loss of data [C:\Users\samue\repos\redis-windows\build_work\redis\build\src\redis-server.vcxproj]
  (compiling source file '../patched/src/rio.c')
  
C:\Users\samue\repos\redis-windows\build_work\redis\build\patched\src\sds.h(150,33): warning C4267: '=': conversion from 'size_t' to 'uint8_t', possible loss of data [C:\Users\samue\repos\redis-windows\build_work\redis\build\src\redis-server.vcxproj]
  (compiling source file '../patched/src/rio.c')
  
C:\Users\samue\repos\redis-windows\build_work\redis\build\patched\src\sds.h(153,34): warning C4267: '=': conversion from 'size_t' to 'uint16_t', possible loss of data [C:\Users\samue\repos\redis-windows\build_work\redis\build\src\redis-server.vcxproj]
  (compiling source file '../patched/src/rio.c')
  
C:\Users\samue\repos\redis-windows\build_work\redis\build\patched\src\sds.h(156,34): warning C4267: '=': conversion from 'size_t' to 'uint32_t', possible loss of data [C:\Users\samue\repos\redis-windows\build_work\redis\build\src\redis-server.vcxproj]
  (compiling source file '../patched/src/rio.c')
  
C:\Users\samue\repos\redis-windows\build_work\redis\build\patched\src\sds.h(174,34): warning C4267: '+=': conversion from 'size_t' to 'uint8_t', possible loss of data [C:\Users\samue\repos\redis-windows\build_work\redis\build\src\redis-server.vcxproj]
  (compiling source file '../patched/src/rio.c')
  
C:\Users\samue\repos\redis-windows\build_work\redis\build\patched\src\sds.h(177,35): warning C4267: '+=': conversion from 'size_t' to 'uint16_t', possible loss of data [C:\Users\samue\repos\redis-windows\build_work\redis\build\src\redis-server.vcxproj]
  (compiling source file '../patched/src/rio.c')
  
C:\Users\samue\repos\redis-windows\build_work\redis\build\patched\src\sds.h(180,35): warning C4267: '+=': conversion from 'size_t' to 'uint32_t', possible loss of data [C:\Users\samue\repos\redis-windows\build_work\redis\build\src\redis-server.vcxproj]
  (compiling source file '../patched/src/rio.c')
  
C:\Users\samue\repos\redis-windows\build_work\redis\build\patched\src\sds.h(169,57): warning C4267: 'initializing': conversion from 'size_t' to 'unsigned char', possible loss of data [C:\Users\samue\repos\redis-windows\build_work\redis\build\src\redis-server.vcxproj]
  (compiling source file '../patched/src/rio.c')
  
C:\Users\samue\repos\redis-windows\build_work\redis\build\patched\src\sds.h(234,50): warning C4267: '=': conversion from 'size_t' to 'uint8_t', possible loss of data [C:\Users\samue\repos\redis-windows\build_work\redis\build\src\redis-server.vcxproj]
  (compiling source file '../patched/src/rio.c')
  
C:\Users\samue\repos\redis-windows\build_work\redis\build\patched\src\sds.h(237,53): warning C4267: '=': conversion from 'size_t' to 'uint16_t', possible loss of data [C:\Users\samue\repos\redis-windows\build_work\redis\build\src\redis-server.vcxproj]
  (compiling source file '../patched/src/rio.c')
  
C:\Users\samue\repos\redis-windows\build_work\redis\build\patched\src\sds.h(240,36): warning C4267: '=': conversion from 'size_t' to 'uint32_t', possible loss of data [C:\Users\samue\repos\redis-windows\build_work\redis\build\src\redis-server.vcxproj]
  (compiling source file '../patched/src/rio.c')
  
C:\Users\samue\repos\redis-windows\build_work\redis\build\patched\src\rio.c(271,12): warning C4267: 'return': conversion from 'size_t' to 'int', possible loss of data [C:\Users\samue\repos\redis-windows\build_work\redis\build\src\redis-server.vcxproj]
C:\Users\samue\repos\redis-windows\build_work\redis\build\patched\src\rio.c(390,12): warning C4267: 'return': conversion from 'size_t' to 'int', possible loss of data [C:\Users\samue\repos\redis-windows\build_work\redis\build\src\redis-server.vcxproj]
C:\Users\samue\repos\redis-windows\build_work\redis\build\patched\src\rio.c(519,12): warning C4267: 'return': conversion from 'size_t' to 'int', possible loss of data [C:\Users\samue\repos\redis-windows\build_work\redis\build\src\redis-server.vcxproj]
C:\Users\samue\repos\redis-windows\build_work\redis\build\patched\src\rio.c(618,45): warning C4267: 'function': conversion from 'size_t' to 'long', possible loss of data [C:\Users\samue\repos\redis-windows\build_work\redis\build\src\redis-server.vcxproj]
  rand.c
C:\Users\samue\repos\redis-windows\build_work\redis\build\msvc_compat.h(156,9): warning C4028: formal parameter 1 different from declaration [C:\Users\samue\repos\redis-windows\build_work\redis\build\src\redis-server.vcxproj]
  (compiling source file '../patched/src/rand.c')
  
C:\Users\samue\repos\redis-windows\build_work\redis\build\msvc_compat.h(157,9): warning C4028: formal parameter 1 different from declaration [C:\Users\samue\repos\redis-windows\build_work\redis\build\src\redis-server.vcxproj]
  (compiling source file '../patched/src/rand.c')
  
C:\Users\samue\repos\redis-windows\build_work\redis\build\msvc_compat.h(164,5): warning C4028: formal parameter 1 different from declaration [C:\Users\samue\repos\redis-windows\build_work\redis\build\src\redis-server.vcxproj]
  (compiling source file '../patched/src/rand.c')
  
  memtest.c
C:\Users\samue\repos\redis-windows\build_work\redis\build\msvc_compat.h(156,9): warning C4028: formal parameter 1 different from declaration [C:\Users\samue\repos\redis-windows\build_work\redis\build\src\redis-server.vcxproj]
  (compiling source file '../patched/src/memtest.c')
  
C:\Users\samue\repos\redis-windows\build_work\redis\build\msvc_compat.h(157,9): warning C4028: formal parameter 1 different from declaration [C:\Users\samue\repos\redis-windows\build_work\redis\build\src\redis-server.vcxproj]
  (compiling source file '../patched/src/memtest.c')
  
C:\Users\samue\repos\redis-windows\build_work\redis\build\msvc_compat.h(164,5): warning C4028: formal parameter 1 different from declaration [C:\Users\samue\repos\redis-windows\build_work\redis\build\src\redis-server.vcxproj]
  (compiling source file '../patched/src/memtest.c')
  
C:\Users\samue\repos\redis-windows\build_work\redis\build\patched\src\memtest.c(80,14): warning C4311: 'type cast': pointer truncation from 'unsigned long *' to 'unsigned long' [C:\Users\samue\repos\redis-windows\build_work\redis\build\src\redis-server.vcxproj]
C:\Users\samue\repos\redis-windows\build_work\redis\build\patched\src\memtest.c(88,19): warning C4311: 'type cast': pointer truncation from 'unsigned long *' to 'unsigned long' [C:\Users\samue\repos\redis-windows\build_work\redis\build\src\redis-server.vcxproj]
C:\Users\samue\repos\redis-windows\build_work\redis\build\patched\src\memtest.c(74,32): warning C4267: 'initializing': conversion from 'size_t' to 'unsigned long', possible loss of data [C:\Users\samue\repos\redis-windows\build_work\redis\build\src\redis-server.vcxproj]
C:\Users\samue\repos\redis-windows\build_work\redis\build\patched\src\memtest.c(120,54): warning C4267: 'initializing': conversion from 'size_t' to 'unsigned long', possible loss of data [C:\Users\samue\repos\redis-windows\build_work\redis\build\src\redis-server.vcxproj]
C:\Users\samue\repos\redis-windows\build_work\redis\build\patched\src\memtest.c(147,54): warning C4267: 'initializing': conversion from 'size_t' to 'unsigned long', possible loss of data [C:\Users\samue\repos\redis-windows\build_work\redis\build\src\redis-server.vcxproj]
C:\Users\samue\repos\redis-windows\build_work\redis\build\patched\src\memtest.c(175,54): warning C4267: 'initializing': conversion from 'size_t' to 'unsigned long', possible loss of data [C:\Users\samue\repos\redis-windows\build_work\redis\build\src\redis-server.vcxproj]
  syscheck.c
C:\Users\samue\repos\redis-windows\build_work\redis\build\msvc_compat.h(156,9): warning C4028: formal parameter 1 different from declaration [C:\Users\samue\repos\redis-windows\build_work\redis\build\src\redis-server.vcxproj]
  (compiling source file '../patched/src/syscheck.c')
  
C:\Users\samue\repos\redis-windows\build_work\redis\build\msvc_compat.h(157,9): warning C4028: formal parameter 1 different from declaration [C:\Users\samue\repos\redis-windows\build_work\redis\build\src\redis-server.vcxproj]
  (compiling source file '../patched/src/syscheck.c')
  
C:\Users\samue\repos\redis-windows\build_work\redis\build\msvc_compat.h(164,5): warning C4028: formal parameter 1 different from declaration [C:\Users\samue\repos\redis-windows\build_work\redis\build\src\redis-server.vcxproj]
  (compiling source file '../patched/src/syscheck.c')
  
C:\Users\samue\repos\redis-windows\build_work\redis\build\patched\src\sds.h(146,34): warning C4267: '=': conversion from 'size_t' to 'unsigned char', possible loss of data [C:\Users\samue\repos\redis-windows\build_work\redis\build\src\redis-server.vcxproj]
  (compiling source file '../patched/src/syscheck.c')
  
C:\Users\samue\repos\redis-windows\build_work\redis\build\patched\src\sds.h(150,33): warning C4267: '=': conversion from 'size_t' to 'uint8_t', possible loss of data [C:\Users\samue\repos\redis-windows\build_work\redis\build\src\redis-server.vcxproj]
  (compiling source file '../patched/src/syscheck.c')
  
C:\Users\samue\repos\redis-windows\build_work\redis\build\patched\src\sds.h(153,34): warning C4267: '=': conversion from 'size_t' to 'uint16_t', possible loss of data [C:\Users\samue\repos\redis-windows\build_work\redis\build\src\redis-server.vcxproj]
  (compiling source file '../patched/src/syscheck.c')
  
C:\Users\samue\repos\redis-windows\build_work\redis\build\patched\src\sds.h(156,34): warning C4267: '=': conversion from 'size_t' to 'uint32_t', possible loss of data [C:\Users\samue\repos\redis-windows\build_work\redis\build\src\redis-server.vcxproj]
  (compiling source file '../patched/src/syscheck.c')
  
C:\Users\samue\repos\redis-windows\build_work\redis\build\patched\src\sds.h(174,34): warning C4267: '+=': conversion from 'size_t' to 'uint8_t', possible loss of data [C:\Users\samue\repos\redis-windows\build_work\redis\build\src\redis-server.vcxproj]
  (compiling source file '../patched/src/syscheck.c')
  
C:\Users\samue\repos\redis-windows\build_work\redis\build\patched\src\sds.h(177,35): warning C4267: '+=': conversion from 'size_t' to 'uint16_t', possible loss of data [C:\Users\samue\repos\redis-windows\build_work\redis\build\src\redis-server.vcxproj]
  (compiling source file '../patched/src/syscheck.c')
  
C:\Users\samue\repos\redis-windows\build_work\redis\build\patched\src\sds.h(180,35): warning C4267: '+=': conversion from 'size_t' to 'uint32_t', possible loss of data [C:\Users\samue\repos\redis-windows\build_work\redis\build\src\redis-server.vcxproj]
  (compiling source file '../patched/src/syscheck.c')
  
C:\Users\samue\repos\redis-windows\build_work\redis\build\patched\src\sds.h(169,57): warning C4267: 'initializing': conversion from 'size_t' to 'unsigned char', possible loss of data [C:\Users\samue\repos\redis-windows\build_work\redis\build\src\redis-server.vcxproj]
  (compiling source file '../patched/src/syscheck.c')
  
C:\Users\samue\repos\redis-windows\build_work\redis\build\patched\src\sds.h(234,50): warning C4267: '=': conversion from 'size_t' to 'uint8_t', possible loss of data [C:\Users\samue\repos\redis-windows\build_work\redis\build\src\redis-server.vcxproj]
  (compiling source file '../patched/src/syscheck.c')
  
C:\Users\samue\repos\redis-windows\build_work\redis\build\patched\src\sds.h(237,53): warning C4267: '=': conversion from 'size_t' to 'uint16_t', possible loss of data [C:\Users\samue\repos\redis-windows\build_work\redis\build\src\redis-server.vcxproj]
  (compiling source file '../patched/src/syscheck.c')
  
C:\Users\samue\repos\redis-windows\build_work\redis\build\patched\src\sds.h(240,36): warning C4267: '=': conversion from 'size_t' to 'uint32_t', possible loss of data [C:\Users\samue\repos\redis-windows\build_work\redis\build\src\redis-server.vcxproj]
  (compiling source file '../patched/src/syscheck.c')
  
  crcspeed.c
C:\Users\samue\repos\redis-windows\build_work\redis\build\msvc_compat.h(156,9): warning C4028: formal parameter 1 different from declaration [C:\Users\samue\repos\redis-windows\build_work\redis\build\src\redis-server.vcxproj]
  (compiling source file '../patched/src/crcspeed.c')
  
C:\Users\samue\repos\redis-windows\build_work\redis\build\msvc_compat.h(157,9): warning C4028: formal parameter 1 different from declaration [C:\Users\samue\repos\redis-windows\build_work\redis\build\src\redis-server.vcxproj]
  (compiling source file '../patched/src/crcspeed.c')
  
C:\Users\samue\repos\redis-windows\build_work\redis\build\msvc_compat.h(164,5): warning C4028: formal parameter 1 different from declaration [C:\Users\samue\repos\redis-windows\build_work\redis\build\src\redis-server.vcxproj]
  (compiling source file '../patched/src/crcspeed.c')
  
C:\Users\samue\repos\redis-windows\build_work\redis\build\patched\src\crcspeed.c(120,31): warning C4244: '=': conversion from 'uint64_t' to 'uint16_t', possible loss of data [C:\Users\samue\repos\redis-windows\build_work\redis\build\src\redis-server.vcxproj]
C:\Users\samue\repos\redis-windows\build_work\redis\build\patched\src\crcspeed.c(374,12): warning C4244: 'return': conversion from 'uint64_t' to 'uint16_t', possible loss of data [C:\Users\samue\repos\redis-windows\build_work\redis\build\src\redis-server.vcxproj]
  crccombine.c
C:\Users\samue\repos\redis-windows\build_work\redis\build\msvc_compat.h(156,9): warning C4028: formal parameter 1 different from declaration [C:\Users\samue\repos\redis-windows\build_work\redis\build\src\redis-server.vcxproj]
  (compiling source file '../patched/src/crccombine.c')
  
C:\Users\samue\repos\redis-windows\build_work\redis\build\msvc_compat.h(157,9): warning C4028: formal parameter 1 different from declaration [C:\Users\samue\repos\redis-windows\build_work\redis\build\src\redis-server.vcxproj]
  (compiling source file '../patched/src/crccombine.c')
  
C:\Users\samue\repos\redis-windows\build_work\redis\build\msvc_compat.h(164,5): warning C4028: formal parameter 1 different from declaration [C:\Users\samue\repos\redis-windows\build_work\redis\build\src\redis-server.vcxproj]
  (compiling source file '../patched/src/crccombine.c')
  
  crc64.c
C:\Users\samue\repos\redis-windows\build_work\redis\build\msvc_compat.h(156,9): warning C4028: formal parameter 1 different from declaration [C:\Users\samue\repos\redis-windows\build_work\redis\build\src\redis-server.vcxproj]
  (compiling source file '../patched/src/crc64.c')
  
C:\Users\samue\repos\redis-windows\build_work\redis\build\msvc_compat.h(157,9): warning C4028: formal parameter 1 different from declaration [C:\Users\samue\repos\redis-windows\build_work\redis\build\src\redis-server.vcxproj]
  (compiling source file '../patched/src/crc64.c')
  
C:\Users\samue\repos\redis-windows\build_work\redis\build\msvc_compat.h(164,5): warning C4028: formal parameter 1 different from declaration [C:\Users\samue\repos\redis-windows\build_work\redis\build\src\redis-server.vcxproj]
  (compiling source file '../patched/src/crc64.c')
  
C:\Users\samue\repos\redis-windows\build_work\redis\build\patched\src\crc64.c(298,49): warning C4244: 'function': conversion from 'uint64_t' to 'int', possible loss of data [C:\Users\samue\repos\redis-windows\build_work\redis\build\src\redis-server.vcxproj]
  bitops.c
C:\Users\samue\repos\redis-windows\build_work\redis\build\msvc_compat.h(156,9): warning C4028: formal parameter 1 different from declaration [C:\Users\samue\repos\redis-windows\build_work\redis\build\src\redis-server.vcxproj]
  (compiling source file '../patched/src/bitops.c')
  
C:\Users\samue\repos\redis-windows\build_work\redis\build\msvc_compat.h(157,9): warning C4028: formal parameter 1 different from declaration [C:\Users\samue\repos\redis-windows\build_work\redis\build\src\redis-server.vcxproj]
  (compiling source file '../patched/src/bitops.c')
  
C:\Users\samue\repos\redis-windows\build_work\redis\build\msvc_compat.h(164,5): warning C4028: formal parameter 1 different from declaration [C:\Users\samue\repos\redis-windows\build_work\redis\build\src\redis-server.vcxproj]
  (compiling source file '../patched/src/bitops.c')
  
C:\Users\samue\repos\redis-windows\build_work\redis\build\patched\src\sds.h(146,34): warning C4267: '=': conversion from 'size_t' to 'unsigned char', possible loss of data [C:\Users\samue\repos\redis-windows\build_work\redis\build\src\redis-server.vcxproj]
  (compiling source file '../patched/src/bitops.c')
  
C:\Users\samue\repos\redis-windows\build_work\redis\build\patched\src\sds.h(150,33): warning C4267: '=': conversion from 'size_t' to 'uint8_t', possible loss of data [C:\Users\samue\repos\redis-windows\build_work\redis\build\src\redis-server.vcxproj]
  (compiling source file '../patched/src/bitops.c')
  
C:\Users\samue\repos\redis-windows\build_work\redis\build\patched\src\sds.h(153,34): warning C4267: '=': conversion from 'size_t' to 'uint16_t', possible loss of data [C:\Users\samue\repos\redis-windows\build_work\redis\build\src\redis-server.vcxproj]
  (compiling source file '../patched/src/bitops.c')
  
C:\Users\samue\repos\redis-windows\build_work\redis\build\patched\src\sds.h(156,34): warning C4267: '=': conversion from 'size_t' to 'uint32_t', possible loss of data [C:\Users\samue\repos\redis-windows\build_work\redis\build\src\redis-server.vcxproj]
  (compiling source file '../patched/src/bitops.c')
  
C:\Users\samue\repos\redis-windows\build_work\redis\build\patched\src\sds.h(174,34): warning C4267: '+=': conversion from 'size_t' to 'uint8_t', possible loss of data [C:\Users\samue\repos\redis-windows\build_work\redis\build\src\redis-server.vcxproj]
  (compiling source file '../patched/src/bitops.c')
  
C:\Users\samue\repos\redis-windows\build_work\redis\build\patched\src\sds.h(177,35): warning C4267: '+=': conversion from 'size_t' to 'uint16_t', possible loss of data [C:\Users\samue\repos\redis-windows\build_work\redis\build\src\redis-server.vcxproj]
  (compiling source file '../patched/src/bitops.c')
  
C:\Users\samue\repos\redis-windows\build_work\redis\build\patched\src\sds.h(180,35): warning C4267: '+=': conversion from 'size_t' to 'uint32_t', possible loss of data [C:\Users\samue\repos\redis-windows\build_work\redis\build\src\redis-server.vcxproj]
  (compiling source file '../patched/src/bitops.c')
  
C:\Users\samue\repos\redis-windows\build_work\redis\build\patched\src\sds.h(169,57): warning C4267: 'initializing': conversion from 'size_t' to 'unsigned char', possible loss of data [C:\Users\samue\repos\redis-windows\build_work\redis\build\src\redis-server.vcxproj]
  (compiling source file '../patched/src/bitops.c')
  
C:\Users\samue\repos\redis-windows\build_work\redis\build\patched\src\sds.h(234,50): warning C4267: '=': conversion from 'size_t' to 'uint8_t', possible loss of data [C:\Users\samue\repos\redis-windows\build_work\redis\build\src\redis-server.vcxproj]
  (compiling source file '../patched/src/bitops.c')
  
C:\Users\samue\repos\redis-windows\build_work\redis\build\patched\src\sds.h(237,53): warning C4267: '=': conversion from 'size_t' to 'uint16_t', possible loss of data [C:\Users\samue\repos\redis-windows\build_work\redis\build\src\redis-server.vcxproj]
  (compiling source file '../patched/src/bitops.c')
  
C:\Users\samue\repos\redis-windows\build_work\redis\build\patched\src\sds.h(240,36): warning C4267: '=': conversion from 'size_t' to 'uint32_t', possible loss of data [C:\Users\samue\repos\redis-windows\build_work\redis\build\src\redis-server.vcxproj]
  (compiling source file '../patched/src/bitops.c')
  
C:\Users\samue\repos\redis-windows\build_work\redis\build\patched\src\bitops.c(84,12): warning C4311: 'type cast': pointer truncation from 'unsigned char *' to 'unsigned long' [C:\Users\samue\repos\redis-windows\build_work\redis\build\src\redis-server.vcxproj]
C:\Users\samue\repos\redis-windows\build_work\redis\build\patched\src\bitops.c(417,11): warning C4311: 'type cast': pointer truncation from 'unsigned char *' to 'unsigned long' [C:\Users\samue\repos\redis-windows\build_work\redis\build\src\redis-server.vcxproj]
C:\Users\samue\repos\redis-windows\build_work\redis\build\patched\src\bitops.c(586,23): warning C4146: unary minus operator applied to unsigned type, result still unsigned [C:\Users\samue\repos\redis-windows\build_work\redis\build\src\redis-server.vcxproj]
C:\Users\samue\repos\redis-windows\build_work\redis\build\patched\src\bitops.c(776,13): warning C4244: '=': conversion from '__int64' to 'int', possible loss of data [C:\Users\samue\repos\redis-windows\build_work\redis\build\src\redis-server.vcxproj]
C:\Users\samue\repos\redis-windows\build_work\redis\build\patched\src\bitops.c(836,55): warning C4311: 'type cast': pointer truncation from 'void *' to 'long' [C:\Users\samue\repos\redis-windows\build_work\redis\build\src\redis-server.vcxproj]
C:\Users\samue\repos\redis-windows\build_work\redis\build\patched\src\bitops.c(839,25): warning C4267: '=': conversion from 'size_t' to 'long', possible loss of data [C:\Users\samue\repos\redis-windows\build_work\redis\build\src\redis-server.vcxproj]
C:\Users\samue\repos\redis-windows\build_work\redis\build\patched\src\bitops.c(918,58): warning C4311: 'type cast': pointer truncation from 'void *' to 'long' [C:\Users\samue\repos\redis-windows\build_work\redis\build\src\redis-server.vcxproj]
C:\Users\samue\repos\redis-windows\build_work\redis\build\patched\src\bitops.c(1315,18): warning C4267: '=': conversion from 'size_t' to 'unsigned long', possible loss of data [C:\Users\samue\repos\redis-windows\build_work\redis\build\src\redis-server.vcxproj]
C:\Users\samue\repos\redis-windows\build_work\redis\build\patched\src\bitops.c(1812,31): warning C4244: 'initializing': conversion from '__int64' to 'long', possible loss of data [C:\Users\samue\repos\redis-windows\build_work\redis\build\src\redis-server.vcxproj]
  sentinel.c
C:\Users\samue\repos\redis-windows\build_work\redis\build\msvc_compat.h(156,9): warning C4028: formal parameter 1 different from declaration [C:\Users\samue\repos\redis-windows\build_work\redis\build\src\redis-server.vcxproj]
  (compiling source file '../patched/src/sentinel.c')
  
C:\Users\samue\repos\redis-windows\build_work\redis\build\msvc_compat.h(157,9): warning C4028: formal parameter 1 different from declaration [C:\Users\samue\repos\redis-windows\build_work\redis\build\src\redis-server.vcxproj]
  (compiling source file '../patched/src/sentinel.c')
  
C:\Users\samue\repos\redis-windows\build_work\redis\build\msvc_compat.h(164,5): warning C4028: formal parameter 1 different from declaration [C:\Users\samue\repos\redis-windows\build_work\redis\build\src\redis-server.vcxproj]
  (compiling source file '../patched/src/sentinel.c')
  
C:\Users\samue\repos\redis-windows\build_work\redis\build\patched\src\sds.h(146,34): warning C4267: '=': conversion from 'size_t' to 'unsigned char', possible loss of data [C:\Users\samue\repos\redis-windows\build_work\redis\build\src\redis-server.vcxproj]
  (compiling source file '../patched/src/sentinel.c')
  
C:\Users\samue\repos\redis-windows\build_work\redis\build\patched\src\sds.h(150,33): warning C4267: '=': conversion from 'size_t' to 'uint8_t', possible loss of data [C:\Users\samue\repos\redis-windows\build_work\redis\build\src\redis-server.vcxproj]
  (compiling source file '../patched/src/sentinel.c')
  
C:\Users\samue\repos\redis-windows\build_work\redis\build\patched\src\sds.h(153,34): warning C4267: '=': conversion from 'size_t' to 'uint16_t', possible loss of data [C:\Users\samue\repos\redis-windows\build_work\redis\build\src\redis-server.vcxproj]
  (compiling source file '../patched/src/sentinel.c')
  
C:\Users\samue\repos\redis-windows\build_work\redis\build\patched\src\sds.h(156,34): warning C4267: '=': conversion from 'size_t' to 'uint32_t', possible loss of data [C:\Users\samue\repos\redis-windows\build_work\redis\build\src\redis-server.vcxproj]
  (compiling source file '../patched/src/sentinel.c')
  
C:\Users\samue\repos\redis-windows\build_work\redis\build\patched\src\sds.h(174,34): warning C4267: '+=': conversion from 'size_t' to 'uint8_t', possible loss of data [C:\Users\samue\repos\redis-windows\build_work\redis\build\src\redis-server.vcxproj]
  (compiling source file '../patched/src/sentinel.c')
  
C:\Users\samue\repos\redis-windows\build_work\redis\build\patched\src\sds.h(177,35): warning C4267: '+=': conversion from 'size_t' to 'uint16_t', possible loss of data [C:\Users\samue\repos\redis-windows\build_work\redis\build\src\redis-server.vcxproj]
  (compiling source file '../patched/src/sentinel.c')
  
C:\Users\samue\repos\redis-windows\build_work\redis\build\patched\src\sds.h(180,35): warning C4267: '+=': conversion from 'size_t' to 'uint32_t', possible loss of data [C:\Users\samue\repos\redis-windows\build_work\redis\build\src\redis-server.vcxproj]
  (compiling source file '../patched/src/sentinel.c')
  
C:\Users\samue\repos\redis-windows\build_work\redis\build\patched\src\sds.h(169,57): warning C4267: 'initializing': conversion from 'size_t' to 'unsigned char', possible loss of data [C:\Users\samue\repos\redis-windows\build_work\redis\build\src\redis-server.vcxproj]
  (compiling source file '../patched/src/sentinel.c')
  
C:\Users\samue\repos\redis-windows\build_work\redis\build\patched\src\sds.h(234,50): warning C4267: '=': conversion from 'size_t' to 'uint8_t', possible loss of data [C:\Users\samue\repos\redis-windows\build_work\redis\build\src\redis-server.vcxproj]
  (compiling source file '../patched/src/sentinel.c')
  
C:\Users\samue\repos\redis-windows\build_work\redis\build\patched\src\sds.h(237,53): warning C4267: '=': conversion from 'size_t' to 'uint16_t', possible loss of data [C:\Users\samue\repos\redis-windows\build_work\redis\build\src\redis-server.vcxproj]
  (compiling source file '../patched/src/sentinel.c')
  
C:\Users\samue\repos\redis-windows\build_work\redis\build\patched\src\sds.h(240,36): warning C4267: '=': conversion from 'size_t' to 'uint32_t', possible loss of data [C:\Users\samue\repos\redis-windows\build_work\redis\build\src\redis-server.vcxproj]
  (compiling source file '../patched/src/sentinel.c')
  
C:\Users\samue\repos\redis-windows\build_work\redis\build\patched\src\sentinel.c(354,14): warning C4244: '=': conversion from 'redisFD' to 'int', possible loss of data [C:\Users\samue\repos\redis-windows\build_work\redis\build\src\redis-server.vcxproj]
C:\Users\samue\repos\redis-windows\build_work\redis\build\patched\src\sentinel.c(2433,64): warning C4244: 'function': conversion from 'redisFD' to 'int', possible loss of data [C:\Users\samue\repos\redis-windows\build_work\redis\build\src\redis-server.vcxproj]
C:\Users\samue\repos\redis-windows\build_work\redis\build\patched\src\sentinel.c(2463,64): warning C4244: 'function': conversion from 'redisFD' to 'int', possible loss of data [C:\Users\samue\repos\redis-windows\build_work\redis\build\src\redis-server.vcxproj]
C:\Users\samue\repos\redis-windows\build_work\redis\build\patched\src\sentinel.c(3011,66): warning C4267: 'function': conversion from 'size_t' to 'int', possible loss of data [C:\Users\samue\repos\redis-windows\build_work\redis\build\src\redis-server.vcxproj]
C:\Users\samue\repos\redis-windows\build_work\redis\build\patched\src\sentinel.c(3041,43): warning C4244: 'function': conversion from 'redisFD' to 'int', possible loss of data [C:\Users\samue\repos\redis-windows\build_work\redis\build\src\redis-server.vcxproj]
C:\Users\samue\repos\redis-windows\build_work\redis\build\patched\src\sentinel.c(3293,42): warning C4244: '=': conversion from '__int64' to 'int', possible loss of data [C:\Users\samue\repos\redis-windows\build_work\redis\build\src\redis-server.vcxproj]
C:\Users\samue\repos\redis-windows\build_work\redis\build\patched\src\sentinel.c(3297,43): warning C4244: '=': conversion from '__int64' to 'int', possible loss of data [C:\Users\samue\repos\redis-windows\build_work\redis\build\src\redis-server.vcxproj]
C:\Users\samue\repos\redis-windows\build_work\redis\build\patched\src\sentinel.c(3305,38): warning C4244: '=': conversion from '__int64' to 'int', possible loss of data [C:\Users\samue\repos\redis-windows\build_work\redis\build\src\redis-server.vcxproj]
C:\Users\samue\repos\redis-windows\build_work\redis\build\patched\src\sentinel.c(4413,34): warning C4244: '=': conversion from '__int64' to 'int', possible loss of data [C:\Users\samue\repos\redis-windows\build_work\redis\build\src\redis-server.vcxproj]
C:\Users\samue\repos\redis-windows\build_work\redis\build\patched\src\sentinel.c(4488,26): warning C4244: '=': conversion from '__int64' to 'unsigned int', possible loss of data [C:\Users\samue\repos\redis-windows\build_work\redis\build\src\redis-server.vcxproj]
C:\Users\samue\repos\redis-windows\build_work\redis\build\patched\src\sentinel.c(4573,49): warning C4267: 'function': conversion from 'size_t' to 'int', possible loss of data [C:\Users\samue\repos\redis-windows\build_work\redis\build\src\redis-server.vcxproj]
C:\Users\samue\repos\redis-windows\build_work\redis\build\patched\src\sentinel.c(4834,22): warning C4244: 'return': conversion from 'uint64_t' to 'int', possible loss of data [C:\Users\samue\repos\redis-windows\build_work\redis\build\src\redis-server.vcxproj]
  notify.c
C:\Users\samue\repos\redis-windows\build_work\redis\build\msvc_compat.h(156,9): warning C4028: formal parameter 1 different from declaration [C:\Users\samue\repos\redis-windows\build_work\redis\build\src\redis-server.vcxproj]
  (compiling source file '../patched/src/notify.c')
  
C:\Users\samue\repos\redis-windows\build_work\redis\build\msvc_compat.h(157,9): warning C4028: formal parameter 1 different from declaration [C:\Users\samue\repos\redis-windows\build_work\redis\build\src\redis-server.vcxproj]
  (compiling source file '../patched/src/notify.c')
  
C:\Users\samue\repos\redis-windows\build_work\redis\build\msvc_compat.h(164,5): warning C4028: formal parameter 1 different from declaration [C:\Users\samue\repos\redis-windows\build_work\redis\build\src\redis-server.vcxproj]
  (compiling source file '../patched/src/notify.c')
  
C:\Users\samue\repos\redis-windows\build_work\redis\build\patched\src\sds.h(146,34): warning C4267: '=': conversion from 'size_t' to 'unsigned char', possible loss of data [C:\Users\samue\repos\redis-windows\build_work\redis\build\src\redis-server.vcxproj]
  (compiling source file '../patched/src/notify.c')
  
C:\Users\samue\repos\redis-windows\build_work\redis\build\patched\src\sds.h(150,33): warning C4267: '=': conversion from 'size_t' to 'uint8_t', possible loss of data [C:\Users\samue\repos\redis-windows\build_work\redis\build\src\redis-server.vcxproj]
  (compiling source file '../patched/src/notify.c')
  
C:\Users\samue\repos\redis-windows\build_work\redis\build\patched\src\sds.h(153,34): warning C4267: '=': conversion from 'size_t' to 'uint16_t', possible loss of data [C:\Users\samue\repos\redis-windows\build_work\redis\build\src\redis-server.vcxproj]
  (compiling source file '../patched/src/notify.c')
  
C:\Users\samue\repos\redis-windows\build_work\redis\build\patched\src\sds.h(156,34): warning C4267: '=': conversion from 'size_t' to 'uint32_t', possible loss of data [C:\Users\samue\repos\redis-windows\build_work\redis\build\src\redis-server.vcxproj]
  (compiling source file '../patched/src/notify.c')
  
C:\Users\samue\repos\redis-windows\build_work\redis\build\patched\src\sds.h(174,34): warning C4267: '+=': conversion from 'size_t' to 'uint8_t', possible loss of data [C:\Users\samue\repos\redis-windows\build_work\redis\build\src\redis-server.vcxproj]
  (compiling source file '../patched/src/notify.c')
  
C:\Users\samue\repos\redis-windows\build_work\redis\build\patched\src\sds.h(177,35): warning C4267: '+=': conversion from 'size_t' to 'uint16_t', possible loss of data [C:\Users\samue\repos\redis-windows\build_work\redis\build\src\redis-server.vcxproj]
  (compiling source file '../patched/src/notify.c')
  
C:\Users\samue\repos\redis-windows\build_work\redis\build\patched\src\sds.h(180,35): warning C4267: '+=': conversion from 'size_t' to 'uint32_t', possible loss of data [C:\Users\samue\repos\redis-windows\build_work\redis\build\src\redis-server.vcxproj]
  (compiling source file '../patched/src/notify.c')
  
C:\Users\samue\repos\redis-windows\build_work\redis\build\patched\src\sds.h(169,57): warning C4267: 'initializing': conversion from 'size_t' to 'unsigned char', possible loss of data [C:\Users\samue\repos\redis-windows\build_work\redis\build\src\redis-server.vcxproj]
  (compiling source file '../patched/src/notify.c')
  
C:\Users\samue\repos\redis-windows\build_work\redis\build\patched\src\sds.h(234,50): warning C4267: '=': conversion from 'size_t' to 'uint8_t', possible loss of data [C:\Users\samue\repos\redis-windows\build_work\redis\build\src\redis-server.vcxproj]
  (compiling source file '../patched/src/notify.c')
  
C:\Users\samue\repos\redis-windows\build_work\redis\build\patched\src\sds.h(237,53): warning C4267: '=': conversion from 'size_t' to 'uint16_t', possible loss of data [C:\Users\samue\repos\redis-windows\build_work\redis\build\src\redis-server.vcxproj]
  (compiling source file '../patched/src/notify.c')
  
C:\Users\samue\repos\redis-windows\build_work\redis\build\patched\src\sds.h(240,36): warning C4267: '=': conversion from 'size_t' to 'uint32_t', possible loss of data [C:\Users\samue\repos\redis-windows\build_work\redis\build\src\redis-server.vcxproj]
  (compiling source file '../patched/src/notify.c')
  
  setproctitle.c
C:\Users\samue\repos\redis-windows\build_work\redis\build\msvc_compat.h(156,9): warning C4028: formal parameter 1 different from declaration [C:\Users\samue\repos\redis-windows\build_work\redis\build\src\redis-server.vcxproj]
  (compiling source file '../patched/src/setproctitle.c')
  
C:\Users\samue\repos\redis-windows\build_work\redis\build\msvc_compat.h(157,9): warning C4028: formal parameter 1 different from declaration [C:\Users\samue\repos\redis-windows\build_work\redis\build\src\redis-server.vcxproj]
  (compiling source file '../patched/src/setproctitle.c')
  
C:\Users\samue\repos\redis-windows\build_work\redis\build\msvc_compat.h(164,5): warning C4028: formal parameter 1 different from declaration [C:\Users\samue\repos\redis-windows\build_work\redis\build\src\redis-server.vcxproj]
  (compiling source file '../patched/src/setproctitle.c')
  
  blocked.c
C:\Users\samue\repos\redis-windows\build_work\redis\build\msvc_compat.h(156,9): warning C4028: formal parameter 1 different from declaration [C:\Users\samue\repos\redis-windows\build_work\redis\build\src\redis-server.vcxproj]
  (compiling source file '../patched/src/blocked.c')
  
C:\Users\samue\repos\redis-windows\build_work\redis\build\msvc_compat.h(157,9): warning C4028: formal parameter 1 different from declaration [C:\Users\samue\repos\redis-windows\build_work\redis\build\src\redis-server.vcxproj]
  (compiling source file '../patched/src/blocked.c')
  
C:\Users\samue\repos\redis-windows\build_work\redis\build\msvc_compat.h(164,5): warning C4028: formal parameter 1 different from declaration [C:\Users\samue\repos\redis-windows\build_work\redis\build\src\redis-server.vcxproj]
  (compiling source file '../patched/src/blocked.c')
  
C:\Users\samue\repos\redis-windows\build_work\redis\build\patched\src\sds.h(146,34): warning C4267: '=': conversion from 'size_t' to 'unsigned char', possible loss of data [C:\Users\samue\repos\redis-windows\build_work\redis\build\src\redis-server.vcxproj]
  (compiling source file '../patched/src/blocked.c')
  
C:\Users\samue\repos\redis-windows\build_work\redis\build\patched\src\sds.h(150,33): warning C4267: '=': conversion from 'size_t' to 'uint8_t', possible loss of data [C:\Users\samue\repos\redis-windows\build_work\redis\build\src\redis-server.vcxproj]
  (compiling source file '../patched/src/blocked.c')
  
C:\Users\samue\repos\redis-windows\build_work\redis\build\patched\src\sds.h(153,34): warning C4267: '=': conversion from 'size_t' to 'uint16_t', possible loss of data [C:\Users\samue\repos\redis-windows\build_work\redis\build\src\redis-server.vcxproj]
  (compiling source file '../patched/src/blocked.c')
  
C:\Users\samue\repos\redis-windows\build_work\redis\build\patched\src\sds.h(156,34): warning C4267: '=': conversion from 'size_t' to 'uint32_t', possible loss of data [C:\Users\samue\repos\redis-windows\build_work\redis\build\src\redis-server.vcxproj]
  (compiling source file '../patched/src/blocked.c')
  
C:\Users\samue\repos\redis-windows\build_work\redis\build\patched\src\sds.h(174,34): warning C4267: '+=': conversion from 'size_t' to 'uint8_t', possible loss of data [C:\Users\samue\repos\redis-windows\build_work\redis\build\src\redis-server.vcxproj]
  (compiling source file '../patched/src/blocked.c')
  
C:\Users\samue\repos\redis-windows\build_work\redis\build\patched\src\sds.h(177,35): warning C4267: '+=': conversion from 'size_t' to 'uint16_t', possible loss of data [C:\Users\samue\repos\redis-windows\build_work\redis\build\src\redis-server.vcxproj]
  (compiling source file '../patched/src/blocked.c')
  
C:\Users\samue\repos\redis-windows\build_work\redis\build\patched\src\sds.h(180,35): warning C4267: '+=': conversion from 'size_t' to 'uint32_t', possible loss of data [C:\Users\samue\repos\redis-windows\build_work\redis\build\src\redis-server.vcxproj]
  (compiling source file '../patched/src/blocked.c')
  
C:\Users\samue\repos\redis-windows\build_work\redis\build\patched\src\sds.h(169,57): warning C4267: 'initializing': conversion from 'size_t' to 'unsigned char', possible loss of data [C:\Users\samue\repos\redis-windows\build_work\redis\build\src\redis-server.vcxproj]
  (compiling source file '../patched/src/blocked.c')
  
C:\Users\samue\repos\redis-windows\build_work\redis\build\patched\src\sds.h(234,50): warning C4267: '=': conversion from 'size_t' to 'uint8_t', possible loss of data [C:\Users\samue\repos\redis-windows\build_work\redis\build\src\redis-server.vcxproj]
  (compiling source file '../patched/src/blocked.c')
  
C:\Users\samue\repos\redis-windows\build_work\redis\build\patched\src\sds.h(237,53): warning C4267: '=': conversion from 'size_t' to 'uint16_t', possible loss of data [C:\Users\samue\repos\redis-windows\build_work\redis\build\src\redis-server.vcxproj]
  (compiling source file '../patched/src/blocked.c')
  
C:\Users\samue\repos\redis-windows\build_work\redis\build\patched\src\sds.h(240,36): warning C4267: '=': conversion from 'size_t' to 'uint32_t', possible loss of data [C:\Users\samue\repos\redis-windows\build_work\redis\build\src\redis-server.vcxproj]
  (compiling source file '../patched/src/blocked.c')
  
C:\Users\samue\repos\redis-windows\build_work\redis\build\patched\src\blocked.c(736,36): warning C4244: 'function': conversion from 'uint64_t' to 'long', possible loss of data [C:\Users\samue\repos\redis-windows\build_work\redis\build\src\redis-server.vcxproj]
  hyperloglog.c
C:\Users\samue\repos\redis-windows\build_work\redis\build\msvc_compat.h(156,9): warning C4028: formal parameter 1 different from declaration [C:\Users\samue\repos\redis-windows\build_work\redis\build\src\redis-server.vcxproj]
  (compiling source file '../patched/src/hyperloglog.c')
  
C:\Users\samue\repos\redis-windows\build_work\redis\build\msvc_compat.h(157,9): warning C4028: formal parameter 1 different from declaration [C:\Users\samue\repos\redis-windows\build_work\redis\build\src\redis-server.vcxproj]
  (compiling source file '../patched/src/hyperloglog.c')
  
C:\Users\samue\repos\redis-windows\build_work\redis\build\msvc_compat.h(164,5): warning C4028: formal parameter 1 different from declaration [C:\Users\samue\repos\redis-windows\build_work\redis\build\src\redis-server.vcxproj]
  (compiling source file '../patched/src/hyperloglog.c')
  
C:\Users\samue\repos\redis-windows\build_work\redis\build\patched\src\sds.h(146,34): warning C4267: '=': conversion from 'size_t' to 'unsigned char', possible loss of data [C:\Users\samue\repos\redis-windows\build_work\redis\build\src\redis-server.vcxproj]
  (compiling source file '../patched/src/hyperloglog.c')
  
C:\Users\samue\repos\redis-windows\build_work\redis\build\patched\src\sds.h(150,33): warning C4267: '=': conversion from 'size_t' to 'uint8_t', possible loss of data [C:\Users\samue\repos\redis-windows\build_work\redis\build\src\redis-server.vcxproj]
  (compiling source file '../patched/src/hyperloglog.c')
  
C:\Users\samue\repos\redis-windows\build_work\redis\build\patched\src\sds.h(153,34): warning C4267: '=': conversion from 'size_t' to 'uint16_t', possible loss of data [C:\Users\samue\repos\redis-windows\build_work\redis\build\src\redis-server.vcxproj]
  (compiling source file '../patched/src/hyperloglog.c')
  
C:\Users\samue\repos\redis-windows\build_work\redis\build\patched\src\sds.h(156,34): warning C4267: '=': conversion from 'size_t' to 'uint32_t', possible loss of data [C:\Users\samue\repos\redis-windows\build_work\redis\build\src\redis-server.vcxproj]
  (compiling source file '../patched/src/hyperloglog.c')
  
C:\Users\samue\repos\redis-windows\build_work\redis\build\patched\src\sds.h(174,34): warning C4267: '+=': conversion from 'size_t' to 'uint8_t', possible loss of data [C:\Users\samue\repos\redis-windows\build_work\redis\build\src\redis-server.vcxproj]
  (compiling source file '../patched/src/hyperloglog.c')
  
C:\Users\samue\repos\redis-windows\build_work\redis\build\patched\src\sds.h(177,35): warning C4267: '+=': conversion from 'size_t' to 'uint16_t', possible loss of data [C:\Users\samue\repos\redis-windows\build_work\redis\build\src\redis-server.vcxproj]
  (compiling source file '../patched/src/hyperloglog.c')
  
C:\Users\samue\repos\redis-windows\build_work\redis\build\patched\src\sds.h(180,35): warning C4267: '+=': conversion from 'size_t' to 'uint32_t', possible loss of data [C:\Users\samue\repos\redis-windows\build_work\redis\build\src\redis-server.vcxproj]
  (compiling source file '../patched/src/hyperloglog.c')
  
C:\Users\samue\repos\redis-windows\build_work\redis\build\patched\src\sds.h(169,57): warning C4267: 'initializing': conversion from 'size_t' to 'unsigned char', possible loss of data [C:\Users\samue\repos\redis-windows\build_work\redis\build\src\redis-server.vcxproj]
  (compiling source file '../patched/src/hyperloglog.c')
  
C:\Users\samue\repos\redis-windows\build_work\redis\build\patched\src\sds.h(234,50): warning C4267: '=': conversion from 'size_t' to 'uint8_t', possible loss of data [C:\Users\samue\repos\redis-windows\build_work\redis\build\src\redis-server.vcxproj]
  (compiling source file '../patched/src/hyperloglog.c')
  
C:\Users\samue\repos\redis-windows\build_work\redis\build\patched\src\sds.h(237,53): warning C4267: '=': conversion from 'size_t' to 'uint16_t', possible loss of data [C:\Users\samue\repos\redis-windows\build_work\redis\build\src\redis-server.vcxproj]
  (compiling source file '../patched/src/hyperloglog.c')
  
C:\Users\samue\repos\redis-windows\build_work\redis\build\patched\src\sds.h(240,36): warning C4267: '=': conversion from 'size_t' to 'uint32_t', possible loss of data [C:\Users\samue\repos\redis-windows\build_work\redis\build\src\redis-server.vcxproj]
  (compiling source file '../patched/src/hyperloglog.c')
  
C:\Users\samue\repos\redis-windows\build_work\redis\build\patched\src\hyperloglog.c(875,19): warning C4244: 'initializing': conversion from '__int64' to 'int', possible loss of data [C:\Users\samue\repos\redis-windows\build_work\redis\build\src\redis-server.vcxproj]
C:\Users\samue\repos\redis-windows\build_work\redis\build\patched\src\hyperloglog.c(1103,42): warning C4267: 'function': conversion from 'size_t' to 'int', possible loss of data [C:\Users\samue\repos\redis-windows\build_work\redis\build\src\redis-server.vcxproj]
C:\Users\samue\repos\redis-windows\build_work\redis\build\patched\src\hyperloglog.c(1119,9): warning C4244: '=': conversion from '__int64' to 'double', possible loss of data [C:\Users\samue\repos\redis-windows\build_work\redis\build\src\redis-server.vcxproj]
C:\Users\samue\repos\redis-windows\build_work\redis\build\patched\src\hyperloglog.c(1377,51): warning C4244: '=': conversion from 'long' to 'uint8_t', possible loss of data [C:\Users\samue\repos\redis-windows\build_work\redis\build\src\redis-server.vcxproj]
C:\Users\samue\repos\redis-windows\build_work\redis\build\patched\src\hyperloglog.c(1958,31): warning C4244: 'initializing': conversion from 'double' to 'uint64_t', possible loss of data [C:\Users\samue\repos\redis-windows\build_work\redis\build\src\redis-server.vcxproj]
  latency.c
C:\Users\samue\repos\redis-windows\build_work\redis\build\msvc_compat.h(156,9): warning C4028: formal parameter 1 different from declaration [C:\Users\samue\repos\redis-windows\build_work\redis\build\src\redis-server.vcxproj]
  (compiling source file '../patched/src/latency.c')
  
C:\Users\samue\repos\redis-windows\build_work\redis\build\msvc_compat.h(157,9): warning C4028: formal parameter 1 different from declaration [C:\Users\samue\repos\redis-windows\build_work\redis\build\src\redis-server.vcxproj]
  (compiling source file '../patched/src/latency.c')
  
C:\Users\samue\repos\redis-windows\build_work\redis\build\msvc_compat.h(164,5): warning C4028: formal parameter 1 different from declaration [C:\Users\samue\repos\redis-windows\build_work\redis\build\src\redis-server.vcxproj]
  (compiling source file '../patched/src/latency.c')
  
C:\Users\samue\repos\redis-windows\build_work\redis\build\patched\src\sds.h(146,34): warning C4267: '=': conversion from 'size_t' to 'unsigned char', possible loss of data [C:\Users\samue\repos\redis-windows\build_work\redis\build\src\redis-server.vcxproj]
  (compiling source file '../patched/src/latency.c')
  
C:\Users\samue\repos\redis-windows\build_work\redis\build\patched\src\sds.h(150,33): warning C4267: '=': conversion from 'size_t' to 'uint8_t', possible loss of data [C:\Users\samue\repos\redis-windows\build_work\redis\build\src\redis-server.vcxproj]
  (compiling source file '../patched/src/latency.c')
  
C:\Users\samue\repos\redis-windows\build_work\redis\build\patched\src\sds.h(153,34): warning C4267: '=': conversion from 'size_t' to 'uint16_t', possible loss of data [C:\Users\samue\repos\redis-windows\build_work\redis\build\src\redis-server.vcxproj]
  (compiling source file '../patched/src/latency.c')
  
C:\Users\samue\repos\redis-windows\build_work\redis\build\patched\src\sds.h(156,34): warning C4267: '=': conversion from 'size_t' to 'uint32_t', possible loss of data [C:\Users\samue\repos\redis-windows\build_work\redis\build\src\redis-server.vcxproj]
  (compiling source file '../patched/src/latency.c')
  
C:\Users\samue\repos\redis-windows\build_work\redis\build\patched\src\sds.h(174,34): warning C4267: '+=': conversion from 'size_t' to 'uint8_t', possible loss of data [C:\Users\samue\repos\redis-windows\build_work\redis\build\src\redis-server.vcxproj]
  (compiling source file '../patched/src/latency.c')
  
C:\Users\samue\repos\redis-windows\build_work\redis\build\patched\src\sds.h(177,35): warning C4267: '+=': conversion from 'size_t' to 'uint16_t', possible loss of data [C:\Users\samue\repos\redis-windows\build_work\redis\build\src\redis-server.vcxproj]
  (compiling source file '../patched/src/latency.c')
  
C:\Users\samue\repos\redis-windows\build_work\redis\build\patched\src\sds.h(180,35): warning C4267: '+=': conversion from 'size_t' to 'uint32_t', possible loss of data [C:\Users\samue\repos\redis-windows\build_work\redis\build\src\redis-server.vcxproj]
  (compiling source file '../patched/src/latency.c')
  
C:\Users\samue\repos\redis-windows\build_work\redis\build\patched\src\sds.h(169,57): warning C4267: 'initializing': conversion from 'size_t' to 'unsigned char', possible loss of data [C:\Users\samue\repos\redis-windows\build_work\redis\build\src\redis-server.vcxproj]
  (compiling source file '../patched/src/latency.c')
  
C:\Users\samue\repos\redis-windows\build_work\redis\build\patched\src\sds.h(234,50): warning C4267: '=': conversion from 'size_t' to 'uint8_t', possible loss of data [C:\Users\samue\repos\redis-windows\build_work\redis\build\src\redis-server.vcxproj]
  (compiling source file '../patched/src/latency.c')
  
C:\Users\samue\repos\redis-windows\build_work\redis\build\patched\src\sds.h(237,53): warning C4267: '=': conversion from 'size_t' to 'uint16_t', possible loss of data [C:\Users\samue\repos\redis-windows\build_work\redis\build\src\redis-server.vcxproj]
  (compiling source file '../patched/src/latency.c')
  
C:\Users\samue\repos\redis-windows\build_work\redis\build\patched\src\sds.h(240,36): warning C4267: '=': conversion from 'size_t' to 'uint32_t', possible loss of data [C:\Users\samue\repos\redis-windows\build_work\redis\build\src\redis-server.vcxproj]
  (compiling source file '../patched/src/latency.c')
  
C:\Users\samue\repos\redis-windows\build_work\redis\build\patched\src\latency.c(47,12): warning C4267: 'return': conversion from 'size_t' to 'int', possible loss of data [C:\Users\samue\repos\redis-windows\build_work\redis\build\src\redis-server.vcxproj]
C:\Users\samue\repos\redis-windows\build_work\redis\build\patched\src\latency.c(77,38): warning C4244: '=': conversion from 'mstime_t' to 'uint32_t', possible loss of data [C:\Users\samue\repos\redis-windows\build_work\redis\build\src\redis-server.vcxproj]
C:\Users\samue\repos\redis-windows\build_work\redis\build\patched\src\latency.c(84,41): warning C4244: '=': conversion from 'mstime_t' to 'uint32_t', possible loss of data [C:\Users\samue\repos\redis-windows\build_work\redis\build\src\redis-server.vcxproj]
C:\Users\samue\repos\redis-windows\build_work\redis\build\patched\src\latency.c(88,33): warning C4244: '=': conversion from 'time_t' to 'int32_t', possible loss of data [C:\Users\samue\repos\redis-windows\build_work\redis\build\src\redis-server.vcxproj]
C:\Users\samue\repos\redis-windows\build_work\redis\build\patched\src\latency.c(89,36): warning C4244: '=': conversion from 'mstime_t' to 'uint32_t', possible loss of data [C:\Users\samue\repos\redis-windows\build_work\redis\build\src\redis-server.vcxproj]
C:\Users\samue\repos\redis-windows\build_work\redis\build\patched\src\latency.c(163,23): warning C4244: '=': conversion from 'uint64_t' to 'uint32_t', possible loss of data [C:\Users\samue\repos\redis-windows\build_work\redis\build\src\redis-server.vcxproj]
C:\Users\samue\repos\redis-windows\build_work\redis\build\patched\src\latency.c(178,36): warning C4244: '=': conversion from 'uint64_t' to 'uint32_t', possible loss of data [C:\Users\samue\repos\redis-windows\build_work\redis\build\src\redis-server.vcxproj]
C:\Users\samue\repos\redis-windows\build_work\redis\build\patched\src\latency.c(593,30): warning C4244: '=': conversion from 'time_t' to 'int', possible loss of data [C:\Users\samue\repos\redis-windows\build_work\redis\build\src\redis-server.vcxproj]
  sparkline.c
C:\Users\samue\repos\redis-windows\build_work\redis\build\msvc_compat.h(156,9): warning C4028: formal parameter 1 different from declaration [C:\Users\samue\repos\redis-windows\build_work\redis\build\src\redis-server.vcxproj]
  (compiling source file '../patched/src/sparkline.c')
  
C:\Users\samue\repos\redis-windows\build_work\redis\build\msvc_compat.h(157,9): warning C4028: formal parameter 1 different from declaration [C:\Users\samue\repos\redis-windows\build_work\redis\build\src\redis-server.vcxproj]
  (compiling source file '../patched/src/sparkline.c')
  
C:\Users\samue\repos\redis-windows\build_work\redis\build\msvc_compat.h(164,5): warning C4028: formal parameter 1 different from declaration [C:\Users\samue\repos\redis-windows\build_work\redis\build\src\redis-server.vcxproj]
  (compiling source file '../patched/src/sparkline.c')
  
C:\Users\samue\repos\redis-windows\build_work\redis\build\patched\src\sds.h(146,34): warning C4267: '=': conversion from 'size_t' to 'unsigned char', possible loss of data [C:\Users\samue\repos\redis-windows\build_work\redis\build\src\redis-server.vcxproj]
  (compiling source file '../patched/src/sparkline.c')
  
C:\Users\samue\repos\redis-windows\build_work\redis\build\patched\src\sds.h(150,33): warning C4267: '=': conversion from 'size_t' to 'uint8_t', possible loss of data [C:\Users\samue\repos\redis-windows\build_work\redis\build\src\redis-server.vcxproj]
  (compiling source file '../patched/src/sparkline.c')
  
C:\Users\samue\repos\redis-windows\build_work\redis\build\patched\src\sds.h(153,34): warning C4267: '=': conversion from 'size_t' to 'uint16_t', possible loss of data [C:\Users\samue\repos\redis-windows\build_work\redis\build\src\redis-server.vcxproj]
  (compiling source file '../patched/src/sparkline.c')
  
C:\Users\samue\repos\redis-windows\build_work\redis\build\patched\src\sds.h(156,34): warning C4267: '=': conversion from 'size_t' to 'uint32_t', possible loss of data [C:\Users\samue\repos\redis-windows\build_work\redis\build\src\redis-server.vcxproj]
  (compiling source file '../patched/src/sparkline.c')
  
C:\Users\samue\repos\redis-windows\build_work\redis\build\patched\src\sds.h(174,34): warning C4267: '+=': conversion from 'size_t' to 'uint8_t', possible loss of data [C:\Users\samue\repos\redis-windows\build_work\redis\build\src\redis-server.vcxproj]
  (compiling source file '../patched/src/sparkline.c')
  
C:\Users\samue\repos\redis-windows\build_work\redis\build\patched\src\sds.h(177,35): warning C4267: '+=': conversion from 'size_t' to 'uint16_t', possible loss of data [C:\Users\samue\repos\redis-windows\build_work\redis\build\src\redis-server.vcxproj]
  (compiling source file '../patched/src/sparkline.c')
  
C:\Users\samue\repos\redis-windows\build_work\redis\build\patched\src\sds.h(180,35): warning C4267: '+=': conversion from 'size_t' to 'uint32_t', possible loss of data [C:\Users\samue\repos\redis-windows\build_work\redis\build\src\redis-server.vcxproj]
  (compiling source file '../patched/src/sparkline.c')
  
C:\Users\samue\repos\redis-windows\build_work\redis\build\patched\src\sds.h(169,57): warning C4267: 'initializing': conversion from 'size_t' to 'unsigned char', possible loss of data [C:\Users\samue\repos\redis-windows\build_work\redis\build\src\redis-server.vcxproj]
  (compiling source file '../patched/src/sparkline.c')
  
C:\Users\samue\repos\redis-windows\build_work\redis\build\patched\src\sds.h(234,50): warning C4267: '=': conversion from 'size_t' to 'uint8_t', possible loss of data [C:\Users\samue\repos\redis-windows\build_work\redis\build\src\redis-server.vcxproj]
  (compiling source file '../patched/src/sparkline.c')
  
C:\Users\samue\repos\redis-windows\build_work\redis\build\patched\src\sds.h(237,53): warning C4267: '=': conversion from 'size_t' to 'uint16_t', possible loss of data [C:\Users\samue\repos\redis-windows\build_work\redis\build\src\redis-server.vcxproj]
  (compiling source file '../patched/src/sparkline.c')
  
C:\Users\samue\repos\redis-windows\build_work\redis\build\patched\src\sds.h(240,36): warning C4267: '=': conversion from 'size_t' to 'uint32_t', possible loss of data [C:\Users\samue\repos\redis-windows\build_work\redis\build\src\redis-server.vcxproj]
  (compiling source file '../patched/src/sparkline.c')
  
C:\Users\samue\repos\redis-windows\build_work\redis\build\patched\src\sparkline.c(108,40): warning C4244: '=': conversion from 'double' to 'int', possible loss of data [C:\Users\samue\repos\redis-windows\build_work\redis\build\src\redis-server.vcxproj]
C:\Users\samue\repos\redis-windows\build_work\redis\build\patched\src\sparkline.c(130,37): warning C4267: 'initializing': conversion from 'size_t' to 'int', possible loss of data [C:\Users\samue\repos\redis-windows\build_work\redis\build\src\redis-server.vcxproj]
  redis-check-rdb.c
C:\Users\samue\repos\redis-windows\build_work\redis\build\msvc_compat.h(156,9): warning C4028: formal parameter 1 different from declaration [C:\Users\samue\repos\redis-windows\build_work\redis\build\src\redis-server.vcxproj]
  (compiling source file '../patched/src/redis-check-rdb.c')
  
C:\Users\samue\repos\redis-windows\build_work\redis\build\msvc_compat.h(157,9): warning C4028: formal parameter 1 different from declaration [C:\Users\samue\repos\redis-windows\build_work\redis\build\src\redis-server.vcxproj]
  (compiling source file '../patched/src/redis-check-rdb.c')
  
C:\Users\samue\repos\redis-windows\build_work\redis\build\msvc_compat.h(164,5): warning C4028: formal parameter 1 different from declaration [C:\Users\samue\repos\redis-windows\build_work\redis\build\src\redis-server.vcxproj]
  (compiling source file '../patched/src/redis-check-rdb.c')
  
C:\Users\samue\repos\redis-windows\build_work\redis\build\patched\src\sds.h(146,34): warning C4267: '=': conversion from 'size_t' to 'unsigned char', possible loss of data [C:\Users\samue\repos\redis-windows\build_work\redis\build\src\redis-server.vcxproj]
  (compiling source file '../patched/src/redis-check-rdb.c')
  
C:\Users\samue\repos\redis-windows\build_work\redis\build\patched\src\sds.h(150,33): warning C4267: '=': conversion from 'size_t' to 'uint8_t', possible loss of data [C:\Users\samue\repos\redis-windows\build_work\redis\build\src\redis-server.vcxproj]
  (compiling source file '../patched/src/redis-check-rdb.c')
  
C:\Users\samue\repos\redis-windows\build_work\redis\build\patched\src\sds.h(153,34): warning C4267: '=': conversion from 'size_t' to 'uint16_t', possible loss of data [C:\Users\samue\repos\redis-windows\build_work\redis\build\src\redis-server.vcxproj]
  (compiling source file '../patched/src/redis-check-rdb.c')
  
C:\Users\samue\repos\redis-windows\build_work\redis\build\patched\src\sds.h(156,34): warning C4267: '=': conversion from 'size_t' to 'uint32_t', possible loss of data [C:\Users\samue\repos\redis-windows\build_work\redis\build\src\redis-server.vcxproj]
  (compiling source file '../patched/src/redis-check-rdb.c')
  
C:\Users\samue\repos\redis-windows\build_work\redis\build\patched\src\sds.h(174,34): warning C4267: '+=': conversion from 'size_t' to 'uint8_t', possible loss of data [C:\Users\samue\repos\redis-windows\build_work\redis\build\src\redis-server.vcxproj]
  (compiling source file '../patched/src/redis-check-rdb.c')
  
C:\Users\samue\repos\redis-windows\build_work\redis\build\patched\src\sds.h(177,35): warning C4267: '+=': conversion from 'size_t' to 'uint16_t', possible loss of data [C:\Users\samue\repos\redis-windows\build_work\redis\build\src\redis-server.vcxproj]
  (compiling source file '../patched/src/redis-check-rdb.c')
  
C:\Users\samue\repos\redis-windows\build_work\redis\build\patched\src\sds.h(180,35): warning C4267: '+=': conversion from 'size_t' to 'uint32_t', possible loss of data [C:\Users\samue\repos\redis-windows\build_work\redis\build\src\redis-server.vcxproj]
  (compiling source file '../patched/src/redis-check-rdb.c')
  
C:\Users\samue\repos\redis-windows\build_work\redis\build\patched\src\sds.h(169,57): warning C4267: 'initializing': conversion from 'size_t' to 'unsigned char', possible loss of data [C:\Users\samue\repos\redis-windows\build_work\redis\build\src\redis-server.vcxproj]
  (compiling source file '../patched/src/redis-check-rdb.c')
  
C:\Users\samue\repos\redis-windows\build_work\redis\build\patched\src\sds.h(234,50): warning C4267: '=': conversion from 'size_t' to 'uint8_t', possible loss of data [C:\Users\samue\repos\redis-windows\build_work\redis\build\src\redis-server.vcxproj]
  (compiling source file '../patched/src/redis-check-rdb.c')
  
C:\Users\samue\repos\redis-windows\build_work\redis\build\patched\src\sds.h(237,53): warning C4267: '=': conversion from 'size_t' to 'uint16_t', possible loss of data [C:\Users\samue\repos\redis-windows\build_work\redis\build\src\redis-server.vcxproj]
  (compiling source file '../patched/src/redis-check-rdb.c')
  
C:\Users\samue\repos\redis-windows\build_work\redis\build\patched\src\sds.h(240,36): warning C4267: '=': conversion from 'size_t' to 'uint32_t', possible loss of data [C:\Users\samue\repos\redis-windows\build_work\redis\build\src\redis-server.vcxproj]
  (compiling source file '../patched/src/redis-check-rdb.c')
  
C:\Users\samue\repos\redis-windows\build_work\redis\build\patched\src\redis-check-rdb.c(276,29): warning C4244: '=': conversion from 'uint64_t' to 'int', possible loss of data [C:\Users\samue\repos\redis-windows\build_work\redis\build\src\redis-server.vcxproj]
  redis-check-aof.c
C:\Users\samue\repos\redis-windows\build_work\redis\build\msvc_compat.h(156,9): warning C4028: formal parameter 1 different from declaration [C:\Users\samue\repos\redis-windows\build_work\redis\build\src\redis-server.vcxproj]
  (compiling source file '../patched/src/redis-check-aof.c')
  
C:\Users\samue\repos\redis-windows\build_work\redis\build\msvc_compat.h(157,9): warning C4028: formal parameter 1 different from declaration [C:\Users\samue\repos\redis-windows\build_work\redis\build\src\redis-server.vcxproj]
  (compiling source file '../patched/src/redis-check-aof.c')
  
C:\Users\samue\repos\redis-windows\build_work\redis\build\msvc_compat.h(164,5): warning C4028: formal parameter 1 different from declaration [C:\Users\samue\repos\redis-windows\build_work\redis\build\src\redis-server.vcxproj]
  (compiling source file '../patched/src/redis-check-aof.c')
  
C:\Users\samue\repos\redis-windows\build_work\redis\build\patched\src\sds.h(146,34): warning C4267: '=': conversion from 'size_t' to 'unsigned char', possible loss of data [C:\Users\samue\repos\redis-windows\build_work\redis\build\src\redis-server.vcxproj]
  (compiling source file '../patched/src/redis-check-aof.c')
  
C:\Users\samue\repos\redis-windows\build_work\redis\build\patched\src\sds.h(150,33): warning C4267: '=': conversion from 'size_t' to 'uint8_t', possible loss of data [C:\Users\samue\repos\redis-windows\build_work\redis\build\src\redis-server.vcxproj]
  (compiling source file '../patched/src/redis-check-aof.c')
  
C:\Users\samue\repos\redis-windows\build_work\redis\build\patched\src\sds.h(153,34): warning C4267: '=': conversion from 'size_t' to 'uint16_t', possible loss of data [C:\Users\samue\repos\redis-windows\build_work\redis\build\src\redis-server.vcxproj]
  (compiling source file '../patched/src/redis-check-aof.c')
  
C:\Users\samue\repos\redis-windows\build_work\redis\build\patched\src\sds.h(156,34): warning C4267: '=': conversion from 'size_t' to 'uint32_t', possible loss of data [C:\Users\samue\repos\redis-windows\build_work\redis\build\src\redis-server.vcxproj]
  (compiling source file '../patched/src/redis-check-aof.c')
  
C:\Users\samue\repos\redis-windows\build_work\redis\build\patched\src\sds.h(174,34): warning C4267: '+=': conversion from 'size_t' to 'uint8_t', possible loss of data [C:\Users\samue\repos\redis-windows\build_work\redis\build\src\redis-server.vcxproj]
  (compiling source file '../patched/src/redis-check-aof.c')
  
C:\Users\samue\repos\redis-windows\build_work\redis\build\patched\src\sds.h(177,35): warning C4267: '+=': conversion from 'size_t' to 'uint16_t', possible loss of data [C:\Users\samue\repos\redis-windows\build_work\redis\build\src\redis-server.vcxproj]
  (compiling source file '../patched/src/redis-check-aof.c')
  
C:\Users\samue\repos\redis-windows\build_work\redis\build\patched\src\sds.h(180,35): warning C4267: '+=': conversion from 'size_t' to 'uint32_t', possible loss of data [C:\Users\samue\repos\redis-windows\build_work\redis\build\src\redis-server.vcxproj]
  (compiling source file '../patched/src/redis-check-aof.c')
  
C:\Users\samue\repos\redis-windows\build_work\redis\build\patched\src\sds.h(169,57): warning C4267: 'initializing': conversion from 'size_t' to 'unsigned char', possible loss of data [C:\Users\samue\repos\redis-windows\build_work\redis\build\src\redis-server.vcxproj]
  (compiling source file '../patched/src/redis-check-aof.c')
  
C:\Users\samue\repos\redis-windows\build_work\redis\build\patched\src\sds.h(234,50): warning C4267: '=': conversion from 'size_t' to 'uint8_t', possible loss of data [C:\Users\samue\repos\redis-windows\build_work\redis\build\src\redis-server.vcxproj]
  (compiling source file '../patched/src/redis-check-aof.c')
  
C:\Users\samue\repos\redis-windows\build_work\redis\build\patched\src\sds.h(237,53): warning C4267: '=': conversion from 'size_t' to 'uint16_t', possible loss of data [C:\Users\samue\repos\redis-windows\build_work\redis\build\src\redis-server.vcxproj]
  (compiling source file '../patched/src/redis-check-aof.c')
  
C:\Users\samue\repos\redis-windows\build_work\redis\build\patched\src\sds.h(240,36): warning C4267: '=': conversion from 'size_t' to 'uint32_t', possible loss of data [C:\Users\samue\repos\redis-windows\build_work\redis\build\src\redis-server.vcxproj]
  (compiling source file '../patched/src/redis-check-aof.c')
  
C:\Users\samue\repos\redis-windows\build_work\redis\build\patched\src\redis-check-aof.c(90,12): warning C4267: '=': conversion from 'size_t' to 'long', possible loss of data [C:\Users\samue\repos\redis-windows\build_work\redis\build\src\redis-server.vcxproj]
C:\Users\samue\repos\redis-windows\build_work\redis\build\patched\src\redis-check-aof.c(195,20): warning C4477: 'printf' : format string '%ld' requires an argument of type 'long', but variadic argument 2 has type 'time_t' [C:\Users\samue\repos\redis-windows\build_work\redis\build\src\redis-server.vcxproj]
      C:\Users\samue\repos\redis-windows\build_work\redis\build\patched\src\redis-check-aof.c(195,20):
      consider using '%lld' in the format string
      C:\Users\samue\repos\redis-windows\build_work\redis\build\patched\src\redis-check-aof.c(195,20):
      consider using '%Id' in the format string
      C:\Users\samue\repos\redis-windows\build_work\redis\build\patched\src\redis-check-aof.c(195,20):
      consider using '%I64d' in the format string
  
C:\Users\samue\repos\redis-windows\build_work\redis\build\patched\src\redis-check-aof.c(200,20): warning C4477: 'printf' : format string '%ld' requires an argument of type 'long', but variadic argument 2 has type 'time_t' [C:\Users\samue\repos\redis-windows\build_work\redis\build\src\redis-server.vcxproj]
      C:\Users\samue\repos\redis-windows\build_work\redis\build\patched\src\redis-check-aof.c(200,20):
      consider using '%lld' in the format string
      C:\Users\samue\repos\redis-windows\build_work\redis\build\patched\src\redis-check-aof.c(200,20):
      consider using '%Id' in the format string
      C:\Users\samue\repos\redis-windows\build_work\redis\build\patched\src\redis-check-aof.c(200,20):
      consider using '%I64d' in the format string
  
C:\Users\samue\repos\redis-windows\build_work\redis\build\patched\src\redis-check-aof.c(208,20): warning C4477: 'printf' : format string '%ld' requires an argument of type 'long', but variadic argument 2 has type 'time_t' [C:\Users\samue\repos\redis-windows\build_work\redis\build\src\redis-server.vcxproj]
      C:\Users\samue\repos\redis-windows\build_work\redis\build\patched\src\redis-check-aof.c(208,20):
      consider using '%lld' in the format string
      C:\Users\samue\repos\redis-windows\build_work\redis\build\patched\src\redis-check-aof.c(208,20):
      consider using '%Id' in the format string
      C:\Users\samue\repos\redis-windows\build_work\redis\build\patched\src\redis-check-aof.c(208,20):
      consider using '%I64d' in the format string
  
C:\Users\samue\repos\redis-windows\build_work\redis\build\patched\src\redis-check-aof.c(297,16): warning C4477: 'printf' : format string '%ld' requires an argument of type 'long', but variadic argument 2 has type 'time_t' [C:\Users\samue\repos\redis-windows\build_work\redis\build\src\redis-server.vcxproj]
      C:\Users\samue\repos\redis-windows\build_work\redis\build\patched\src\redis-check-aof.c(297,16):
      consider using '%lld' in the format string
      C:\Users\samue\repos\redis-windows\build_work\redis\build\patched\src\redis-check-aof.c(297,16):
      consider using '%Id' in the format string
      C:\Users\samue\repos\redis-windows\build_work\redis\build\patched\src\redis-check-aof.c(297,16):
      consider using '%I64d' in the format string
  
C:\Users\samue\repos\redis-windows\build_work\redis\build\patched\src\redis-check-aof.c(448,16): warning C4477: 'printf' : format string '%ld' requires an argument of type 'long', but variadic argument 2 has type 'time_t' [C:\Users\samue\repos\redis-windows\build_work\redis\build\src\redis-server.vcxproj]
      C:\Users\samue\repos\redis-windows\build_work\redis\build\patched\src\redis-check-aof.c(448,16):
      consider using '%lld' in the format string
      C:\Users\samue\repos\redis-windows\build_work\redis\build\patched\src\redis-check-aof.c(448,16):
      consider using '%Id' in the format string
      C:\Users\samue\repos\redis-windows\build_work\redis\build\patched\src\redis-check-aof.c(448,16):
      consider using '%I64d' in the format string
  
  Compiling...
  geo.c
C:\Users\samue\repos\redis-windows\build_work\redis\build\msvc_compat.h(156,9): warning C4028: formal parameter 1 different from declaration [C:\Users\samue\repos\redis-windows\build_work\redis\build\src\redis-server.vcxproj]
  (compiling source file '../patched/src/geo.c')
  
C:\Users\samue\repos\redis-windows\build_work\redis\build\msvc_compat.h(157,9): warning C4028: formal parameter 1 different from declaration [C:\Users\samue\repos\redis-windows\build_work\redis\build\src\redis-server.vcxproj]
  (compiling source file '../patched/src/geo.c')
  
C:\Users\samue\repos\redis-windows\build_work\redis\build\msvc_compat.h(164,5): warning C4028: formal parameter 1 different from declaration [C:\Users\samue\repos\redis-windows\build_work\redis\build\src\redis-server.vcxproj]
  (compiling source file '../patched/src/geo.c')
  
C:\Users\samue\repos\redis-windows\build_work\redis\build\patched\src\sds.h(146,34): warning C4267: '=': conversion from 'size_t' to 'unsigned char', possible loss of data [C:\Users\samue\repos\redis-windows\build_work\redis\build\src\redis-server.vcxproj]
  (compiling source file '../patched/src/geo.c')
  
C:\Users\samue\repos\redis-windows\build_work\redis\build\patched\src\sds.h(150,33): warning C4267: '=': conversion from 'size_t' to 'uint8_t', possible loss of data [C:\Users\samue\repos\redis-windows\build_work\redis\build\src\redis-server.vcxproj]
  (compiling source file '../patched/src/geo.c')
  
C:\Users\samue\repos\redis-windows\build_work\redis\build\patched\src\sds.h(153,34): warning C4267: '=': conversion from 'size_t' to 'uint16_t', possible loss of data [C:\Users\samue\repos\redis-windows\build_work\redis\build\src\redis-server.vcxproj]
  (compiling source file '../patched/src/geo.c')
  
C:\Users\samue\repos\redis-windows\build_work\redis\build\patched\src\sds.h(156,34): warning C4267: '=': conversion from 'size_t' to 'uint32_t', possible loss of data [C:\Users\samue\repos\redis-windows\build_work\redis\build\src\redis-server.vcxproj]
  (compiling source file '../patched/src/geo.c')
  
C:\Users\samue\repos\redis-windows\build_work\redis\build\patched\src\sds.h(174,34): warning C4267: '+=': conversion from 'size_t' to 'uint8_t', possible loss of data [C:\Users\samue\repos\redis-windows\build_work\redis\build\src\redis-server.vcxproj]
  (compiling source file '../patched/src/geo.c')
  
C:\Users\samue\repos\redis-windows\build_work\redis\build\patched\src\sds.h(177,35): warning C4267: '+=': conversion from 'size_t' to 'uint16_t', possible loss of data [C:\Users\samue\repos\redis-windows\build_work\redis\build\src\redis-server.vcxproj]
  (compiling source file '../patched/src/geo.c')
  
C:\Users\samue\repos\redis-windows\build_work\redis\build\patched\src\sds.h(180,35): warning C4267: '+=': conversion from 'size_t' to 'uint32_t', possible loss of data [C:\Users\samue\repos\redis-windows\build_work\redis\build\src\redis-server.vcxproj]
  (compiling source file '../patched/src/geo.c')
  
C:\Users\samue\repos\redis-windows\build_work\redis\build\patched\src\sds.h(169,57): warning C4267: 'initializing': conversion from 'size_t' to 'unsigned char', possible loss of data [C:\Users\samue\repos\redis-windows\build_work\redis\build\src\redis-server.vcxproj]
  (compiling source file '../patched/src/geo.c')
  
C:\Users\samue\repos\redis-windows\build_work\redis\build\patched\src\sds.h(234,50): warning C4267: '=': conversion from 'size_t' to 'uint8_t', possible loss of data [C:\Users\samue\repos\redis-windows\build_work\redis\build\src\redis-server.vcxproj]
  (compiling source file '../patched/src/geo.c')
  
C:\Users\samue\repos\redis-windows\build_work\redis\build\patched\src\sds.h(237,53): warning C4267: '=': conversion from 'size_t' to 'uint16_t', possible loss of data [C:\Users\samue\repos\redis-windows\build_work\redis\build\src\redis-server.vcxproj]
  (compiling source file '../patched/src/geo.c')
  
C:\Users\samue\repos\redis-windows\build_work\redis\build\patched\src\sds.h(240,36): warning C4267: '=': conversion from 'size_t' to 'uint32_t', possible loss of data [C:\Users\samue\repos\redis-windows\build_work\redis\build\src\redis-server.vcxproj]
  (compiling source file '../patched/src/geo.c')
  
C:\Users\samue\repos\redis-windows\build_work\redis\build\patched\src\geo.c(323,21): warning C4267: 'return': conversion from 'size_t' to 'int', possible loss of data [C:\Users\samue\repos\redis-windows\build_work\redis\build\src\redis-server.vcxproj]
C:\Users\samue\repos\redis-windows\build_work\redis\build\patched\src\geo.c(362,38): warning C4244: 'function': conversion from 'GeoHashFix52Bits' to 'double', possible loss of data [C:\Users\samue\repos\redis-windows\build_work\redis\build\src\redis-server.vcxproj]
C:\Users\samue\repos\redis-windows\build_work\redis\build\patched\src\geo.c(362,43): warning C4244: 'function': conversion from 'GeoHashFix52Bits' to 'double', possible loss of data [C:\Users\samue\repos\redis-windows\build_work\redis\build\src\redis-server.vcxproj]
C:\Users\samue\repos\redis-windows\build_work\redis\build\patched\src\geo.c(726,61): warning C4244: 'function': conversion from '__int64' to 'unsigned long', possible loss of data [C:\Users\samue\repos\redis-windows\build_work\redis\build\src\redis-server.vcxproj]
C:\Users\samue\repos\redis-windows\build_work\redis\build\patched\src\geo.c(796,39): warning C4244: 'function': conversion from 'double' to '__int64', possible loss of data [C:\Users\samue\repos\redis-windows\build_work\redis\build\src\redis-server.vcxproj]
C:\Users\samue\repos\redis-windows\build_work\redis\build\patched\src\geo.c(735,28): warning C4267: 'initializing': conversion from 'size_t' to 'long', possible loss of data [C:\Users\samue\repos\redis-windows\build_work\redis\build\src\redis-server.vcxproj]
C:\Users\samue\repos\redis-windows\build_work\redis\build\patched\src\geo.c(736,65): warning C4244: 'initializing': conversion from '__int64' to 'long', possible loss of data [C:\Users\samue\repos\redis-windows\build_work\redis\build\src\redis-server.vcxproj]
  lazyfree.c
C:\Users\samue\repos\redis-windows\build_work\redis\build\msvc_compat.h(156,9): warning C4028: formal parameter 1 different from declaration [C:\Users\samue\repos\redis-windows\build_work\redis\build\src\redis-server.vcxproj]
  (compiling source file '../patched/src/lazyfree.c')
  
C:\Users\samue\repos\redis-windows\build_work\redis\build\msvc_compat.h(157,9): warning C4028: formal parameter 1 different from declaration [C:\Users\samue\repos\redis-windows\build_work\redis\build\src\redis-server.vcxproj]
  (compiling source file '../patched/src/lazyfree.c')
  
C:\Users\samue\repos\redis-windows\build_work\redis\build\msvc_compat.h(164,5): warning C4028: formal parameter 1 different from declaration [C:\Users\samue\repos\redis-windows\build_work\redis\build\src\redis-server.vcxproj]
  (compiling source file '../patched/src/lazyfree.c')
  
C:\Users\samue\repos\redis-windows\build_work\redis\build\patched\src\sds.h(146,34): warning C4267: '=': conversion from 'size_t' to 'unsigned char', possible loss of data [C:\Users\samue\repos\redis-windows\build_work\redis\build\src\redis-server.vcxproj]
  (compiling source file '../patched/src/lazyfree.c')
  
C:\Users\samue\repos\redis-windows\build_work\redis\build\patched\src\sds.h(150,33): warning C4267: '=': conversion from 'size_t' to 'uint8_t', possible loss of data [C:\Users\samue\repos\redis-windows\build_work\redis\build\src\redis-server.vcxproj]
  (compiling source file '../patched/src/lazyfree.c')
  
C:\Users\samue\repos\redis-windows\build_work\redis\build\patched\src\sds.h(153,34): warning C4267: '=': conversion from 'size_t' to 'uint16_t', possible loss of data [C:\Users\samue\repos\redis-windows\build_work\redis\build\src\redis-server.vcxproj]
  (compiling source file '../patched/src/lazyfree.c')
  
C:\Users\samue\repos\redis-windows\build_work\redis\build\patched\src\sds.h(156,34): warning C4267: '=': conversion from 'size_t' to 'uint32_t', possible loss of data [C:\Users\samue\repos\redis-windows\build_work\redis\build\src\redis-server.vcxproj]
  (compiling source file '../patched/src/lazyfree.c')
  
C:\Users\samue\repos\redis-windows\build_work\redis\build\patched\src\sds.h(174,34): warning C4267: '+=': conversion from 'size_t' to 'uint8_t', possible loss of data [C:\Users\samue\repos\redis-windows\build_work\redis\build\src\redis-server.vcxproj]
  (compiling source file '../patched/src/lazyfree.c')
  
C:\Users\samue\repos\redis-windows\build_work\redis\build\patched\src\sds.h(177,35): warning C4267: '+=': conversion from 'size_t' to 'uint16_t', possible loss of data [C:\Users\samue\repos\redis-windows\build_work\redis\build\src\redis-server.vcxproj]
  (compiling source file '../patched/src/lazyfree.c')
  
C:\Users\samue\repos\redis-windows\build_work\redis\build\patched\src\sds.h(180,35): warning C4267: '+=': conversion from 'size_t' to 'uint32_t', possible loss of data [C:\Users\samue\repos\redis-windows\build_work\redis\build\src\redis-server.vcxproj]
  (compiling source file '../patched/src/lazyfree.c')
  
C:\Users\samue\repos\redis-windows\build_work\redis\build\patched\src\sds.h(169,57): warning C4267: 'initializing': conversion from 'size_t' to 'unsigned char', possible loss of data [C:\Users\samue\repos\redis-windows\build_work\redis\build\src\redis-server.vcxproj]
  (compiling source file '../patched/src/lazyfree.c')
  
C:\Users\samue\repos\redis-windows\build_work\redis\build\patched\src\sds.h(234,50): warning C4267: '=': conversion from 'size_t' to 'uint8_t', possible loss of data [C:\Users\samue\repos\redis-windows\build_work\redis\build\src\redis-server.vcxproj]
  (compiling source file '../patched/src/lazyfree.c')
  
C:\Users\samue\repos\redis-windows\build_work\redis\build\patched\src\sds.h(237,53): warning C4267: '=': conversion from 'size_t' to 'uint16_t', possible loss of data [C:\Users\samue\repos\redis-windows\build_work\redis\build\src\redis-server.vcxproj]
  (compiling source file '../patched/src/lazyfree.c')
  
C:\Users\samue\repos\redis-windows\build_work\redis\build\patched\src\sds.h(240,36): warning C4267: '=': conversion from 'size_t' to 'uint32_t', possible loss of data [C:\Users\samue\repos\redis-windows\build_work\redis\build\src\redis-server.vcxproj]
  (compiling source file '../patched/src/lazyfree.c')
  
  module.c
C:\Users\samue\repos\redis-windows\build_work\redis\build\msvc_compat.h(156,9): warning C4028: formal parameter 1 different from declaration [C:\Users\samue\repos\redis-windows\build_work\redis\build\src\redis-server.vcxproj]
  (compiling source file '../patched/src/module.c')
  
C:\Users\samue\repos\redis-windows\build_work\redis\build\msvc_compat.h(157,9): warning C4028: formal parameter 1 different from declaration [C:\Users\samue\repos\redis-windows\build_work\redis\build\src\redis-server.vcxproj]
  (compiling source file '../patched/src/module.c')
  
C:\Users\samue\repos\redis-windows\build_work\redis\build\msvc_compat.h(164,5): warning C4028: formal parameter 1 different from declaration [C:\Users\samue\repos\redis-windows\build_work\redis\build\src\redis-server.vcxproj]
  (compiling source file '../patched/src/module.c')
  
C:\Users\samue\repos\redis-windows\build_work\redis\build\patched\src\sds.h(146,34): warning C4267: '=': conversion from 'size_t' to 'unsigned char', possible loss of data [C:\Users\samue\repos\redis-windows\build_work\redis\build\src\redis-server.vcxproj]
  (compiling source file '../patched/src/module.c')
  
C:\Users\samue\repos\redis-windows\build_work\redis\build\patched\src\sds.h(150,33): warning C4267: '=': conversion from 'size_t' to 'uint8_t', possible loss of data [C:\Users\samue\repos\redis-windows\build_work\redis\build\src\redis-server.vcxproj]
  (compiling source file '../patched/src/module.c')
  
C:\Users\samue\repos\redis-windows\build_work\redis\build\patched\src\sds.h(153,34): warning C4267: '=': conversion from 'size_t' to 'uint16_t', possible loss of data [C:\Users\samue\repos\redis-windows\build_work\redis\build\src\redis-server.vcxproj]
  (compiling source file '../patched/src/module.c')
  
C:\Users\samue\repos\redis-windows\build_work\redis\build\patched\src\sds.h(156,34): warning C4267: '=': conversion from 'size_t' to 'uint32_t', possible loss of data [C:\Users\samue\repos\redis-windows\build_work\redis\build\src\redis-server.vcxproj]
  (compiling source file '../patched/src/module.c')
  
C:\Users\samue\repos\redis-windows\build_work\redis\build\patched\src\sds.h(174,34): warning C4267: '+=': conversion from 'size_t' to 'uint8_t', possible loss of data [C:\Users\samue\repos\redis-windows\build_work\redis\build\src\redis-server.vcxproj]
  (compiling source file '../patched/src/module.c')
  
C:\Users\samue\repos\redis-windows\build_work\redis\build\patched\src\sds.h(177,35): warning C4267: '+=': conversion from 'size_t' to 'uint16_t', possible loss of data [C:\Users\samue\repos\redis-windows\build_work\redis\build\src\redis-server.vcxproj]
  (compiling source file '../patched/src/module.c')
  
C:\Users\samue\repos\redis-windows\build_work\redis\build\patched\src\sds.h(180,35): warning C4267: '+=': conversion from 'size_t' to 'uint32_t', possible loss of data [C:\Users\samue\repos\redis-windows\build_work\redis\build\src\redis-server.vcxproj]
  (compiling source file '../patched/src/module.c')
  
C:\Users\samue\repos\redis-windows\build_work\redis\build\patched\src\sds.h(169,57): warning C4267: 'initializing': conversion from 'size_t' to 'unsigned char', possible loss of data [C:\Users\samue\repos\redis-windows\build_work\redis\build\src\redis-server.vcxproj]
  (compiling source file '../patched/src/module.c')
  
C:\Users\samue\repos\redis-windows\build_work\redis\build\patched\src\sds.h(234,50): warning C4267: '=': conversion from 'size_t' to 'uint8_t', possible loss of data [C:\Users\samue\repos\redis-windows\build_work\redis\build\src\redis-server.vcxproj]
  (compiling source file '../patched/src/module.c')
  
C:\Users\samue\repos\redis-windows\build_work\redis\build\patched\src\sds.h(237,53): warning C4267: '=': conversion from 'size_t' to 'uint16_t', possible loss of data [C:\Users\samue\repos\redis-windows\build_work\redis\build\src\redis-server.vcxproj]
  (compiling source file '../patched/src/module.c')
  
C:\Users\samue\repos\redis-windows\build_work\redis\build\patched\src\sds.h(240,36): warning C4267: '=': conversion from 'size_t' to 'uint32_t', possible loss of data [C:\Users\samue\repos\redis-windows\build_work\redis\build\src\redis-server.vcxproj]
  (compiling source file '../patched/src/module.c')
  
C:\Users\samue\repos\redis-windows\build_work\redis\build\patched\src\module.c(626,34): warning C4267: '+=': conversion from 'size_t' to 'uint32_t', possible loss of data [C:\Users\samue\repos\redis-windows\build_work\redis\build\src\redis-server.vcxproj]
C:\Users\samue\repos\redis-windows\build_work\redis\build\patched\src\module.c(635,19): warning C4267: '=': conversion from 'size_t' to 'uint32_t', possible loss of data [C:\Users\samue\repos\redis-windows\build_work\redis\build\src\redis-server.vcxproj]
C:\Users\samue\repos\redis-windows\build_work\redis\build\patched\src\module.c(642,16): warning C4267: '+=': conversion from 'size_t' to 'uint32_t', possible loss of data [C:\Users\samue\repos\redis-windows\build_work\redis\build\src\redis-server.vcxproj]
C:\Users\samue\repos\redis-windows\build_work\redis\build\patched\src\module.c(1077,37): warning C4244: '=': conversion from 'int64_t' to 'int', possible loss of data [C:\Users\samue\repos\redis-windows\build_work\redis\build\src\redis-server.vcxproj]
C:\Users\samue\repos\redis-windows\build_work\redis\build\patched\src\module.c(1086,17): warning C4244: 'initializing': conversion from 'int64_t' to 'int', possible loss of data [C:\Users\samue\repos\redis-windows\build_work\redis\build\src\redis-server.vcxproj]
C:\Users\samue\repos\redis-windows\build_work\redis\build\patched\src\module.c(1940,64): warning C4267: 'function': conversion from 'size_t' to 'int', possible loss of data [C:\Users\samue\repos\redis-windows\build_work\redis\build\src\redis-server.vcxproj]
C:\Users\samue\repos\redis-windows\build_work\redis\build\patched\src\module.c(1946,65): warning C4267: 'function': conversion from 'size_t' to 'int', possible loss of data [C:\Users\samue\repos\redis-windows\build_work\redis\build\src\redis-server.vcxproj]
C:\Users\samue\repos\redis-windows\build_work\redis\build\patched\src\module.c(1952,28): warning C4267: '=': conversion from 'size_t' to 'int', possible loss of data [C:\Users\samue\repos\redis-windows\build_work\redis\build\src\redis-server.vcxproj]
C:\Users\samue\repos\redis-windows\build_work\redis\build\patched\src\module.c(1974,61): warning C4267: 'function': conversion from 'size_t' to 'int', possible loss of data [C:\Users\samue\repos\redis-windows\build_work\redis\build\src\redis-server.vcxproj]
C:\Users\samue\repos\redis-windows\build_work\redis\build\patched\src\module.c(1981,30): warning C4267: '=': conversion from 'size_t' to 'int', possible loss of data [C:\Users\samue\repos\redis-windows\build_work\redis\build\src\redis-server.vcxproj]
C:\Users\samue\repos\redis-windows\build_work\redis\build\patched\src\module.c(1984,62): warning C4267: 'function': conversion from 'size_t' to 'int', possible loss of data [C:\Users\samue\repos\redis-windows\build_work\redis\build\src\redis-server.vcxproj]
C:\Users\samue\repos\redis-windows\build_work\redis\build\patched\src\module.c(2070,62): warning C4267: 'function': conversion from 'size_t' to 'int', possible loss of data [C:\Users\samue\repos\redis-windows\build_work\redis\build\src\redis-server.vcxproj]
C:\Users\samue\repos\redis-windows\build_work\redis\build\patched\src\module.c(2073,66): warning C4267: 'function': conversion from 'size_t' to 'int', possible loss of data [C:\Users\samue\repos\redis-windows\build_work\redis\build\src\redis-server.vcxproj]
C:\Users\samue\repos\redis-windows\build_work\redis\build\patched\src\module.c(2083,59): warning C4267: 'function': conversion from 'size_t' to 'int', possible loss of data [C:\Users\samue\repos\redis-windows\build_work\redis\build\src\redis-server.vcxproj]
C:\Users\samue\repos\redis-windows\build_work\redis\build\patched\src\module.c(2087,62): warning C4267: 'function': conversion from 'size_t' to 'int', possible loss of data [C:\Users\samue\repos\redis-windows\build_work\redis\build\src\redis-server.vcxproj]
C:\Users\samue\repos\redis-windows\build_work\redis\build\patched\src\module.c(2182,54): warning C4267: 'function': conversion from 'size_t' to 'int', possible loss of data [C:\Users\samue\repos\redis-windows\build_work\redis\build\src\redis-server.vcxproj]
C:\Users\samue\repos\redis-windows\build_work\redis\build\patched\src\module.c(2183,68): warning C4267: 'function': conversion from 'size_t' to 'int', possible loss of data [C:\Users\samue\repos\redis-windows\build_work\redis\build\src\redis-server.vcxproj]
C:\Users\samue\repos\redis-windows\build_work\redis\build\patched\src\module.c(2253,42): warning C4267: 'function': conversion from 'size_t' to 'int', possible loss of data [C:\Users\samue\repos\redis-windows\build_work\redis\build\src\redis-server.vcxproj]
C:\Users\samue\repos\redis-windows\build_work\redis\build\patched\src\module.c(2258,68): warning C4267: 'function': conversion from 'size_t' to 'int', possible loss of data [C:\Users\samue\repos\redis-windows\build_work\redis\build\src\redis-server.vcxproj]
C:\Users\samue\repos\redis-windows\build_work\redis\build\patched\src\module.c(3015,36): warning C4311: 'type cast': pointer truncation from 'void *' to 'long' [C:\Users\samue\repos\redis-windows\build_work\redis\build\src\redis-server.vcxproj]
C:\Users\samue\repos\redis-windows\build_work\redis\build\patched\src\module.c(3173,27): warning C4267: 'initializing': conversion from 'size_t' to 'int', possible loss of data [C:\Users\samue\repos\redis-windows\build_work\redis\build\src\redis-server.vcxproj]
C:\Users\samue\repos\redis-windows\build_work\redis\build\patched\src\module.c(3845,56): warning C4244: 'function': conversion from 'uint64_t' to 'int', possible loss of data [C:\Users\samue\repos\redis-windows\build_work\redis\build\src\redis-server.vcxproj]
C:\Users\samue\repos\redis-windows\build_work\redis\build\patched\src\module.c(6242,37): warning C4244: '=': conversion from 'int64_t' to 'long', possible loss of data [C:\Users\samue\repos\redis-windows\build_work\redis\build\src\redis-server.vcxproj]
C:\Users\samue\repos\redis-windows\build_work\redis\build\patched\src\module.c(6648,28): warning C4267: '=': conversion from 'size_t' to 'int', possible loss of data [C:\Users\samue\repos\redis-windows\build_work\redis\build\src\redis-server.vcxproj]
C:\Users\samue\repos\redis-windows\build_work\redis\build\patched\src\module.c(6683,31): warning C4267: '+=': conversion from 'size_t' to 'int', possible loss of data [C:\Users\samue\repos\redis-windows\build_work\redis\build\src\redis-server.vcxproj]
C:\Users\samue\repos\redis-windows\build_work\redis\build\patched\src\module.c(7214,30): warning C4244: 'initializing': conversion from '__int64' to 'unsigned long', possible loss of data [C:\Users\samue\repos\redis-windows\build_work\redis\build\src\redis-server.vcxproj]
C:\Users\samue\repos\redis-windows\build_work\redis\build\patched\src\module.c(7676,12): warning C4244: 'return': conversion from 'ssize_t' to 'int', possible loss of data [C:\Users\samue\repos\redis-windows\build_work\redis\build\src\redis-server.vcxproj]
C:\Users\samue\repos\redis-windows\build_work\redis\build\patched\src\module.c(8932,39): warning C4244: 'function': conversion from 'uint64_t' to 'long', possible loss of data [C:\Users\samue\repos\redis-windows\build_work\redis\build\src\redis-server.vcxproj]
C:\Users\samue\repos\redis-windows\build_work\redis\build\patched\src\module.c(8932,62): warning C4244: 'function': conversion from 'uint64_t' to 'long', possible loss of data [C:\Users\samue\repos\redis-windows\build_work\redis\build\src\redis-server.vcxproj]
C:\Users\samue\repos\redis-windows\build_work\redis\build\patched\src\module.c(9009,31): warning C4244: 'function': conversion from 'uint64_t' to 'long', possible loss of data [C:\Users\samue\repos\redis-windows\build_work\redis\build\src\redis-server.vcxproj]
C:\Users\samue\repos\redis-windows\build_work\redis\build\patched\src\module.c(9872,34): warning C4267: 'function': conversion from 'size_t' to 'int', possible loss of data [C:\Users\samue\repos\redis-windows\build_work\redis\build\src\redis-server.vcxproj]
C:\Users\samue\repos\redis-windows\build_work\redis\build\patched\src\module.c(9879,32): warning C4267: 'function': conversion from 'size_t' to 'int', possible loss of data [C:\Users\samue\repos\redis-windows\build_work\redis\build\src\redis-server.vcxproj]
C:\Users\samue\repos\redis-windows\build_work\redis\build\patched\src\module.c(10059,16): warning C4244: 'return': conversion from '__int64' to 'int', possible loss of data [C:\Users\samue\repos\redis-windows\build_work\redis\build\src\redis-server.vcxproj]
C:\Users\samue\repos\redis-windows\build_work\redis\build\patched\src\module.c(10643,51): warning C4267: 'function': conversion from 'size_t' to 'int', possible loss of data [C:\Users\samue\repos\redis-windows\build_work\redis\build\src\redis-server.vcxproj]
C:\Users\samue\repos\redis-windows\build_work\redis\build\patched\src\module.c(10642,25): warning C4244: 'initializing': conversion from 'int64_t' to 'int', possible loss of data [C:\Users\samue\repos\redis-windows\build_work\redis\build\src\redis-server.vcxproj]
C:\Users\samue\repos\redis-windows\build_work\redis\build\patched\src\module.c(10682,54): warning C4267: 'function': conversion from 'size_t' to 'int', possible loss of data [C:\Users\samue\repos\redis-windows\build_work\redis\build\src\redis-server.vcxproj]
C:\Users\samue\repos\redis-windows\build_work\redis\build\patched\src\module.c(10677,25): warning C4244: 'initializing': conversion from 'int64_t' to 'int', possible loss of data [C:\Users\samue\repos\redis-windows\build_work\redis\build\src\redis-server.vcxproj]
C:\Users\samue\repos\redis-windows\build_work\redis\build\patched\src\module.c(12137,45): warning C4244: 'function': conversion from 'unsigned __int64' to 'unsigned long', possible loss of data [C:\Users\samue\repos\redis-windows\build_work\redis\build\src\redis-server.vcxproj]
C:\Users\samue\repos\redis-windows\build_work\redis\build\patched\src\module.c(12815,17): warning C4244: 'function': conversion from 'uint64_t' to 'int', possible loss of data [C:\Users\samue\repos\redis-windows\build_work\redis\build\src\redis-server.vcxproj]
C:\Users\samue\repos\redis-windows\build_work\redis\build\patched\src\module.c(12818,17): warning C4244: 'function': conversion from 'uint64_t' to 'int', possible loss of data [C:\Users\samue\repos\redis-windows\build_work\redis\build\src\redis-server.vcxproj]
C:\Users\samue\repos\redis-windows\build_work\redis\build\patched\src\module.c(12891,58): warning C4244: '=': conversion from '__int64' to 'int', possible loss of data [C:\Users\samue\repos\redis-windows\build_work\redis\build\src\redis-server.vcxproj]
C:\Users\samue\repos\redis-windows\build_work\redis\build\patched\src\module.c(14975,31): warning C4244: '=': conversion from 'int64_t' to 'int', possible loss of data [C:\Users\samue\repos\redis-windows\build_work\redis\build\src\redis-server.vcxproj]
  evict.c
C:\Users\samue\repos\redis-windows\build_work\redis\build\msvc_compat.h(156,9): warning C4028: formal parameter 1 different from declaration [C:\Users\samue\repos\redis-windows\build_work\redis\build\src\redis-server.vcxproj]
  (compiling source file '../patched/src/evict.c')
  
C:\Users\samue\repos\redis-windows\build_work\redis\build\msvc_compat.h(157,9): warning C4028: formal parameter 1 different from declaration [C:\Users\samue\repos\redis-windows\build_work\redis\build\src\redis-server.vcxproj]
  (compiling source file '../patched/src/evict.c')
  
C:\Users\samue\repos\redis-windows\build_work\redis\build\msvc_compat.h(164,5): warning C4028: formal parameter 1 different from declaration [C:\Users\samue\repos\redis-windows\build_work\redis\build\src\redis-server.vcxproj]
  (compiling source file '../patched/src/evict.c')
  
C:\Users\samue\repos\redis-windows\build_work\redis\build\patched\src\sds.h(146,34): warning C4267: '=': conversion from 'size_t' to 'unsigned char', possible loss of data [C:\Users\samue\repos\redis-windows\build_work\redis\build\src\redis-server.vcxproj]
  (compiling source file '../patched/src/evict.c')
  
C:\Users\samue\repos\redis-windows\build_work\redis\build\patched\src\sds.h(150,33): warning C4267: '=': conversion from 'size_t' to 'uint8_t', possible loss of data [C:\Users\samue\repos\redis-windows\build_work\redis\build\src\redis-server.vcxproj]
  (compiling source file '../patched/src/evict.c')
  
C:\Users\samue\repos\redis-windows\build_work\redis\build\patched\src\sds.h(153,34): warning C4267: '=': conversion from 'size_t' to 'uint16_t', possible loss of data [C:\Users\samue\repos\redis-windows\build_work\redis\build\src\redis-server.vcxproj]
  (compiling source file '../patched/src/evict.c')
  
C:\Users\samue\repos\redis-windows\build_work\redis\build\patched\src\sds.h(156,34): warning C4267: '=': conversion from 'size_t' to 'uint32_t', possible loss of data [C:\Users\samue\repos\redis-windows\build_work\redis\build\src\redis-server.vcxproj]
  (compiling source file '../patched/src/evict.c')
  
C:\Users\samue\repos\redis-windows\build_work\redis\build\patched\src\sds.h(174,34): warning C4267: '+=': conversion from 'size_t' to 'uint8_t', possible loss of data [C:\Users\samue\repos\redis-windows\build_work\redis\build\src\redis-server.vcxproj]
  (compiling source file '../patched/src/evict.c')
  
C:\Users\samue\repos\redis-windows\build_work\redis\build\patched\src\sds.h(177,35): warning C4267: '+=': conversion from 'size_t' to 'uint16_t', possible loss of data [C:\Users\samue\repos\redis-windows\build_work\redis\build\src\redis-server.vcxproj]
  (compiling source file '../patched/src/evict.c')
  
C:\Users\samue\repos\redis-windows\build_work\redis\build\patched\src\sds.h(180,35): warning C4267: '+=': conversion from 'size_t' to 'uint32_t', possible loss of data [C:\Users\samue\repos\redis-windows\build_work\redis\build\src\redis-server.vcxproj]
  (compiling source file '../patched/src/evict.c')
  
C:\Users\samue\repos\redis-windows\build_work\redis\build\patched\src\sds.h(169,57): warning C4267: 'initializing': conversion from 'size_t' to 'unsigned char', possible loss of data [C:\Users\samue\repos\redis-windows\build_work\redis\build\src\redis-server.vcxproj]
  (compiling source file '../patched/src/evict.c')
  
C:\Users\samue\repos\redis-windows\build_work\redis\build\patched\src\sds.h(234,50): warning C4267: '=': conversion from 'size_t' to 'uint8_t', possible loss of data [C:\Users\samue\repos\redis-windows\build_work\redis\build\src\redis-server.vcxproj]
  (compiling source file '../patched/src/evict.c')
  
C:\Users\samue\repos\redis-windows\build_work\redis\build\patched\src\sds.h(237,53): warning C4267: '=': conversion from 'size_t' to 'uint16_t', possible loss of data [C:\Users\samue\repos\redis-windows\build_work\redis\build\src\redis-server.vcxproj]
  (compiling source file '../patched/src/evict.c')
  
C:\Users\samue\repos\redis-windows\build_work\redis\build\patched\src\sds.h(240,36): warning C4267: '=': conversion from 'size_t' to 'uint32_t', possible loss of data [C:\Users\samue\repos\redis-windows\build_work\redis\build\src\redis-server.vcxproj]
  (compiling source file '../patched/src/evict.c')
  
C:\Users\samue\repos\redis-windows\build_work\redis\build\patched\src\evict.c(211,20): warning C4267: 'initializing': conversion from 'size_t' to 'int', possible loss of data [C:\Users\samue\repos\redis-windows\build_work\redis\build\src\redis-server.vcxproj]
C:\Users\samue\repos\redis-windows\build_work\redis\build\patched\src\evict.c(595,53): warning C4244: 'initializing': conversion from 'unsigned __int64' to 'unsigned long', possible loss of data [C:\Users\samue\repos\redis-windows\build_work\redis\build\src\redis-server.vcxproj]
  expire.c
C:\Users\samue\repos\redis-windows\build_work\redis\build\msvc_compat.h(156,9): warning C4028: formal parameter 1 different from declaration [C:\Users\samue\repos\redis-windows\build_work\redis\build\src\redis-server.vcxproj]
  (compiling source file '../patched/src/expire.c')
  
C:\Users\samue\repos\redis-windows\build_work\redis\build\msvc_compat.h(157,9): warning C4028: formal parameter 1 different from declaration [C:\Users\samue\repos\redis-windows\build_work\redis\build\src\redis-server.vcxproj]
  (compiling source file '../patched/src/expire.c')
  
C:\Users\samue\repos\redis-windows\build_work\redis\build\msvc_compat.h(164,5): warning C4028: formal parameter 1 different from declaration [C:\Users\samue\repos\redis-windows\build_work\redis\build\src\redis-server.vcxproj]
  (compiling source file '../patched/src/expire.c')
  
C:\Users\samue\repos\redis-windows\build_work\redis\build\patched\src\sds.h(146,34): warning C4267: '=': conversion from 'size_t' to 'unsigned char', possible loss of data [C:\Users\samue\repos\redis-windows\build_work\redis\build\src\redis-server.vcxproj]
  (compiling source file '../patched/src/expire.c')
  
C:\Users\samue\repos\redis-windows\build_work\redis\build\patched\src\sds.h(150,33): warning C4267: '=': conversion from 'size_t' to 'uint8_t', possible loss of data [C:\Users\samue\repos\redis-windows\build_work\redis\build\src\redis-server.vcxproj]
  (compiling source file '../patched/src/expire.c')
  
C:\Users\samue\repos\redis-windows\build_work\redis\build\patched\src\sds.h(153,34): warning C4267: '=': conversion from 'size_t' to 'uint16_t', possible loss of data [C:\Users\samue\repos\redis-windows\build_work\redis\build\src\redis-server.vcxproj]
  (compiling source file '../patched/src/expire.c')
  
C:\Users\samue\repos\redis-windows\build_work\redis\build\patched\src\sds.h(156,34): warning C4267: '=': conversion from 'size_t' to 'uint32_t', possible loss of data [C:\Users\samue\repos\redis-windows\build_work\redis\build\src\redis-server.vcxproj]
  (compiling source file '../patched/src/expire.c')
  
C:\Users\samue\repos\redis-windows\build_work\redis\build\patched\src\sds.h(174,34): warning C4267: '+=': conversion from 'size_t' to 'uint8_t', possible loss of data [C:\Users\samue\repos\redis-windows\build_work\redis\build\src\redis-server.vcxproj]
  (compiling source file '../patched/src/expire.c')
  
C:\Users\samue\repos\redis-windows\build_work\redis\build\patched\src\sds.h(177,35): warning C4267: '+=': conversion from 'size_t' to 'uint16_t', possible loss of data [C:\Users\samue\repos\redis-windows\build_work\redis\build\src\redis-server.vcxproj]
  (compiling source file '../patched/src/expire.c')
  
C:\Users\samue\repos\redis-windows\build_work\redis\build\patched\src\sds.h(180,35): warning C4267: '+=': conversion from 'size_t' to 'uint32_t', possible loss of data [C:\Users\samue\repos\redis-windows\build_work\redis\build\src\redis-server.vcxproj]
  (compiling source file '../patched/src/expire.c')
  
C:\Users\samue\repos\redis-windows\build_work\redis\build\patched\src\sds.h(169,57): warning C4267: 'initializing': conversion from 'size_t' to 'unsigned char', possible loss of data [C:\Users\samue\repos\redis-windows\build_work\redis\build\src\redis-server.vcxproj]
  (compiling source file '../patched/src/expire.c')
  
C:\Users\samue\repos\redis-windows\build_work\redis\build\patched\src\sds.h(234,50): warning C4267: '=': conversion from 'size_t' to 'uint8_t', possible loss of data [C:\Users\samue\repos\redis-windows\build_work\redis\build\src\redis-server.vcxproj]
  (compiling source file '../patched/src/expire.c')
  
C:\Users\samue\repos\redis-windows\build_work\redis\build\patched\src\sds.h(237,53): warning C4267: '=': conversion from 'size_t' to 'uint16_t', possible loss of data [C:\Users\samue\repos\redis-windows\build_work\redis\build\src\redis-server.vcxproj]
  (compiling source file '../patched/src/expire.c')
  
C:\Users\samue\repos\redis-windows\build_work\redis\build\patched\src\sds.h(240,36): warning C4267: '=': conversion from 'size_t' to 'uint32_t', possible loss of data [C:\Users\samue\repos\redis-windows\build_work\redis\build\src\redis-server.vcxproj]
  (compiling source file '../patched/src/expire.c')
  
C:\Users\samue\repos\redis-windows\build_work\redis\build\patched\src\expire.c(271,36): warning C4244: '*=': conversion from 'uint64_t' to 'uint32_t', possible loss of data [C:\Users\samue\repos\redis-windows\build_work\redis\build\src\redis-server.vcxproj]
C:\Users\samue\repos\redis-windows\build_work\redis\build\patched\src\expire.c(401,24): warning C4244: '=': conversion from 'unsigned __int64' to 'unsigned long', possible loss of data [C:\Users\samue\repos\redis-windows\build_work\redis\build\src\redis-server.vcxproj]
C:\Users\samue\repos\redis-windows\build_work\redis\build\patched\src\expire.c(431,38): warning C4244: '=': conversion from 'unsigned __int64' to 'unsigned long', possible loss of data [C:\Users\samue\repos\redis-windows\build_work\redis\build\src\redis-server.vcxproj]
C:\Users\samue\repos\redis-windows\build_work\redis\build\patched\src\expire.c(476,47): warning C4244: '=': conversion from 'double' to '__int64', possible loss of data [C:\Users\samue\repos\redis-windows\build_work\redis\build\src\redis-server.vcxproj]
  geohash.c
C:\Users\samue\repos\redis-windows\build_work\redis\build\msvc_compat.h(156,9): warning C4028: formal parameter 1 different from declaration [C:\Users\samue\repos\redis-windows\build_work\redis\build\src\redis-server.vcxproj]
  (compiling source file '../patched/src/geohash.c')
  
C:\Users\samue\repos\redis-windows\build_work\redis\build\msvc_compat.h(157,9): warning C4028: formal parameter 1 different from declaration [C:\Users\samue\repos\redis-windows\build_work\redis\build\src\redis-server.vcxproj]
  (compiling source file '../patched/src/geohash.c')
  
C:\Users\samue\repos\redis-windows\build_work\redis\build\msvc_compat.h(164,5): warning C4028: formal parameter 1 different from declaration [C:\Users\samue\repos\redis-windows\build_work\redis\build\src\redis-server.vcxproj]
  (compiling source file '../patched/src/geohash.c')
  
C:\Users\samue\repos\redis-windows\build_work\redis\build\patched\src\geohash.c(149,31): warning C4244: 'function': conversion from 'double' to 'uint32_t', possible loss of data [C:\Users\samue\repos\redis-windows\build_work\redis\build\src\redis-server.vcxproj]
C:\Users\samue\repos\redis-windows\build_work\redis\build\patched\src\geohash.c(149,43): warning C4244: 'function': conversion from 'double' to 'uint32_t', possible loss of data [C:\Users\samue\repos\redis-windows\build_work\redis\build\src\redis-server.vcxproj]
C:\Users\samue\repos\redis-windows\build_work\redis\build\patched\src\geohash.c(178,22): warning C4244: 'initializing': conversion from 'uint64_t' to 'uint32_t', possible loss of data [C:\Users\samue\repos\redis-windows\build_work\redis\build\src\redis-server.vcxproj]
  geohash_helper.c
C:\Users\samue\repos\redis-windows\build_work\redis\build\msvc_compat.h(156,9): warning C4028: formal parameter 1 different from declaration [C:\Users\samue\repos\redis-windows\build_work\redis\build\src\redis-server.vcxproj]
  (compiling source file '../patched/src/geohash_helper.c')
  
C:\Users\samue\repos\redis-windows\build_work\redis\build\msvc_compat.h(157,9): warning C4028: formal parameter 1 different from declaration [C:\Users\samue\repos\redis-windows\build_work\redis\build\src\redis-server.vcxproj]
  (compiling source file '../patched/src/geohash_helper.c')
  
C:\Users\samue\repos\redis-windows\build_work\redis\build\msvc_compat.h(164,5): warning C4028: formal parameter 1 different from declaration [C:\Users\samue\repos\redis-windows\build_work\redis\build\src\redis-server.vcxproj]
  (compiling source file '../patched/src/geohash_helper.c')
  
  childinfo.c
C:\Users\samue\repos\redis-windows\build_work\redis\build\msvc_compat.h(156,9): warning C4028: formal parameter 1 different from declaration [C:\Users\samue\repos\redis-windows\build_work\redis\build\src\redis-server.vcxproj]
  (compiling source file '../patched/src/childinfo.c')
  
C:\Users\samue\repos\redis-windows\build_work\redis\build\msvc_compat.h(157,9): warning C4028: formal parameter 1 different from declaration [C:\Users\samue\repos\redis-windows\build_work\redis\build\src\redis-server.vcxproj]
  (compiling source file '../patched/src/childinfo.c')
  
C:\Users\samue\repos\redis-windows\build_work\redis\build\msvc_compat.h(164,5): warning C4028: formal parameter 1 different from declaration [C:\Users\samue\repos\redis-windows\build_work\redis\build\src\redis-server.vcxproj]
  (compiling source file '../patched/src/childinfo.c')
  
C:\Users\samue\repos\redis-windows\build_work\redis\build\patched\src\sds.h(146,34): warning C4267: '=': conversion from 'size_t' to 'unsigned char', possible loss of data [C:\Users\samue\repos\redis-windows\build_work\redis\build\src\redis-server.vcxproj]
  (compiling source file '../patched/src/childinfo.c')
  
C:\Users\samue\repos\redis-windows\build_work\redis\build\patched\src\sds.h(150,33): warning C4267: '=': conversion from 'size_t' to 'uint8_t', possible loss of data [C:\Users\samue\repos\redis-windows\build_work\redis\build\src\redis-server.vcxproj]
  (compiling source file '../patched/src/childinfo.c')
  
C:\Users\samue\repos\redis-windows\build_work\redis\build\patched\src\sds.h(153,34): warning C4267: '=': conversion from 'size_t' to 'uint16_t', possible loss of data [C:\Users\samue\repos\redis-windows\build_work\redis\build\src\redis-server.vcxproj]
  (compiling source file '../patched/src/childinfo.c')
  
C:\Users\samue\repos\redis-windows\build_work\redis\build\patched\src\sds.h(156,34): warning C4267: '=': conversion from 'size_t' to 'uint32_t', possible loss of data [C:\Users\samue\repos\redis-windows\build_work\redis\build\src\redis-server.vcxproj]
  (compiling source file '../patched/src/childinfo.c')
  
C:\Users\samue\repos\redis-windows\build_work\redis\build\patched\src\sds.h(174,34): warning C4267: '+=': conversion from 'size_t' to 'uint8_t', possible loss of data [C:\Users\samue\repos\redis-windows\build_work\redis\build\src\redis-server.vcxproj]
  (compiling source file '../patched/src/childinfo.c')
  
C:\Users\samue\repos\redis-windows\build_work\redis\build\patched\src\sds.h(177,35): warning C4267: '+=': conversion from 'size_t' to 'uint16_t', possible loss of data [C:\Users\samue\repos\redis-windows\build_work\redis\build\src\redis-server.vcxproj]
  (compiling source file '../patched/src/childinfo.c')
  
C:\Users\samue\repos\redis-windows\build_work\redis\build\patched\src\sds.h(180,35): warning C4267: '+=': conversion from 'size_t' to 'uint32_t', possible loss of data [C:\Users\samue\repos\redis-windows\build_work\redis\build\src\redis-server.vcxproj]
  (compiling source file '../patched/src/childinfo.c')
  
C:\Users\samue\repos\redis-windows\build_work\redis\build\patched\src\sds.h(169,57): warning C4267: 'initializing': conversion from 'size_t' to 'unsigned char', possible loss of data [C:\Users\samue\repos\redis-windows\build_work\redis\build\src\redis-server.vcxproj]
  (compiling source file '../patched/src/childinfo.c')
  
C:\Users\samue\repos\redis-windows\build_work\redis\build\patched\src\sds.h(234,50): warning C4267: '=': conversion from 'size_t' to 'uint8_t', possible loss of data [C:\Users\samue\repos\redis-windows\build_work\redis\build\src\redis-server.vcxproj]
  (compiling source file '../patched/src/childinfo.c')
  
C:\Users\samue\repos\redis-windows\build_work\redis\build\patched\src\sds.h(237,53): warning C4267: '=': conversion from 'size_t' to 'uint16_t', possible loss of data [C:\Users\samue\repos\redis-windows\build_work\redis\build\src\redis-server.vcxproj]
  (compiling source file '../patched/src/childinfo.c')
  
C:\Users\samue\repos\redis-windows\build_work\redis\build\patched\src\sds.h(240,36): warning C4267: '=': conversion from 'size_t' to 'uint32_t', possible loss of data [C:\Users\samue\repos\redis-windows\build_work\redis\build\src\redis-server.vcxproj]
  (compiling source file '../patched/src/childinfo.c')
  
C:\Users\samue\repos\redis-windows\build_work\redis\build\patched\src\childinfo.c(131,17): warning C4244: 'initializing': conversion from 'ssize_t' to 'int', possible loss of data [C:\Users\samue\repos\redis-windows\build_work\redis\build\src\redis-server.vcxproj]
  defrag.c
C:\Users\samue\repos\redis-windows\build_work\redis\build\msvc_compat.h(156,9): warning C4028: formal parameter 1 different from declaration [C:\Users\samue\repos\redis-windows\build_work\redis\build\src\redis-server.vcxproj]
  (compiling source file '../patched/src/defrag.c')
  
C:\Users\samue\repos\redis-windows\build_work\redis\build\msvc_compat.h(157,9): warning C4028: formal parameter 1 different from declaration [C:\Users\samue\repos\redis-windows\build_work\redis\build\src\redis-server.vcxproj]
  (compiling source file '../patched/src/defrag.c')
  
C:\Users\samue\repos\redis-windows\build_work\redis\build\msvc_compat.h(164,5): warning C4028: formal parameter 1 different from declaration [C:\Users\samue\repos\redis-windows\build_work\redis\build\src\redis-server.vcxproj]
  (compiling source file '../patched/src/defrag.c')
  
C:\Users\samue\repos\redis-windows\build_work\redis\build\patched\src\sds.h(146,34): warning C4267: '=': conversion from 'size_t' to 'unsigned char', possible loss of data [C:\Users\samue\repos\redis-windows\build_work\redis\build\src\redis-server.vcxproj]
  (compiling source file '../patched/src/defrag.c')
  
C:\Users\samue\repos\redis-windows\build_work\redis\build\patched\src\sds.h(150,33): warning C4267: '=': conversion from 'size_t' to 'uint8_t', possible loss of data [C:\Users\samue\repos\redis-windows\build_work\redis\build\src\redis-server.vcxproj]
  (compiling source file '../patched/src/defrag.c')
  
C:\Users\samue\repos\redis-windows\build_work\redis\build\patched\src\sds.h(153,34): warning C4267: '=': conversion from 'size_t' to 'uint16_t', possible loss of data [C:\Users\samue\repos\redis-windows\build_work\redis\build\src\redis-server.vcxproj]
  (compiling source file '../patched/src/defrag.c')
  
C:\Users\samue\repos\redis-windows\build_work\redis\build\patched\src\sds.h(156,34): warning C4267: '=': conversion from 'size_t' to 'uint32_t', possible loss of data [C:\Users\samue\repos\redis-windows\build_work\redis\build\src\redis-server.vcxproj]
  (compiling source file '../patched/src/defrag.c')
  
C:\Users\samue\repos\redis-windows\build_work\redis\build\patched\src\sds.h(174,34): warning C4267: '+=': conversion from 'size_t' to 'uint8_t', possible loss of data [C:\Users\samue\repos\redis-windows\build_work\redis\build\src\redis-server.vcxproj]
  (compiling source file '../patched/src/defrag.c')
  
C:\Users\samue\repos\redis-windows\build_work\redis\build\patched\src\sds.h(177,35): warning C4267: '+=': conversion from 'size_t' to 'uint16_t', possible loss of data [C:\Users\samue\repos\redis-windows\build_work\redis\build\src\redis-server.vcxproj]
  (compiling source file '../patched/src/defrag.c')
  
C:\Users\samue\repos\redis-windows\build_work\redis\build\patched\src\sds.h(180,35): warning C4267: '+=': conversion from 'size_t' to 'uint32_t', possible loss of data [C:\Users\samue\repos\redis-windows\build_work\redis\build\src\redis-server.vcxproj]
  (compiling source file '../patched/src/defrag.c')
  
C:\Users\samue\repos\redis-windows\build_work\redis\build\patched\src\sds.h(169,57): warning C4267: 'initializing': conversion from 'size_t' to 'unsigned char', possible loss of data [C:\Users\samue\repos\redis-windows\build_work\redis\build\src\redis-server.vcxproj]
  (compiling source file '../patched/src/defrag.c')
  
C:\Users\samue\repos\redis-windows\build_work\redis\build\patched\src\sds.h(234,50): warning C4267: '=': conversion from 'size_t' to 'uint8_t', possible loss of data [C:\Users\samue\repos\redis-windows\build_work\redis\build\src\redis-server.vcxproj]
  (compiling source file '../patched/src/defrag.c')
  
C:\Users\samue\repos\redis-windows\build_work\redis\build\patched\src\sds.h(237,53): warning C4267: '=': conversion from 'size_t' to 'uint16_t', possible loss of data [C:\Users\samue\repos\redis-windows\build_work\redis\build\src\redis-server.vcxproj]
  (compiling source file '../patched/src/defrag.c')
  
C:\Users\samue\repos\redis-windows\build_work\redis\build\patched\src\sds.h(240,36): warning C4267: '=': conversion from 'size_t' to 'uint32_t', possible loss of data [C:\Users\samue\repos\redis-windows\build_work\redis\build\src\redis-server.vcxproj]
  (compiling source file '../patched/src/defrag.c')
  
  siphash.c
C:\Users\samue\repos\redis-windows\build_work\redis\build\msvc_compat.h(156,9): warning C4028: formal parameter 1 different from declaration [C:\Users\samue\repos\redis-windows\build_work\redis\build\src\redis-server.vcxproj]
  (compiling source file '../patched/src/siphash.c')
  
C:\Users\samue\repos\redis-windows\build_work\redis\build\msvc_compat.h(157,9): warning C4028: formal parameter 1 different from declaration [C:\Users\samue\repos\redis-windows\build_work\redis\build\src\redis-server.vcxproj]
  (compiling source file '../patched/src/siphash.c')
  
C:\Users\samue\repos\redis-windows\build_work\redis\build\msvc_compat.h(164,5): warning C4028: formal parameter 1 different from declaration [C:\Users\samue\repos\redis-windows\build_work\redis\build\src\redis-server.vcxproj]
  (compiling source file '../patched/src/siphash.c')
  
  rax.c
C:\Users\samue\repos\redis-windows\build_work\redis\build\msvc_compat.h(156,9): warning C4028: formal parameter 1 different from declaration [C:\Users\samue\repos\redis-windows\build_work\redis\build\src\redis-server.vcxproj]
  (compiling source file '../patched/src/rax.c')
  
C:\Users\samue\repos\redis-windows\build_work\redis\build\msvc_compat.h(157,9): warning C4028: formal parameter 1 different from declaration [C:\Users\samue\repos\redis-windows\build_work\redis\build\src\redis-server.vcxproj]
  (compiling source file '../patched/src/rax.c')
  
C:\Users\samue\repos\redis-windows\build_work\redis\build\msvc_compat.h(164,5): warning C4028: formal parameter 1 different from declaration [C:\Users\samue\repos\redis-windows\build_work\redis\build\src\redis-server.vcxproj]
  (compiling source file '../patched/src/rax.c')
  
C:\Users\samue\repos\redis-windows\build_work\redis\build\patched\src\rax.c(171,18): warning C4267: '=': conversion from 'size_t' to 'uint32_t', possible loss of data [C:\Users\samue\repos\redis-windows\build_work\redis\build\src\redis-server.vcxproj]
C:\Users\samue\repos\redis-windows\build_work\redis\build\patched\src\rax.c(319,27): warning C4018: '<': signed/unsigned mismatch [C:\Users\samue\repos\redis-windows\build_work\redis\build\src\redis-server.vcxproj]
C:\Users\samue\repos\redis-windows\build_work\redis\build\patched\src\rax.c(436,15): warning C4267: '=': conversion from 'size_t' to 'uint32_t', possible loss of data [C:\Users\samue\repos\redis-windows\build_work\redis\build\src\redis-server.vcxproj]
C:\Users\samue\repos\redis-windows\build_work\redis\build\patched\src\rax.c(523,45): warning C4267: '=': conversion from 'size_t' to 'int', possible loss of data [C:\Users\samue\repos\redis-windows\build_work\redis\build\src\redis-server.vcxproj]
C:\Users\samue\repos\redis-windows\build_work\redis\build\patched\src\rax.c(792,29): warning C4267: '=': conversion from 'size_t' to 'uint32_t', possible loss of data [C:\Users\samue\repos\redis-windows\build_work\redis\build\src\redis-server.vcxproj]
C:\Users\samue\repos\redis-windows\build_work\redis\build\patched\src\rax.c(844,25): warning C4267: '=': conversion from 'size_t' to 'uint32_t', possible loss of data [C:\Users\samue\repos\redis-windows\build_work\redis\build\src\redis-server.vcxproj]
C:\Users\samue\repos\redis-windows\build_work\redis\build\patched\src\rax.c(1019,53): warning C4244: 'initializing': conversion from '__int64' to 'int', possible loss of data [C:\Users\samue\repos\redis-windows\build_work\redis\build\src\redis-server.vcxproj]
C:\Users\samue\repos\redis-windows\build_work\redis\build\patched\src\rax.c(1216,25): warning C4267: '=': conversion from 'size_t' to 'uint32_t', possible loss of data [C:\Users\samue\repos\redis-windows\build_work\redis\build\src\redis-server.vcxproj]
C:\Users\samue\repos\redis-windows\build_work\redis\build\patched\src\rax.c(1453,58): warning C4018: '>': signed/unsigned mismatch [C:\Users\samue\repos\redis-windows\build_work\redis\build\src\redis-server.vcxproj]
C:\Users\samue\repos\redis-windows\build_work\redis\build\patched\src\rax.c(1456,30): warning C4018: '<': signed/unsigned mismatch [C:\Users\samue\repos\redis-windows\build_work\redis\build\src\redis-server.vcxproj]
C:\Users\samue\repos\redis-windows\build_work\redis\build\patched\src\rax.c(1545,50): warning C4018: '>': signed/unsigned mismatch [C:\Users\samue\repos\redis-windows\build_work\redis\build\src\redis-server.vcxproj]
C:\Users\samue\repos\redis-windows\build_work\redis\build\patched\src\rax.c(1792,40): warning C4244: 'function': conversion from 'uint64_t' to 'double', possible loss of data [C:\Users\samue\repos\redis-windows\build_work\redis\build\src\redis-server.vcxproj]
C:\Users\samue\repos\redis-windows\build_work\redis\build\patched\src\rax.c(1792,23): warning C4244: 'initializing': conversion from 'double' to 'size_t', possible loss of data [C:\Users\samue\repos\redis-windows\build_work\redis\build\src\redis-server.vcxproj]
C:\Users\samue\repos\redis-windows\build_work\redis\build\patched\src\rax.c(1980,16): warning C4311: 'type cast': pointer truncation from 'void *' to 'unsigned long' [C:\Users\samue\repos\redis-windows\build_work\redis\build\src\redis-server.vcxproj]
C:\Users\samue\repos\redis-windows\build_work\redis\build\patched\src\rax.c(2031,31): warning C4018: '<': signed/unsigned mismatch [C:\Users\samue\repos\redis-windows\build_work\redis\build\src\redis-server.vcxproj]
  t_stream.c
C:\Users\samue\repos\redis-windows\build_work\redis\build\msvc_compat.h(156,9): warning C4028: formal parameter 1 different from declaration [C:\Users\samue\repos\redis-windows\build_work\redis\build\src\redis-server.vcxproj]
  (compiling source file '../patched/src/t_stream.c')
  
C:\Users\samue\repos\redis-windows\build_work\redis\build\msvc_compat.h(157,9): warning C4028: formal parameter 1 different from declaration [C:\Users\samue\repos\redis-windows\build_work\redis\build\src\redis-server.vcxproj]
  (compiling source file '../patched/src/t_stream.c')
  
C:\Users\samue\repos\redis-windows\build_work\redis\build\msvc_compat.h(164,5): warning C4028: formal parameter 1 different from declaration [C:\Users\samue\repos\redis-windows\build_work\redis\build\src\redis-server.vcxproj]
  (compiling source file '../patched/src/t_stream.c')
  
C:\Users\samue\repos\redis-windows\build_work\redis\build\patched\src\sds.h(146,34): warning C4267: '=': conversion from 'size_t' to 'unsigned char', possible loss of data [C:\Users\samue\repos\redis-windows\build_work\redis\build\src\redis-server.vcxproj]
  (compiling source file '../patched/src/t_stream.c')
  
C:\Users\samue\repos\redis-windows\build_work\redis\build\patched\src\sds.h(150,33): warning C4267: '=': conversion from 'size_t' to 'uint8_t', possible loss of data [C:\Users\samue\repos\redis-windows\build_work\redis\build\src\redis-server.vcxproj]
  (compiling source file '../patched/src/t_stream.c')
  
C:\Users\samue\repos\redis-windows\build_work\redis\build\patched\src\sds.h(153,34): warning C4267: '=': conversion from 'size_t' to 'uint16_t', possible loss of data [C:\Users\samue\repos\redis-windows\build_work\redis\build\src\redis-server.vcxproj]
  (compiling source file '../patched/src/t_stream.c')
  
C:\Users\samue\repos\redis-windows\build_work\redis\build\patched\src\sds.h(156,34): warning C4267: '=': conversion from 'size_t' to 'uint32_t', possible loss of data [C:\Users\samue\repos\redis-windows\build_work\redis\build\src\redis-server.vcxproj]
  (compiling source file '../patched/src/t_stream.c')
  
C:\Users\samue\repos\redis-windows\build_work\redis\build\patched\src\sds.h(174,34): warning C4267: '+=': conversion from 'size_t' to 'uint8_t', possible loss of data [C:\Users\samue\repos\redis-windows\build_work\redis\build\src\redis-server.vcxproj]
  (compiling source file '../patched/src/t_stream.c')
  
C:\Users\samue\repos\redis-windows\build_work\redis\build\patched\src\sds.h(177,35): warning C4267: '+=': conversion from 'size_t' to 'uint16_t', possible loss of data [C:\Users\samue\repos\redis-windows\build_work\redis\build\src\redis-server.vcxproj]
  (compiling source file '../patched/src/t_stream.c')
  
C:\Users\samue\repos\redis-windows\build_work\redis\build\patched\src\sds.h(180,35): warning C4267: '+=': conversion from 'size_t' to 'uint32_t', possible loss of data [C:\Users\samue\repos\redis-windows\build_work\redis\build\src\redis-server.vcxproj]
  (compiling source file '../patched/src/t_stream.c')
  
C:\Users\samue\repos\redis-windows\build_work\redis\build\patched\src\sds.h(169,57): warning C4267: 'initializing': conversion from 'size_t' to 'unsigned char', possible loss of data [C:\Users\samue\repos\redis-windows\build_work\redis\build\src\redis-server.vcxproj]
  (compiling source file '../patched/src/t_stream.c')
  
C:\Users\samue\repos\redis-windows\build_work\redis\build\patched\src\sds.h(234,50): warning C4267: '=': conversion from 'size_t' to 'uint8_t', possible loss of data [C:\Users\samue\repos\redis-windows\build_work\redis\build\src\redis-server.vcxproj]
  (compiling source file '../patched/src/t_stream.c')
  
C:\Users\samue\repos\redis-windows\build_work\redis\build\patched\src\sds.h(237,53): warning C4267: '=': conversion from 'size_t' to 'uint16_t', possible loss of data [C:\Users\samue\repos\redis-windows\build_work\redis\build\src\redis-server.vcxproj]
  (compiling source file '../patched/src/t_stream.c')
  
C:\Users\samue\repos\redis-windows\build_work\redis\build\patched\src\sds.h(240,36): warning C4267: '=': conversion from 'size_t' to 'uint32_t', possible loss of data [C:\Users\samue\repos\redis-windows\build_work\redis\build\src\redis-server.vcxproj]
  (compiling source file '../patched/src/t_stream.c')
  
C:\Users\samue\repos\redis-windows\build_work\redis\build\patched\src\t_stream.c(123,13): warning C4244: 'return': conversion from 'uint64_t' to 'unsigned long', possible loss of data [C:\Users\samue\repos\redis-windows\build_work\redis\build\src\redis-server.vcxproj]
C:\Users\samue\repos\redis-windows\build_work\redis\build\patched\src\t_stream.c(655,52): warning C4267: 'function': conversion from 'size_t' to 'uint32_t', possible loss of data [C:\Users\samue\repos\redis-windows\build_work\redis\build\src\redis-server.vcxproj]
C:\Users\samue\repos\redis-windows\build_work\redis\build\patched\src\t_stream.c(733,52): warning C4267: 'function': conversion from 'size_t' to 'uint32_t', possible loss of data [C:\Users\samue\repos\redis-windows\build_work\redis\build\src\redis-server.vcxproj]
C:\Users\samue\repos\redis-windows\build_work\redis\build\patched\src\t_stream.c(734,48): warning C4267: 'function': conversion from 'size_t' to 'uint32_t', possible loss of data [C:\Users\samue\repos\redis-windows\build_work\redis\build\src\redis-server.vcxproj]
C:\Users\samue\repos\redis-windows\build_work\redis\build\patched\src\t_stream.c(1504,39): warning C4244: '=': conversion from 'int64_t' to 'int', possible loss of data [C:\Users\samue\repos\redis-windows\build_work\redis\build\src\redis-server.vcxproj]
C:\Users\samue\repos\redis-windows\build_work\redis\build\patched\src\t_stream.c(1517,39): warning C4244: '=': conversion from 'int64_t' to 'int', possible loss of data [C:\Users\samue\repos\redis-windows\build_work\redis\build\src\redis-server.vcxproj]
C:\Users\samue\repos\redis-windows\build_work\redis\build\patched\src\t_stream.c(2084,45): warning C4244: 'function': conversion from 'int64_t' to 'long', possible loss of data [C:\Users\samue\repos\redis-windows\build_work\redis\build\src\redis-server.vcxproj]
C:\Users\samue\repos\redis-windows\build_work\redis\build\patched\src\t_stream.c(2151,62): warning C4267: 'function': conversion from 'size_t' to 'long', possible loss of data [C:\Users\samue\repos\redis-windows\build_work\redis\build\src\redis-server.vcxproj]
C:\Users\samue\repos\redis-windows\build_work\redis\build\patched\src\t_stream.c(2197,37): warning C4244: 'function': conversion from 'int64_t' to 'long', possible loss of data [C:\Users\samue\repos\redis-windows\build_work\redis\build\src\redis-server.vcxproj]
C:\Users\samue\repos\redis-windows\build_work\redis\build\patched\src\t_stream.c(2287,58): warning C4267: 'function': conversion from 'size_t' to 'long', possible loss of data [C:\Users\samue\repos\redis-windows\build_work\redis\build\src\redis-server.vcxproj]
C:\Users\samue\repos\redis-windows\build_work\redis\build\patched\src\t_stream.c(2337,40): warning C4267: 'function': conversion from 'size_t' to 'long', possible loss of data [C:\Users\samue\repos\redis-windows\build_work\redis\build\src\redis-server.vcxproj]
C:\Users\samue\repos\redis-windows\build_work\redis\build\patched\src\t_stream.c(3045,48): warning C4267: 'function': conversion from 'size_t' to 'long', possible loss of data [C:\Users\samue\repos\redis-windows\build_work\redis\build\src\redis-server.vcxproj]
C:\Users\samue\repos\redis-windows\build_work\redis\build\patched\src\t_stream.c(3047,46): warning C4267: 'function': conversion from 'size_t' to 'long', possible loss of data [C:\Users\samue\repos\redis-windows\build_work\redis\build\src\redis-server.vcxproj]
C:\Users\samue\repos\redis-windows\build_work\redis\build\patched\src\t_stream.c(4039,36): warning C4244: 'initializing': conversion from '__int64' to 'int', possible loss of data [C:\Users\samue\repos\redis-windows\build_work\redis\build\src\redis-server.vcxproj]
C:\Users\samue\repos\redis-windows\build_work\redis\build\patched\src\t_stream.c(4234,48): warning C4267: 'function': conversion from 'size_t' to 'long', possible loss of data [C:\Users\samue\repos\redis-windows\build_work\redis\build\src\redis-server.vcxproj]
C:\Users\samue\repos\redis-windows\build_work\redis\build\patched\src\t_stream.c(4302,44): warning C4267: 'function': conversion from 'size_t' to 'long', possible loss of data [C:\Users\samue\repos\redis-windows\build_work\redis\build\src\redis-server.vcxproj]
C:\Users\samue\repos\redis-windows\build_work\redis\build\patched\src\t_stream.c(4588,39): warning C4267: 'function': conversion from 'size_t' to 'long', possible loss of data [C:\Users\samue\repos\redis-windows\build_work\redis\build\src\redis-server.vcxproj]
C:\Users\samue\repos\redis-windows\build_work\redis\build\patched\src\t_stream.c(4790,39): warning C4267: 'function': conversion from 'size_t' to 'long', possible loss of data [C:\Users\samue\repos\redis-windows\build_work\redis\build\src\redis-server.vcxproj]
C:\Users\samue\repos\redis-windows\build_work\redis\build\patched\src\t_stream.c(5129,19): warning C4267: '=': conversion from 'size_t' to 'int', possible loss of data [C:\Users\samue\repos\redis-windows\build_work\redis\build\src\redis-server.vcxproj]
C:\Users\samue\repos\redis-windows\build_work\redis\build\patched\src\t_stream.c(5133,19): warning C4267: '=': conversion from 'size_t' to 'int', possible loss of data [C:\Users\samue\repos\redis-windows\build_work\redis\build\src\redis-server.vcxproj]
C:\Users\samue\repos\redis-windows\build_work\redis\build\patched\src\t_stream.c(5148,32): warning C4244: 'function': conversion from 'uint64_t' to 'long', possible loss of data [C:\Users\samue\repos\redis-windows\build_work\redis\build\src\redis-server.vcxproj]
C:\Users\samue\repos\redis-windows\build_work\redis\build\patched\src\t_stream.c(5216,55): warning C4244: 'function': conversion from '__int64' to 'long', possible loss of data [C:\Users\samue\repos\redis-windows\build_work\redis\build\src\redis-server.vcxproj]
C:\Users\samue\repos\redis-windows\build_work\redis\build\patched\src\t_stream.c(5221,36): warning C4244: 'function': conversion from 'uint64_t' to 'long', possible loss of data [C:\Users\samue\repos\redis-windows\build_work\redis\build\src\redis-server.vcxproj]
C:\Users\samue\repos\redis-windows\build_work\redis\build\patched\src\t_stream.c(5269,57): warning C4244: 'function': conversion from '__int64' to 'long', possible loss of data [C:\Users\samue\repos\redis-windows\build_work\redis\build\src\redis-server.vcxproj]
C:\Users\samue\repos\redis-windows\build_work\redis\build\patched\src\t_stream.c(5326,28): warning C4244: 'function': conversion from 'uint64_t' to 'long', possible loss of data [C:\Users\samue\repos\redis-windows\build_work\redis\build\src\redis-server.vcxproj]
C:\Users\samue\repos\redis-windows\build_work\redis\build\patched\src\t_stream.c(5355,28): warning C4244: 'function': conversion from 'uint64_t' to 'long', possible loss of data [C:\Users\samue\repos\redis-windows\build_work\redis\build\src\redis-server.vcxproj]
  listpack.c
C:\Users\samue\repos\redis-windows\build_work\redis\build\msvc_compat.h(156,9): warning C4028: formal parameter 1 different from declaration [C:\Users\samue\repos\redis-windows\build_work\redis\build\src\redis-server.vcxproj]
  (compiling source file '../patched/src/listpack.c')
  
C:\Users\samue\repos\redis-windows\build_work\redis\build\msvc_compat.h(157,9): warning C4028: formal parameter 1 different from declaration [C:\Users\samue\repos\redis-windows\build_work\redis\build\src\redis-server.vcxproj]
  (compiling source file '../patched/src/listpack.c')
  
C:\Users\samue\repos\redis-windows\build_work\redis\build\msvc_compat.h(164,5): warning C4028: formal parameter 1 different from declaration [C:\Users\samue\repos\redis-windows\build_work\redis\build\src\redis-server.vcxproj]
  (compiling source file '../patched/src/listpack.c')
  
C:\Users\samue\repos\redis-windows\build_work\redis\build\patched\src\sds.h(146,34): warning C4267: '=': conversion from 'size_t' to 'unsigned char', possible loss of data [C:\Users\samue\repos\redis-windows\build_work\redis\build\src\redis-server.vcxproj]
  (compiling source file '../patched/src/listpack.c')
  
C:\Users\samue\repos\redis-windows\build_work\redis\build\patched\src\sds.h(150,33): warning C4267: '=': conversion from 'size_t' to 'uint8_t', possible loss of data [C:\Users\samue\repos\redis-windows\build_work\redis\build\src\redis-server.vcxproj]
  (compiling source file '../patched/src/listpack.c')
  
C:\Users\samue\repos\redis-windows\build_work\redis\build\patched\src\sds.h(153,34): warning C4267: '=': conversion from 'size_t' to 'uint16_t', possible loss of data [C:\Users\samue\repos\redis-windows\build_work\redis\build\src\redis-server.vcxproj]
  (compiling source file '../patched/src/listpack.c')
  
C:\Users\samue\repos\redis-windows\build_work\redis\build\patched\src\sds.h(156,34): warning C4267: '=': conversion from 'size_t' to 'uint32_t', possible loss of data [C:\Users\samue\repos\redis-windows\build_work\redis\build\src\redis-server.vcxproj]
  (compiling source file '../patched/src/listpack.c')
  
C:\Users\samue\repos\redis-windows\build_work\redis\build\patched\src\sds.h(174,34): warning C4267: '+=': conversion from 'size_t' to 'uint8_t', possible loss of data [C:\Users\samue\repos\redis-windows\build_work\redis\build\src\redis-server.vcxproj]
  (compiling source file '../patched/src/listpack.c')
  
C:\Users\samue\repos\redis-windows\build_work\redis\build\patched\src\sds.h(177,35): warning C4267: '+=': conversion from 'size_t' to 'uint16_t', possible loss of data [C:\Users\samue\repos\redis-windows\build_work\redis\build\src\redis-server.vcxproj]
  (compiling source file '../patched/src/listpack.c')
  
C:\Users\samue\repos\redis-windows\build_work\redis\build\patched\src\sds.h(180,35): warning C4267: '+=': conversion from 'size_t' to 'uint32_t', possible loss of data [C:\Users\samue\repos\redis-windows\build_work\redis\build\src\redis-server.vcxproj]
  (compiling source file '../patched/src/listpack.c')
  
C:\Users\samue\repos\redis-windows\build_work\redis\build\patched\src\sds.h(169,57): warning C4267: 'initializing': conversion from 'size_t' to 'unsigned char', possible loss of data [C:\Users\samue\repos\redis-windows\build_work\redis\build\src\redis-server.vcxproj]
  (compiling source file '../patched/src/listpack.c')
  
C:\Users\samue\repos\redis-windows\build_work\redis\build\patched\src\sds.h(234,50): warning C4267: '=': conversion from 'size_t' to 'uint8_t', possible loss of data [C:\Users\samue\repos\redis-windows\build_work\redis\build\src\redis-server.vcxproj]
  (compiling source file '../patched/src/listpack.c')
  
C:\Users\samue\repos\redis-windows\build_work\redis\build\patched\src\sds.h(237,53): warning C4267: '=': conversion from 'size_t' to 'uint16_t', possible loss of data [C:\Users\samue\repos\redis-windows\build_work\redis\build\src\redis-server.vcxproj]
  (compiling source file '../patched/src/listpack.c')
  
C:\Users\samue\repos\redis-windows\build_work\redis\build\patched\src\sds.h(240,36): warning C4267: '=': conversion from 'size_t' to 'uint32_t', possible loss of data [C:\Users\samue\repos\redis-windows\build_work\redis\build\src\redis-server.vcxproj]
  (compiling source file '../patched/src/listpack.c')
  
C:\Users\samue\repos\redis-windows\build_work\redis\build\patched\src\listpack.c(207,37): warning C4146: unary minus operator applied to unsigned type, result still unsigned [C:\Users\samue\repos\redis-windows\build_work\redis\build\src\redis-server.vcxproj]
C:\Users\samue\repos\redis-windows\build_work\redis\build\patched\src\listpack.c(249,41): warning C4244: '=': conversion from 'int64_t' to 'unsigned char', possible loss of data [C:\Users\samue\repos\redis-windows\build_work\redis\build\src\redis-server.vcxproj]
C:\Users\samue\repos\redis-windows\build_work\redis\build\patched\src\listpack.c(255,31): warning C4244: '=': conversion from 'int64_t' to 'unsigned char', possible loss of data [C:\Users\samue\repos\redis-windows\build_work\redis\build\src\redis-server.vcxproj]
C:\Users\samue\repos\redis-windows\build_work\redis\build\patched\src\listpack.c(265,26): warning C4244: '=': conversion from 'int64_t' to 'unsigned char', possible loss of data [C:\Users\samue\repos\redis-windows\build_work\redis\build\src\redis-server.vcxproj]
C:\Users\samue\repos\redis-windows\build_work\redis\build\patched\src\listpack.c(275,26): warning C4244: '=': conversion from 'int64_t' to 'unsigned char', possible loss of data [C:\Users\samue\repos\redis-windows\build_work\redis\build\src\redis-server.vcxproj]
C:\Users\samue\repos\redis-windows\build_work\redis\build\patched\src\listpack.c(286,26): warning C4244: '=': conversion from 'int64_t' to 'unsigned char', possible loss of data [C:\Users\samue\repos\redis-windows\build_work\redis\build\src\redis-server.vcxproj]
C:\Users\samue\repos\redis-windows\build_work\redis\build\patched\src\listpack.c(338,27): warning C4244: '=': conversion from 'uint64_t' to 'unsigned char', possible loss of data [C:\Users\samue\repos\redis-windows\build_work\redis\build\src\redis-server.vcxproj]
C:\Users\samue\repos\redis-windows\build_work\redis\build\patched\src\listpack.c(342,23): warning C4244: '=': conversion from 'uint64_t' to 'unsigned char', possible loss of data [C:\Users\samue\repos\redis-windows\build_work\redis\build\src\redis-server.vcxproj]
C:\Users\samue\repos\redis-windows\build_work\redis\build\patched\src\listpack.c(348,23): warning C4244: '=': conversion from 'uint64_t' to 'unsigned char', possible loss of data [C:\Users\samue\repos\redis-windows\build_work\redis\build\src\redis-server.vcxproj]
C:\Users\samue\repos\redis-windows\build_work\redis\build\patched\src\listpack.c(355,23): warning C4244: '=': conversion from 'uint64_t' to 'unsigned char', possible loss of data [C:\Users\samue\repos\redis-windows\build_work\redis\build\src\redis-server.vcxproj]
C:\Users\samue\repos\redis-windows\build_work\redis\build\patched\src\listpack.c(363,23): warning C4244: '=': conversion from 'uint64_t' to 'unsigned char', possible loss of data [C:\Users\samue\repos\redis-windows\build_work\redis\build\src\redis-server.vcxproj]
C:\Users\samue\repos\redis-windows\build_work\redis\build\patched\src\listpack.c(814,17): warning C4244: '=': conversion from 'int64_t' to 'unsigned int', possible loss of data [C:\Users\samue\repos\redis-windows\build_work\redis\build\src\redis-server.vcxproj]
C:\Users\samue\repos\redis-windows\build_work\redis\build\patched\src\listpack.c(846,25): warning C4267: 'initializing': conversion from 'size_t' to 'uint32_t', possible loss of data [C:\Users\samue\repos\redis-windows\build_work\redis\build\src\redis-server.vcxproj]
C:\Users\samue\repos\redis-windows\build_work\redis\build\patched\src\listpack.c(1002,27): warning C4244: 'initializing': conversion from '__int64' to 'unsigned long', possible loss of data [C:\Users\samue\repos\redis-windows\build_work\redis\build\src\redis-server.vcxproj]
C:\Users\samue\repos\redis-windows\build_work\redis\build\patched\src\listpack.c(1218,27): warning C4244: 'initializing': conversion from '__int64' to 'unsigned long', possible loss of data [C:\Users\samue\repos\redis-windows\build_work\redis\build\src\redis-server.vcxproj]
C:\Users\samue\repos\redis-windows\build_work\redis\build\patched\src\listpack.c(1279,39): warning C4244: 'function': conversion from 'uint64_t' to 'uint32_t', possible loss of data [C:\Users\samue\repos\redis-windows\build_work\redis\build\src\redis-server.vcxproj]
C:\Users\samue\repos\redis-windows\build_work\redis\build\patched\src\listpack.c(1371,31): warning C4244: 'initializing': conversion from '__int64' to 'unsigned long', possible loss of data [C:\Users\samue\repos\redis-windows\build_work\redis\build\src\redis-server.vcxproj]
C:\Users\samue\repos\redis-windows\build_work\redis\build\patched\src\listpack.c(2044,13): warning C4311: 'type cast': pointer truncation from 'unsigned char *' to 'unsigned long' [C:\Users\samue\repos\redis-windows\build_work\redis\build\src\redis-server.vcxproj]
C:\Users\samue\repos\redis-windows\build_work\redis\build\patched\src\listpack.c(2088,51): warning C4267: 'function': conversion from 'size_t' to 'uint32_t', possible loss of data [C:\Users\samue\repos\redis-windows\build_work\redis\build\src\redis-server.vcxproj]
C:\Users\samue\repos\redis-windows\build_work\redis\build\patched\src\listpack.c(2089,51): warning C4267: 'function': conversion from 'size_t' to 'uint32_t', possible loss of data [C:\Users\samue\repos\redis-windows\build_work\redis\build\src\redis-server.vcxproj]
C:\Users\samue\repos\redis-windows\build_work\redis\build\patched\src\listpack.c(2090,52): warning C4267: 'function': conversion from 'size_t' to 'uint32_t', possible loss of data [C:\Users\samue\repos\redis-windows\build_work\redis\build\src\redis-server.vcxproj]
C:\Users\samue\repos\redis-windows\build_work\redis\build\patched\src\listpack.c(2091,51): warning C4267: 'function': conversion from 'size_t' to 'uint32_t', possible loss of data [C:\Users\samue\repos\redis-windows\build_work\redis\build\src\redis-server.vcxproj]
C:\Users\samue\repos\redis-windows\build_work\redis\build\patched\src\listpack.c(2097,51): warning C4267: 'function': conversion from 'size_t' to 'uint32_t', possible loss of data [C:\Users\samue\repos\redis-windows\build_work\redis\build\src\redis-server.vcxproj]
C:\Users\samue\repos\redis-windows\build_work\redis\build\patched\src\listpack.c(2098,51): warning C4267: 'function': conversion from 'size_t' to 'uint32_t', possible loss of data [C:\Users\samue\repos\redis-windows\build_work\redis\build\src\redis-server.vcxproj]
C:\Users\samue\repos\redis-windows\build_work\redis\build\patched\src\listpack.c(2099,52): warning C4267: 'function': conversion from 'size_t' to 'uint32_t', possible loss of data [C:\Users\samue\repos\redis-windows\build_work\redis\build\src\redis-server.vcxproj]
C:\Users\samue\repos\redis-windows\build_work\redis\build\patched\src\listpack.c(2100,52): warning C4267: 'function': conversion from 'size_t' to 'uint32_t', possible loss of data [C:\Users\samue\repos\redis-windows\build_work\redis\build\src\redis-server.vcxproj]
C:\Users\samue\repos\redis-windows\build_work\redis\build\patched\src\listpack.c(2101,51): warning C4267: 'function': conversion from 'size_t' to 'uint32_t', possible loss of data [C:\Users\samue\repos\redis-windows\build_work\redis\build\src\redis-server.vcxproj]
C:\Users\samue\repos\redis-windows\build_work\redis\build\patched\src\listpack.c(2102,51): warning C4267: 'function': conversion from 'size_t' to 'uint32_t', possible loss of data [C:\Users\samue\repos\redis-windows\build_work\redis\build\src\redis-server.vcxproj]
C:\Users\samue\repos\redis-windows\build_work\redis\build\patched\src\listpack.c(2188,5): warning C4267: 'function': conversion from 'size_t' to 'uint32_t', possible loss of data [C:\Users\samue\repos\redis-windows\build_work\redis\build\src\redis-server.vcxproj]
C:\Users\samue\repos\redis-windows\build_work\redis\build\patched\src\listpack.c(2197,58): warning C4267: 'function': conversion from 'size_t' to 'uint32_t', possible loss of data [C:\Users\samue\repos\redis-windows\build_work\redis\build\src\redis-server.vcxproj]
C:\Users\samue\repos\redis-windows\build_work\redis\build\patched\src\listpack.c(2210,45): warning C4267: 'function': conversion from 'size_t' to 'unsigned long', possible loss of data [C:\Users\samue\repos\redis-windows\build_work\redis\build\src\redis-server.vcxproj]
C:\Users\samue\repos\redis-windows\build_work\redis\build\patched\src\listpack.c(2633,47): warning C4267: 'function': conversion from 'size_t' to 'uint32_t', possible loss of data [C:\Users\samue\repos\redis-windows\build_work\redis\build\src\redis-server.vcxproj]
C:\Users\samue\repos\redis-windows\build_work\redis\build\patched\src\listpack.c(2634,47): warning C4267: 'function': conversion from 'size_t' to 'uint32_t', possible loss of data [C:\Users\samue\repos\redis-windows\build_work\redis\build\src\redis-server.vcxproj]
C:\Users\samue\repos\redis-windows\build_work\redis\build\patched\src\listpack.c(2762,36): warning C4267: 'function': conversion from 'size_t' to 'uint32_t', possible loss of data [C:\Users\samue\repos\redis-windows\build_work\redis\build\src\redis-server.vcxproj]
C:\Users\samue\repos\redis-windows\build_work\redis\build\patched\src\listpack.c(2466,62): warning C4267: 'initializing': conversion from 'size_t' to 'uint32_t', possible loss of data [C:\Users\samue\repos\redis-windows\build_work\redis\build\src\redis-server.vcxproj]
C:\Users\samue\repos\redis-windows\build_work\redis\build\patched\src\listpack.c(2467,62): warning C4267: 'initializing': conversion from 'size_t' to 'uint32_t', possible loss of data [C:\Users\samue\repos\redis-windows\build_work\redis\build\src\redis-server.vcxproj]
C:\Users\samue\repos\redis-windows\build_work\redis\build\patched\src\listpack.c(2468,62): warning C4267: 'initializing': conversion from 'size_t' to 'uint32_t', possible loss of data [C:\Users\samue\repos\redis-windows\build_work\redis\build\src\redis-server.vcxproj]
C:\Users\samue\repos\redis-windows\build_work\redis\build\patched\src\listpack.c(2470,62): warning C4267: 'initializing': conversion from 'size_t' to 'uint32_t', possible loss of data [C:\Users\samue\repos\redis-windows\build_work\redis\build\src\redis-server.vcxproj]
C:\Users\samue\repos\redis-windows\build_work\redis\build\patched\src\listpack.c(2510,62): warning C4267: 'initializing': conversion from 'size_t' to 'uint32_t', possible loss of data [C:\Users\samue\repos\redis-windows\build_work\redis\build\src\redis-server.vcxproj]
C:\Users\samue\repos\redis-windows\build_work\redis\build\patched\src\listpack.c(2511,62): warning C4267: 'initializing': conversion from 'size_t' to 'uint32_t', possible loss of data [C:\Users\samue\repos\redis-windows\build_work\redis\build\src\redis-server.vcxproj]
C:\Users\samue\repos\redis-windows\build_work\redis\build\patched\src\listpack.c(2512,62): warning C4267: 'initializing': conversion from 'size_t' to 'uint32_t', possible loss of data [C:\Users\samue\repos\redis-windows\build_work\redis\build\src\redis-server.vcxproj]
C:\Users\samue\repos\redis-windows\build_work\redis\build\patched\src\listpack.c(2514,62): warning C4267: 'initializing': conversion from 'size_t' to 'uint32_t', possible loss of data [C:\Users\samue\repos\redis-windows\build_work\redis\build\src\redis-server.vcxproj]
C:\Users\samue\repos\redis-windows\build_work\redis\build\patched\src\listpack.c(3170,62): warning C4267: 'initializing': conversion from 'size_t' to 'uint32_t', possible loss of data [C:\Users\samue\repos\redis-windows\build_work\redis\build\src\redis-server.vcxproj]
C:\Users\samue\repos\redis-windows\build_work\redis\build\patched\src\listpack.c(3171,62): warning C4267: 'initializing': conversion from 'size_t' to 'uint32_t', possible loss of data [C:\Users\samue\repos\redis-windows\build_work\redis\build\src\redis-server.vcxproj]
  localtime.c
C:\Users\samue\repos\redis-windows\build_work\redis\build\msvc_compat.h(156,9): warning C4028: formal parameter 1 different from declaration [C:\Users\samue\repos\redis-windows\build_work\redis\build\src\redis-server.vcxproj]
  (compiling source file '../patched/src/localtime.c')
  
C:\Users\samue\repos\redis-windows\build_work\redis\build\msvc_compat.h(157,9): warning C4028: formal parameter 1 different from declaration [C:\Users\samue\repos\redis-windows\build_work\redis\build\src\redis-server.vcxproj]
  (compiling source file '../patched/src/localtime.c')
  
C:\Users\samue\repos\redis-windows\build_work\redis\build\msvc_compat.h(164,5): warning C4028: formal parameter 1 different from declaration [C:\Users\samue\repos\redis-windows\build_work\redis\build\src\redis-server.vcxproj]
  (compiling source file '../patched/src/localtime.c')
  
C:\Users\samue\repos\redis-windows\build_work\redis\build\patched\src\localtime.c(50,28): warning C4244: '=': conversion from 'const time_t' to 'int', possible loss of data [C:\Users\samue\repos\redis-windows\build_work\redis\build\src\redis-server.vcxproj]
C:\Users\samue\repos\redis-windows\build_work\redis\build\patched\src\localtime.c(51,41): warning C4244: '=': conversion from 'const time_t' to 'int', possible loss of data [C:\Users\samue\repos\redis-windows\build_work\redis\build\src\redis-server.vcxproj]
C:\Users\samue\repos\redis-windows\build_work\redis\build\patched\src\localtime.c(52,41): warning C4244: '=': conversion from 'const time_t' to 'int', possible loss of data [C:\Users\samue\repos\redis-windows\build_work\redis\build\src\redis-server.vcxproj]
C:\Users\samue\repos\redis-windows\build_work\redis\build\patched\src\localtime.c(68,20): warning C4244: '=': conversion from 'time_t' to 'int', possible loss of data [C:\Users\samue\repos\redis-windows\build_work\redis\build\src\redis-server.vcxproj]
C:\Users\samue\repos\redis-windows\build_work\redis\build\patched\src\localtime.c(82,24): warning C4244: '=': conversion from 'time_t' to 'int', possible loss of data [C:\Users\samue\repos\redis-windows\build_work\redis\build\src\redis-server.vcxproj]
  lolwut.c
C:\Users\samue\repos\redis-windows\build_work\redis\build\msvc_compat.h(156,9): warning C4028: formal parameter 1 different from declaration [C:\Users\samue\repos\redis-windows\build_work\redis\build\src\redis-server.vcxproj]
  (compiling source file '../patched/src/lolwut.c')
  
C:\Users\samue\repos\redis-windows\build_work\redis\build\msvc_compat.h(157,9): warning C4028: formal parameter 1 different from declaration [C:\Users\samue\repos\redis-windows\build_work\redis\build\src\redis-server.vcxproj]
  (compiling source file '../patched/src/lolwut.c')
  
C:\Users\samue\repos\redis-windows\build_work\redis\build\msvc_compat.h(164,5): warning C4028: formal parameter 1 different from declaration [C:\Users\samue\repos\redis-windows\build_work\redis\build\src\redis-server.vcxproj]
  (compiling source file '../patched/src/lolwut.c')
  
C:\Users\samue\repos\redis-windows\build_work\redis\build\patched\src\sds.h(146,34): warning C4267: '=': conversion from 'size_t' to 'unsigned char', possible loss of data [C:\Users\samue\repos\redis-windows\build_work\redis\build\src\redis-server.vcxproj]
  (compiling source file '../patched/src/lolwut.c')
  
C:\Users\samue\repos\redis-windows\build_work\redis\build\patched\src\sds.h(150,33): warning C4267: '=': conversion from 'size_t' to 'uint8_t', possible loss of data [C:\Users\samue\repos\redis-windows\build_work\redis\build\src\redis-server.vcxproj]
  (compiling source file '../patched/src/lolwut.c')
  
C:\Users\samue\repos\redis-windows\build_work\redis\build\patched\src\sds.h(153,34): warning C4267: '=': conversion from 'size_t' to 'uint16_t', possible loss of data [C:\Users\samue\repos\redis-windows\build_work\redis\build\src\redis-server.vcxproj]
  (compiling source file '../patched/src/lolwut.c')
  
C:\Users\samue\repos\redis-windows\build_work\redis\build\patched\src\sds.h(156,34): warning C4267: '=': conversion from 'size_t' to 'uint32_t', possible loss of data [C:\Users\samue\repos\redis-windows\build_work\redis\build\src\redis-server.vcxproj]
  (compiling source file '../patched/src/lolwut.c')
  
C:\Users\samue\repos\redis-windows\build_work\redis\build\patched\src\sds.h(174,34): warning C4267: '+=': conversion from 'size_t' to 'uint8_t', possible loss of data [C:\Users\samue\repos\redis-windows\build_work\redis\build\src\redis-server.vcxproj]
  (compiling source file '../patched/src/lolwut.c')
  
C:\Users\samue\repos\redis-windows\build_work\redis\build\patched\src\sds.h(177,35): warning C4267: '+=': conversion from 'size_t' to 'uint16_t', possible loss of data [C:\Users\samue\repos\redis-windows\build_work\redis\build\src\redis-server.vcxproj]
  (compiling source file '../patched/src/lolwut.c')
  
C:\Users\samue\repos\redis-windows\build_work\redis\build\patched\src\sds.h(180,35): warning C4267: '+=': conversion from 'size_t' to 'uint32_t', possible loss of data [C:\Users\samue\repos\redis-windows\build_work\redis\build\src\redis-server.vcxproj]
  (compiling source file '../patched/src/lolwut.c')
  
C:\Users\samue\repos\redis-windows\build_work\redis\build\patched\src\sds.h(169,57): warning C4267: 'initializing': conversion from 'size_t' to 'unsigned char', possible loss of data [C:\Users\samue\repos\redis-windows\build_work\redis\build\src\redis-server.vcxproj]
  (compiling source file '../patched/src/lolwut.c')
  
C:\Users\samue\repos\redis-windows\build_work\redis\build\patched\src\sds.h(234,50): warning C4267: '=': conversion from 'size_t' to 'uint8_t', possible loss of data [C:\Users\samue\repos\redis-windows\build_work\redis\build\src\redis-server.vcxproj]
  (compiling source file '../patched/src/lolwut.c')
  
C:\Users\samue\repos\redis-windows\build_work\redis\build\patched\src\sds.h(237,53): warning C4267: '=': conversion from 'size_t' to 'uint16_t', possible loss of data [C:\Users\samue\repos\redis-windows\build_work\redis\build\src\redis-server.vcxproj]
  (compiling source file '../patched/src/lolwut.c')
  
C:\Users\samue\repos\redis-windows\build_work\redis\build\patched\src\sds.h(240,36): warning C4267: '=': conversion from 'size_t' to 'uint32_t', possible loss of data [C:\Users\samue\repos\redis-windows\build_work\redis\build\src\redis-server.vcxproj]
  (compiling source file '../patched/src/lolwut.c')
  
C:\Users\samue\repos\redis-windows\build_work\redis\build\patched\src\lolwut.c(158,13): warning C4305: '/=': truncation from 'double' to 'float' [C:\Users\samue\repos\redis-windows\build_work\redis\build\src\redis-server.vcxproj]
C:\Users\samue\repos\redis-windows\build_work\redis\build\patched\src\lolwut.c(159,12): warning C4244: '=': conversion from 'double' to 'float', possible loss of data [C:\Users\samue\repos\redis-windows\build_work\redis\build\src\redis-server.vcxproj]
C:\Users\samue\repos\redis-windows\build_work\redis\build\patched\src\lolwut.c(164,17): warning C4244: '=': conversion from 'double' to 'int', possible loss of data [C:\Users\samue\repos\redis-windows\build_work\redis\build\src\redis-server.vcxproj]
C:\Users\samue\repos\redis-windows\build_work\redis\build\patched\src\lolwut.c(165,17): warning C4244: '=': conversion from 'double' to 'int', possible loss of data [C:\Users\samue\repos\redis-windows\build_work\redis\build\src\redis-server.vcxproj]
C:\Users\samue\repos\redis-windows\build_work\redis\build\patched\src\lolwut.c(166,18): warning C4305: '+=': truncation from 'double' to 'float' [C:\Users\samue\repos\redis-windows\build_work\redis\build\src\redis-server.vcxproj]
C:\Users\samue\repos\redis-windows\build_work\redis\build\patched\src\lolwut.c(162,22): warning C4244: 'initializing': conversion from 'double' to 'float', possible loss of data [C:\Users\samue\repos\redis-windows\build_work\redis\build\src\redis-server.vcxproj]
  lolwut5.c
C:\Users\samue\repos\redis-windows\build_work\redis\build\msvc_compat.h(156,9): warning C4028: formal parameter 1 different from declaration [C:\Users\samue\repos\redis-windows\build_work\redis\build\src\redis-server.vcxproj]
  (compiling source file '../patched/src/lolwut5.c')
  
C:\Users\samue\repos\redis-windows\build_work\redis\build\msvc_compat.h(157,9): warning C4028: formal parameter 1 different from declaration [C:\Users\samue\repos\redis-windows\build_work\redis\build\src\redis-server.vcxproj]
  (compiling source file '../patched/src/lolwut5.c')
  
C:\Users\samue\repos\redis-windows\build_work\redis\build\msvc_compat.h(164,5): warning C4028: formal parameter 1 different from declaration [C:\Users\samue\repos\redis-windows\build_work\redis\build\src\redis-server.vcxproj]
  (compiling source file '../patched/src/lolwut5.c')
  
C:\Users\samue\repos\redis-windows\build_work\redis\build\patched\src\sds.h(146,34): warning C4267: '=': conversion from 'size_t' to 'unsigned char', possible loss of data [C:\Users\samue\repos\redis-windows\build_work\redis\build\src\redis-server.vcxproj]
  (compiling source file '../patched/src/lolwut5.c')
  
C:\Users\samue\repos\redis-windows\build_work\redis\build\patched\src\sds.h(150,33): warning C4267: '=': conversion from 'size_t' to 'uint8_t', possible loss of data [C:\Users\samue\repos\redis-windows\build_work\redis\build\src\redis-server.vcxproj]
  (compiling source file '../patched/src/lolwut5.c')
  
C:\Users\samue\repos\redis-windows\build_work\redis\build\patched\src\sds.h(153,34): warning C4267: '=': conversion from 'size_t' to 'uint16_t', possible loss of data [C:\Users\samue\repos\redis-windows\build_work\redis\build\src\redis-server.vcxproj]
  (compiling source file '../patched/src/lolwut5.c')
  
C:\Users\samue\repos\redis-windows\build_work\redis\build\patched\src\sds.h(156,34): warning C4267: '=': conversion from 'size_t' to 'uint32_t', possible loss of data [C:\Users\samue\repos\redis-windows\build_work\redis\build\src\redis-server.vcxproj]
  (compiling source file '../patched/src/lolwut5.c')
  
C:\Users\samue\repos\redis-windows\build_work\redis\build\patched\src\sds.h(174,34): warning C4267: '+=': conversion from 'size_t' to 'uint8_t', possible loss of data [C:\Users\samue\repos\redis-windows\build_work\redis\build\src\redis-server.vcxproj]
  (compiling source file '../patched/src/lolwut5.c')
  
C:\Users\samue\repos\redis-windows\build_work\redis\build\patched\src\sds.h(177,35): warning C4267: '+=': conversion from 'size_t' to 'uint16_t', possible loss of data [C:\Users\samue\repos\redis-windows\build_work\redis\build\src\redis-server.vcxproj]
  (compiling source file '../patched/src/lolwut5.c')
  
C:\Users\samue\repos\redis-windows\build_work\redis\build\patched\src\sds.h(180,35): warning C4267: '+=': conversion from 'size_t' to 'uint32_t', possible loss of data [C:\Users\samue\repos\redis-windows\build_work\redis\build\src\redis-server.vcxproj]
  (compiling source file '../patched/src/lolwut5.c')
  
C:\Users\samue\repos\redis-windows\build_work\redis\build\patched\src\sds.h(169,57): warning C4267: 'initializing': conversion from 'size_t' to 'unsigned char', possible loss of data [C:\Users\samue\repos\redis-windows\build_work\redis\build\src\redis-server.vcxproj]
  (compiling source file '../patched/src/lolwut5.c')
  
C:\Users\samue\repos\redis-windows\build_work\redis\build\patched\src\sds.h(234,50): warning C4267: '=': conversion from 'size_t' to 'uint8_t', possible loss of data [C:\Users\samue\repos\redis-windows\build_work\redis\build\src\redis-server.vcxproj]
  (compiling source file '../patched/src/lolwut5.c')
  
C:\Users\samue\repos\redis-windows\build_work\redis\build\patched\src\sds.h(237,53): warning C4267: '=': conversion from 'size_t' to 'uint16_t', possible loss of data [C:\Users\samue\repos\redis-windows\build_work\redis\build\src\redis-server.vcxproj]
  (compiling source file '../patched/src/lolwut5.c')
  
C:\Users\samue\repos\redis-windows\build_work\redis\build\patched\src\sds.h(240,36): warning C4267: '=': conversion from 'size_t' to 'uint32_t', possible loss of data [C:\Users\samue\repos\redis-windows\build_work\redis\build\src\redis-server.vcxproj]
  (compiling source file '../patched/src/lolwut5.c')
  
C:\Users\samue\repos\redis-windows\build_work\redis\build\patched\src\lolwut5.c(74,37): warning C4244: '+=': conversion from 'float' to 'int', possible loss of data [C:\Users\samue\repos\redis-windows\build_work\redis\build\src\redis-server.vcxproj]
C:\Users\samue\repos\redis-windows\build_work\redis\build\patched\src\lolwut5.c(75,37): warning C4244: '+=': conversion from 'float' to 'int', possible loss of data [C:\Users\samue\repos\redis-windows\build_work\redis\build\src\redis-server.vcxproj]
C:\Users\samue\repos\redis-windows\build_work\redis\build\patched\src\lolwut5.c(56,55): warning C4244: 'initializing': conversion from 'float' to 'int', possible loss of data [C:\Users\samue\repos\redis-windows\build_work\redis\build\src\redis-server.vcxproj]
C:\Users\samue\repos\redis-windows\build_work\redis\build\patched\src\lolwut5.c(61,54): warning C4244: 'initializing': conversion from 'float' to 'int', possible loss of data [C:\Users\samue\repos\redis-windows\build_work\redis\build\src\redis-server.vcxproj]
C:\Users\samue\repos\redis-windows\build_work\redis\build\patched\src\lolwut5.c(62,54): warning C4244: 'initializing': conversion from 'float' to 'int', possible loss of data [C:\Users\samue\repos\redis-windows\build_work\redis\build\src\redis-server.vcxproj]
  lolwut6.c
C:\Users\samue\repos\redis-windows\build_work\redis\build\msvc_compat.h(156,9): warning C4028: formal parameter 1 different from declaration [C:\Users\samue\repos\redis-windows\build_work\redis\build\src\redis-server.vcxproj]
  (compiling source file '../patched/src/lolwut6.c')
  
C:\Users\samue\repos\redis-windows\build_work\redis\build\msvc_compat.h(157,9): warning C4028: formal parameter 1 different from declaration [C:\Users\samue\repos\redis-windows\build_work\redis\build\src\redis-server.vcxproj]
  (compiling source file '../patched/src/lolwut6.c')
  
C:\Users\samue\repos\redis-windows\build_work\redis\build\msvc_compat.h(164,5): warning C4028: formal parameter 1 different from declaration [C:\Users\samue\repos\redis-windows\build_work\redis\build\src\redis-server.vcxproj]
  (compiling source file '../patched/src/lolwut6.c')
  
C:\Users\samue\repos\redis-windows\build_work\redis\build\patched\src\sds.h(146,34): warning C4267: '=': conversion from 'size_t' to 'unsigned char', possible loss of data [C:\Users\samue\repos\redis-windows\build_work\redis\build\src\redis-server.vcxproj]
  (compiling source file '../patched/src/lolwut6.c')
  
C:\Users\samue\repos\redis-windows\build_work\redis\build\patched\src\sds.h(150,33): warning C4267: '=': conversion from 'size_t' to 'uint8_t', possible loss of data [C:\Users\samue\repos\redis-windows\build_work\redis\build\src\redis-server.vcxproj]
  (compiling source file '../patched/src/lolwut6.c')
  
C:\Users\samue\repos\redis-windows\build_work\redis\build\patched\src\sds.h(153,34): warning C4267: '=': conversion from 'size_t' to 'uint16_t', possible loss of data [C:\Users\samue\repos\redis-windows\build_work\redis\build\src\redis-server.vcxproj]
  (compiling source file '../patched/src/lolwut6.c')
  
C:\Users\samue\repos\redis-windows\build_work\redis\build\patched\src\sds.h(156,34): warning C4267: '=': conversion from 'size_t' to 'uint32_t', possible loss of data [C:\Users\samue\repos\redis-windows\build_work\redis\build\src\redis-server.vcxproj]
  (compiling source file '../patched/src/lolwut6.c')
  
C:\Users\samue\repos\redis-windows\build_work\redis\build\patched\src\sds.h(174,34): warning C4267: '+=': conversion from 'size_t' to 'uint8_t', possible loss of data [C:\Users\samue\repos\redis-windows\build_work\redis\build\src\redis-server.vcxproj]
  (compiling source file '../patched/src/lolwut6.c')
  
C:\Users\samue\repos\redis-windows\build_work\redis\build\patched\src\sds.h(177,35): warning C4267: '+=': conversion from 'size_t' to 'uint16_t', possible loss of data [C:\Users\samue\repos\redis-windows\build_work\redis\build\src\redis-server.vcxproj]
  (compiling source file '../patched/src/lolwut6.c')
  
C:\Users\samue\repos\redis-windows\build_work\redis\build\patched\src\sds.h(180,35): warning C4267: '+=': conversion from 'size_t' to 'uint32_t', possible loss of data [C:\Users\samue\repos\redis-windows\build_work\redis\build\src\redis-server.vcxproj]
  (compiling source file '../patched/src/lolwut6.c')
  
C:\Users\samue\repos\redis-windows\build_work\redis\build\patched\src\sds.h(169,57): warning C4267: 'initializing': conversion from 'size_t' to 'unsigned char', possible loss of data [C:\Users\samue\repos\redis-windows\build_work\redis\build\src\redis-server.vcxproj]
  (compiling source file '../patched/src/lolwut6.c')
  
C:\Users\samue\repos\redis-windows\build_work\redis\build\patched\src\sds.h(234,50): warning C4267: '=': conversion from 'size_t' to 'uint8_t', possible loss of data [C:\Users\samue\repos\redis-windows\build_work\redis\build\src\redis-server.vcxproj]
  (compiling source file '../patched/src/lolwut6.c')
  
C:\Users\samue\repos\redis-windows\build_work\redis\build\patched\src\sds.h(237,53): warning C4267: '=': conversion from 'size_t' to 'uint16_t', possible loss of data [C:\Users\samue\repos\redis-windows\build_work\redis\build\src\redis-server.vcxproj]
  (compiling source file '../patched/src/lolwut6.c')
  
C:\Users\samue\repos\redis-windows\build_work\redis\build\patched\src\sds.h(240,36): warning C4267: '=': conversion from 'size_t' to 'uint32_t', possible loss of data [C:\Users\samue\repos\redis-windows\build_work\redis\build\src\redis-server.vcxproj]
  (compiling source file '../patched/src/lolwut6.c')
  
  acl.c
C:\Users\samue\repos\redis-windows\build_work\redis\build\msvc_compat.h(156,9): warning C4028: formal parameter 1 different from declaration [C:\Users\samue\repos\redis-windows\build_work\redis\build\src\redis-server.vcxproj]
  (compiling source file '../patched/src/acl.c')
  
C:\Users\samue\repos\redis-windows\build_work\redis\build\msvc_compat.h(157,9): warning C4028: formal parameter 1 different from declaration [C:\Users\samue\repos\redis-windows\build_work\redis\build\src\redis-server.vcxproj]
  (compiling source file '../patched/src/acl.c')
  
C:\Users\samue\repos\redis-windows\build_work\redis\build\msvc_compat.h(164,5): warning C4028: formal parameter 1 different from declaration [C:\Users\samue\repos\redis-windows\build_work\redis\build\src\redis-server.vcxproj]
  (compiling source file '../patched/src/acl.c')
  
C:\Users\samue\repos\redis-windows\build_work\redis\build\patched\src\sds.h(146,34): warning C4267: '=': conversion from 'size_t' to 'unsigned char', possible loss of data [C:\Users\samue\repos\redis-windows\build_work\redis\build\src\redis-server.vcxproj]
  (compiling source file '../patched/src/acl.c')
  
C:\Users\samue\repos\redis-windows\build_work\redis\build\patched\src\sds.h(150,33): warning C4267: '=': conversion from 'size_t' to 'uint8_t', possible loss of data [C:\Users\samue\repos\redis-windows\build_work\redis\build\src\redis-server.vcxproj]
  (compiling source file '../patched/src/acl.c')
  
C:\Users\samue\repos\redis-windows\build_work\redis\build\patched\src\sds.h(153,34): warning C4267: '=': conversion from 'size_t' to 'uint16_t', possible loss of data [C:\Users\samue\repos\redis-windows\build_work\redis\build\src\redis-server.vcxproj]
  (compiling source file '../patched/src/acl.c')
  
C:\Users\samue\repos\redis-windows\build_work\redis\build\patched\src\sds.h(156,34): warning C4267: '=': conversion from 'size_t' to 'uint32_t', possible loss of data [C:\Users\samue\repos\redis-windows\build_work\redis\build\src\redis-server.vcxproj]
  (compiling source file '../patched/src/acl.c')
  
C:\Users\samue\repos\redis-windows\build_work\redis\build\patched\src\sds.h(174,34): warning C4267: '+=': conversion from 'size_t' to 'uint8_t', possible loss of data [C:\Users\samue\repos\redis-windows\build_work\redis\build\src\redis-server.vcxproj]
  (compiling source file '../patched/src/acl.c')
  
C:\Users\samue\repos\redis-windows\build_work\redis\build\patched\src\sds.h(177,35): warning C4267: '+=': conversion from 'size_t' to 'uint16_t', possible loss of data [C:\Users\samue\repos\redis-windows\build_work\redis\build\src\redis-server.vcxproj]
  (compiling source file '../patched/src/acl.c')
  
C:\Users\samue\repos\redis-windows\build_work\redis\build\patched\src\sds.h(180,35): warning C4267: '+=': conversion from 'size_t' to 'uint32_t', possible loss of data [C:\Users\samue\repos\redis-windows\build_work\redis\build\src\redis-server.vcxproj]
  (compiling source file '../patched/src/acl.c')
  
C:\Users\samue\repos\redis-windows\build_work\redis\build\patched\src\sds.h(169,57): warning C4267: 'initializing': conversion from 'size_t' to 'unsigned char', possible loss of data [C:\Users\samue\repos\redis-windows\build_work\redis\build\src\redis-server.vcxproj]
  (compiling source file '../patched/src/acl.c')
  
C:\Users\samue\repos\redis-windows\build_work\redis\build\patched\src\sds.h(234,50): warning C4267: '=': conversion from 'size_t' to 'uint8_t', possible loss of data [C:\Users\samue\repos\redis-windows\build_work\redis\build\src\redis-server.vcxproj]
  (compiling source file '../patched/src/acl.c')
  
C:\Users\samue\repos\redis-windows\build_work\redis\build\patched\src\sds.h(237,53): warning C4267: '=': conversion from 'size_t' to 'uint16_t', possible loss of data [C:\Users\samue\repos\redis-windows\build_work\redis\build\src\redis-server.vcxproj]
  (compiling source file '../patched/src/acl.c')
  
C:\Users\samue\repos\redis-windows\build_work\redis\build\patched\src\sds.h(240,36): warning C4267: '=': conversion from 'size_t' to 'uint32_t', possible loss of data [C:\Users\samue\repos\redis-windows\build_work\redis\build\src\redis-server.vcxproj]
  (compiling source file '../patched/src/acl.c')
  
C:\Users\samue\repos\redis-windows\build_work\redis\build\patched\src\acl.c(1316,64): warning C4244: 'function': conversion from 'ssize_t' to 'int', possible loss of data [C:\Users\samue\repos\redis-windows\build_work\redis\build\src\redis-server.vcxproj]
C:\Users\samue\repos\redis-windows\build_work\redis\build\patched\src\acl.c(1335,64): warning C4244: 'function': conversion from 'ssize_t' to 'int', possible loss of data [C:\Users\samue\repos\redis-windows\build_work\redis\build\src\redis-server.vcxproj]
C:\Users\samue\repos\redis-windows\build_work\redis\build\patched\src\acl.c(1541,16): warning C4311: 'type cast': pointer truncation from 'void *' to 'unsigned long' [C:\Users\samue\repos\redis-windows\build_work\redis\build\src\redis-server.vcxproj]
C:\Users\samue\repos\redis-windows\build_work\redis\build\patched\src\acl.c(1544,15): warning C4312: 'type cast': conversion from 'unsigned long' to 'void *' of greater size [C:\Users\samue\repos\redis-windows\build_work\redis\build\src\redis-server.vcxproj]
C:\Users\samue\repos\redis-windows\build_work\redis\build\patched\src\acl.c(1607,46): warning C4267: 'function': conversion from 'size_t' to 'int', possible loss of data [C:\Users\samue\repos\redis-windows\build_work\redis\build\src\redis-server.vcxproj]
C:\Users\samue\repos\redis-windows\build_work\redis\build\patched\src\acl.c(1610,50): warning C4267: 'function': conversion from 'size_t' to 'int', possible loss of data [C:\Users\samue\repos\redis-windows\build_work\redis\build\src\redis-server.vcxproj]
C:\Users\samue\repos\redis-windows\build_work\redis\build\patched\src\acl.c(1667,52): warning C4267: 'function': conversion from 'size_t' to 'int', possible loss of data [C:\Users\samue\repos\redis-windows\build_work\redis\build\src\redis-server.vcxproj]
C:\Users\samue\repos\redis-windows\build_work\redis\build\patched\src\acl.c(1704,47): warning C4244: 'function': conversion from 'uint64_t' to 'unsigned long', possible loss of data [C:\Users\samue\repos\redis-windows\build_work\redis\build\src\redis-server.vcxproj]
C:\Users\samue\repos\redis-windows\build_work\redis\build\patched\src\acl.c(1737,65): warning C4267: 'function': conversion from 'size_t' to 'int', possible loss of data [C:\Users\samue\repos\redis-windows\build_work\redis\build\src\redis-server.vcxproj]
C:\Users\samue\repos\redis-windows\build_work\redis\build\patched\src\acl.c(1756,86): warning C4267: 'function': conversion from 'size_t' to 'int', possible loss of data [C:\Users\samue\repos\redis-windows\build_work\redis\build\src\redis-server.vcxproj]
C:\Users\samue\repos\redis-windows\build_work\redis\build\patched\src\acl.c(1845,62): warning C4267: 'function': conversion from 'size_t' to 'int', possible loss of data [C:\Users\samue\repos\redis-windows\build_work\redis\build\src\redis-server.vcxproj]
C:\Users\samue\repos\redis-windows\build_work\redis\build\patched\src\acl.c(1985,68): warning C4267: 'function': conversion from 'size_t' to 'int', possible loss of data [C:\Users\samue\repos\redis-windows\build_work\redis\build\src\redis-server.vcxproj]
C:\Users\samue\repos\redis-windows\build_work\redis\build\patched\src\acl.c(1997,72): warning C4267: 'function': conversion from 'size_t' to 'int', possible loss of data [C:\Users\samue\repos\redis-windows\build_work\redis\build\src\redis-server.vcxproj]
C:\Users\samue\repos\redis-windows\build_work\redis\build\patched\src\acl.c(2007,72): warning C4267: 'function': conversion from 'size_t' to 'int', possible loss of data [C:\Users\samue\repos\redis-windows\build_work\redis\build\src\redis-server.vcxproj]
C:\Users\samue\repos\redis-windows\build_work\redis\build\patched\src\acl.c(2987,28): warning C4244: 'function': conversion from 'uint64_t' to 'long', possible loss of data [C:\Users\samue\repos\redis-windows\build_work\redis\build\src\redis-server.vcxproj]
C:\Users\samue\repos\redis-windows\build_work\redis\build\patched\src\acl.c(3238,77): warning C4267: 'function': conversion from 'size_t' to 'int', possible loss of data [C:\Users\samue\repos\redis-windows\build_work\redis\build\src\redis-server.vcxproj]
  tracking.c
C:\Users\samue\repos\redis-windows\build_work\redis\build\msvc_compat.h(156,9): warning C4028: formal parameter 1 different from declaration [C:\Users\samue\repos\redis-windows\build_work\redis\build\src\redis-server.vcxproj]
  (compiling source file '../patched/src/tracking.c')
  
C:\Users\samue\repos\redis-windows\build_work\redis\build\msvc_compat.h(157,9): warning C4028: formal parameter 1 different from declaration [C:\Users\samue\repos\redis-windows\build_work\redis\build\src\redis-server.vcxproj]
  (compiling source file '../patched/src/tracking.c')
  
C:\Users\samue\repos\redis-windows\build_work\redis\build\msvc_compat.h(164,5): warning C4028: formal parameter 1 different from declaration [C:\Users\samue\repos\redis-windows\build_work\redis\build\src\redis-server.vcxproj]
  (compiling source file '../patched/src/tracking.c')
  
C:\Users\samue\repos\redis-windows\build_work\redis\build\patched\src\sds.h(146,34): warning C4267: '=': conversion from 'size_t' to 'unsigned char', possible loss of data [C:\Users\samue\repos\redis-windows\build_work\redis\build\src\redis-server.vcxproj]
  (compiling source file '../patched/src/tracking.c')
  
C:\Users\samue\repos\redis-windows\build_work\redis\build\patched\src\sds.h(150,33): warning C4267: '=': conversion from 'size_t' to 'uint8_t', possible loss of data [C:\Users\samue\repos\redis-windows\build_work\redis\build\src\redis-server.vcxproj]
  (compiling source file '../patched/src/tracking.c')
  
C:\Users\samue\repos\redis-windows\build_work\redis\build\patched\src\sds.h(153,34): warning C4267: '=': conversion from 'size_t' to 'uint16_t', possible loss of data [C:\Users\samue\repos\redis-windows\build_work\redis\build\src\redis-server.vcxproj]
  (compiling source file '../patched/src/tracking.c')
  
C:\Users\samue\repos\redis-windows\build_work\redis\build\patched\src\sds.h(156,34): warning C4267: '=': conversion from 'size_t' to 'uint32_t', possible loss of data [C:\Users\samue\repos\redis-windows\build_work\redis\build\src\redis-server.vcxproj]
  (compiling source file '../patched/src/tracking.c')
  
C:\Users\samue\repos\redis-windows\build_work\redis\build\patched\src\sds.h(174,34): warning C4267: '+=': conversion from 'size_t' to 'uint8_t', possible loss of data [C:\Users\samue\repos\redis-windows\build_work\redis\build\src\redis-server.vcxproj]
  (compiling source file '../patched/src/tracking.c')
  
C:\Users\samue\repos\redis-windows\build_work\redis\build\patched\src\sds.h(177,35): warning C4267: '+=': conversion from 'size_t' to 'uint16_t', possible loss of data [C:\Users\samue\repos\redis-windows\build_work\redis\build\src\redis-server.vcxproj]
  (compiling source file '../patched/src/tracking.c')
  
C:\Users\samue\repos\redis-windows\build_work\redis\build\patched\src\sds.h(180,35): warning C4267: '+=': conversion from 'size_t' to 'uint32_t', possible loss of data [C:\Users\samue\repos\redis-windows\build_work\redis\build\src\redis-server.vcxproj]
  (compiling source file '../patched/src/tracking.c')
  
C:\Users\samue\repos\redis-windows\build_work\redis\build\patched\src\sds.h(169,57): warning C4267: 'initializing': conversion from 'size_t' to 'unsigned char', possible loss of data [C:\Users\samue\repos\redis-windows\build_work\redis\build\src\redis-server.vcxproj]
  (compiling source file '../patched/src/tracking.c')
  
C:\Users\samue\repos\redis-windows\build_work\redis\build\patched\src\sds.h(234,50): warning C4267: '=': conversion from 'size_t' to 'uint8_t', possible loss of data [C:\Users\samue\repos\redis-windows\build_work\redis\build\src\redis-server.vcxproj]
  (compiling source file '../patched/src/tracking.c')
  
C:\Users\samue\repos\redis-windows\build_work\redis\build\patched\src\sds.h(237,53): warning C4267: '=': conversion from 'size_t' to 'uint16_t', possible loss of data [C:\Users\samue\repos\redis-windows\build_work\redis\build\src\redis-server.vcxproj]
  (compiling source file '../patched/src/tracking.c')
  
C:\Users\samue\repos\redis-windows\build_work\redis\build\patched\src\sds.h(240,36): warning C4267: '=': conversion from 'size_t' to 'uint32_t', possible loss of data [C:\Users\samue\repos\redis-windows\build_work\redis\build\src\redis-server.vcxproj]
  (compiling source file '../patched/src/tracking.c')
  
  socket.c
C:\Users\samue\repos\redis-windows\build_work\redis\build\msvc_compat.h(156,9): warning C4028: formal parameter 1 different from declaration [C:\Users\samue\repos\redis-windows\build_work\redis\build\src\redis-server.vcxproj]
  (compiling source file '../patched/src/socket.c')
  
C:\Users\samue\repos\redis-windows\build_work\redis\build\msvc_compat.h(157,9): warning C4028: formal parameter 1 different from declaration [C:\Users\samue\repos\redis-windows\build_work\redis\build\src\redis-server.vcxproj]
  (compiling source file '../patched/src/socket.c')
  
C:\Users\samue\repos\redis-windows\build_work\redis\build\msvc_compat.h(164,5): warning C4028: formal parameter 1 different from declaration [C:\Users\samue\repos\redis-windows\build_work\redis\build\src\redis-server.vcxproj]
  (compiling source file '../patched/src/socket.c')
  
C:\Users\samue\repos\redis-windows\build_work\redis\build\patched\src\sds.h(146,34): warning C4267: '=': conversion from 'size_t' to 'unsigned char', possible loss of data [C:\Users\samue\repos\redis-windows\build_work\redis\build\src\redis-server.vcxproj]
  (compiling source file '../patched/src/socket.c')
  
C:\Users\samue\repos\redis-windows\build_work\redis\build\patched\src\sds.h(150,33): warning C4267: '=': conversion from 'size_t' to 'uint8_t', possible loss of data [C:\Users\samue\repos\redis-windows\build_work\redis\build\src\redis-server.vcxproj]
  (compiling source file '../patched/src/socket.c')
  
C:\Users\samue\repos\redis-windows\build_work\redis\build\patched\src\sds.h(153,34): warning C4267: '=': conversion from 'size_t' to 'uint16_t', possible loss of data [C:\Users\samue\repos\redis-windows\build_work\redis\build\src\redis-server.vcxproj]
  (compiling source file '../patched/src/socket.c')
  
C:\Users\samue\repos\redis-windows\build_work\redis\build\patched\src\sds.h(156,34): warning C4267: '=': conversion from 'size_t' to 'uint32_t', possible loss of data [C:\Users\samue\repos\redis-windows\build_work\redis\build\src\redis-server.vcxproj]
  (compiling source file '../patched/src/socket.c')
  
C:\Users\samue\repos\redis-windows\build_work\redis\build\patched\src\sds.h(174,34): warning C4267: '+=': conversion from 'size_t' to 'uint8_t', possible loss of data [C:\Users\samue\repos\redis-windows\build_work\redis\build\src\redis-server.vcxproj]
  (compiling source file '../patched/src/socket.c')
  
C:\Users\samue\repos\redis-windows\build_work\redis\build\patched\src\sds.h(177,35): warning C4267: '+=': conversion from 'size_t' to 'uint16_t', possible loss of data [C:\Users\samue\repos\redis-windows\build_work\redis\build\src\redis-server.vcxproj]
  (compiling source file '../patched/src/socket.c')
  
C:\Users\samue\repos\redis-windows\build_work\redis\build\patched\src\sds.h(180,35): warning C4267: '+=': conversion from 'size_t' to 'uint32_t', possible loss of data [C:\Users\samue\repos\redis-windows\build_work\redis\build\src\redis-server.vcxproj]
  (compiling source file '../patched/src/socket.c')
  
C:\Users\samue\repos\redis-windows\build_work\redis\build\patched\src\sds.h(169,57): warning C4267: 'initializing': conversion from 'size_t' to 'unsigned char', possible loss of data [C:\Users\samue\repos\redis-windows\build_work\redis\build\src\redis-server.vcxproj]
  (compiling source file '../patched/src/socket.c')
  
C:\Users\samue\repos\redis-windows\build_work\redis\build\patched\src\sds.h(234,50): warning C4267: '=': conversion from 'size_t' to 'uint8_t', possible loss of data [C:\Users\samue\repos\redis-windows\build_work\redis\build\src\redis-server.vcxproj]
  (compiling source file '../patched/src/socket.c')
  
C:\Users\samue\repos\redis-windows\build_work\redis\build\patched\src\sds.h(237,53): warning C4267: '=': conversion from 'size_t' to 'uint16_t', possible loss of data [C:\Users\samue\repos\redis-windows\build_work\redis\build\src\redis-server.vcxproj]
  (compiling source file '../patched/src/socket.c')
  
C:\Users\samue\repos\redis-windows\build_work\redis\build\patched\src\sds.h(240,36): warning C4267: '=': conversion from 'size_t' to 'uint32_t', possible loss of data [C:\Users\samue\repos\redis-windows\build_work\redis\build\src\redis-server.vcxproj]
  (compiling source file '../patched/src/socket.c')
  
C:\Users\samue\repos\redis-windows\build_work\redis\build\patched\src\socket.c(136,15): warning C4244: 'initializing': conversion from 'ssize_t' to 'int', possible loss of data [C:\Users\samue\repos\redis-windows\build_work\redis\build\src\redis-server.vcxproj]
C:\Users\samue\repos\redis-windows\build_work\redis\build\patched\src\socket.c(166,15): warning C4244: 'initializing': conversion from 'ssize_t' to 'int', possible loss of data [C:\Users\samue\repos\redis-windows\build_work\redis\build\src\redis-server.vcxproj]
  Compiling...
  tls.c
C:\Users\samue\repos\redis-windows\build_work\redis\build\msvc_compat.h(156,9): warning C4028: formal parameter 1 different from declaration [C:\Users\samue\repos\redis-windows\build_work\redis\build\src\redis-server.vcxproj]
  (compiling source file '../patched/src/tls.c')
  
C:\Users\samue\repos\redis-windows\build_work\redis\build\msvc_compat.h(157,9): warning C4028: formal parameter 1 different from declaration [C:\Users\samue\repos\redis-windows\build_work\redis\build\src\redis-server.vcxproj]
  (compiling source file '../patched/src/tls.c')
  
C:\Users\samue\repos\redis-windows\build_work\redis\build\msvc_compat.h(164,5): warning C4028: formal parameter 1 different from declaration [C:\Users\samue\repos\redis-windows\build_work\redis\build\src\redis-server.vcxproj]
  (compiling source file '../patched/src/tls.c')
  
C:\Users\samue\repos\redis-windows\build_work\redis\build\patched\src\sds.h(146,34): warning C4267: '=': conversion from 'size_t' to 'unsigned char', possible loss of data [C:\Users\samue\repos\redis-windows\build_work\redis\build\src\redis-server.vcxproj]
  (compiling source file '../patched/src/tls.c')
  
C:\Users\samue\repos\redis-windows\build_work\redis\build\patched\src\sds.h(150,33): warning C4267: '=': conversion from 'size_t' to 'uint8_t', possible loss of data [C:\Users\samue\repos\redis-windows\build_work\redis\build\src\redis-server.vcxproj]
  (compiling source file '../patched/src/tls.c')
  
C:\Users\samue\repos\redis-windows\build_work\redis\build\patched\src\sds.h(153,34): warning C4267: '=': conversion from 'size_t' to 'uint16_t', possible loss of data [C:\Users\samue\repos\redis-windows\build_work\redis\build\src\redis-server.vcxproj]
  (compiling source file '../patched/src/tls.c')
  
C:\Users\samue\repos\redis-windows\build_work\redis\build\patched\src\sds.h(156,34): warning C4267: '=': conversion from 'size_t' to 'uint32_t', possible loss of data [C:\Users\samue\repos\redis-windows\build_work\redis\build\src\redis-server.vcxproj]
  (compiling source file '../patched/src/tls.c')
  
C:\Users\samue\repos\redis-windows\build_work\redis\build\patched\src\sds.h(174,34): warning C4267: '+=': conversion from 'size_t' to 'uint8_t', possible loss of data [C:\Users\samue\repos\redis-windows\build_work\redis\build\src\redis-server.vcxproj]
  (compiling source file '../patched/src/tls.c')
  
C:\Users\samue\repos\redis-windows\build_work\redis\build\patched\src\sds.h(177,35): warning C4267: '+=': conversion from 'size_t' to 'uint16_t', possible loss of data [C:\Users\samue\repos\redis-windows\build_work\redis\build\src\redis-server.vcxproj]
  (compiling source file '../patched/src/tls.c')
  
C:\Users\samue\repos\redis-windows\build_work\redis\build\patched\src\sds.h(180,35): warning C4267: '+=': conversion from 'size_t' to 'uint32_t', possible loss of data [C:\Users\samue\repos\redis-windows\build_work\redis\build\src\redis-server.vcxproj]
  (compiling source file '../patched/src/tls.c')
  
C:\Users\samue\repos\redis-windows\build_work\redis\build\patched\src\sds.h(169,57): warning C4267: 'initializing': conversion from 'size_t' to 'unsigned char', possible loss of data [C:\Users\samue\repos\redis-windows\build_work\redis\build\src\redis-server.vcxproj]
  (compiling source file '../patched/src/tls.c')
  
C:\Users\samue\repos\redis-windows\build_work\redis\build\patched\src\sds.h(234,50): warning C4267: '=': conversion from 'size_t' to 'uint8_t', possible loss of data [C:\Users\samue\repos\redis-windows\build_work\redis\build\src\redis-server.vcxproj]
  (compiling source file '../patched/src/tls.c')
  
C:\Users\samue\repos\redis-windows\build_work\redis\build\patched\src\sds.h(237,53): warning C4267: '=': conversion from 'size_t' to 'uint16_t', possible loss of data [C:\Users\samue\repos\redis-windows\build_work\redis\build\src\redis-server.vcxproj]
  (compiling source file '../patched/src/tls.c')
  
C:\Users\samue\repos\redis-windows\build_work\redis\build\patched\src\sds.h(240,36): warning C4267: '=': conversion from 'size_t' to 'uint32_t', possible loss of data [C:\Users\samue\repos\redis-windows\build_work\redis\build\src\redis-server.vcxproj]
  (compiling source file '../patched/src/tls.c')
  
  sha256.c
C:\Users\samue\repos\redis-windows\build_work\redis\build\msvc_compat.h(156,9): warning C4028: formal parameter 1 different from declaration [C:\Users\samue\repos\redis-windows\build_work\redis\build\src\redis-server.vcxproj]
  (compiling source file '../patched/src/sha256.c')
  
C:\Users\samue\repos\redis-windows\build_work\redis\build\msvc_compat.h(157,9): warning C4028: formal parameter 1 different from declaration [C:\Users\samue\repos\redis-windows\build_work\redis\build\src\redis-server.vcxproj]
  (compiling source file '../patched/src/sha256.c')
  
C:\Users\samue\repos\redis-windows\build_work\redis\build\msvc_compat.h(164,5): warning C4028: formal parameter 1 different from declaration [C:\Users\samue\repos\redis-windows\build_work\redis\build\src\redis-server.vcxproj]
  (compiling source file '../patched/src/sha256.c')
  
C:\Users\samue\repos\redis-windows\build_work\redis\build\patched\src\sha256.c(141,21): warning C4244: '=': conversion from 'unsigned __int64' to 'BYTE', possible loss of data [C:\Users\samue\repos\redis-windows\build_work\redis\build\src\redis-server.vcxproj]
C:\Users\samue\repos\redis-windows\build_work\redis\build\patched\src\sha256.c(142,30): warning C4244: '=': conversion from 'unsigned __int64' to 'BYTE', possible loss of data [C:\Users\samue\repos\redis-windows\build_work\redis\build\src\redis-server.vcxproj]
C:\Users\samue\repos\redis-windows\build_work\redis\build\patched\src\sha256.c(143,30): warning C4244: '=': conversion from 'unsigned __int64' to 'BYTE', possible loss of data [C:\Users\samue\repos\redis-windows\build_work\redis\build\src\redis-server.vcxproj]
C:\Users\samue\repos\redis-windows\build_work\redis\build\patched\src\sha256.c(144,30): warning C4244: '=': conversion from 'unsigned __int64' to 'BYTE', possible loss of data [C:\Users\samue\repos\redis-windows\build_work\redis\build\src\redis-server.vcxproj]
C:\Users\samue\repos\redis-windows\build_work\redis\build\patched\src\sha256.c(145,30): warning C4244: '=': conversion from 'unsigned __int64' to 'BYTE', possible loss of data [C:\Users\samue\repos\redis-windows\build_work\redis\build\src\redis-server.vcxproj]
C:\Users\samue\repos\redis-windows\build_work\redis\build\patched\src\sha256.c(146,30): warning C4244: '=': conversion from 'unsigned __int64' to 'BYTE', possible loss of data [C:\Users\samue\repos\redis-windows\build_work\redis\build\src\redis-server.vcxproj]
C:\Users\samue\repos\redis-windows\build_work\redis\build\patched\src\sha256.c(147,30): warning C4244: '=': conversion from 'unsigned __int64' to 'BYTE', possible loss of data [C:\Users\samue\repos\redis-windows\build_work\redis\build\src\redis-server.vcxproj]
  timeout.c
C:\Users\samue\repos\redis-windows\build_work\redis\build\msvc_compat.h(156,9): warning C4028: formal parameter 1 different from declaration [C:\Users\samue\repos\redis-windows\build_work\redis\build\src\redis-server.vcxproj]
  (compiling source file '../patched/src/timeout.c')
  
C:\Users\samue\repos\redis-windows\build_work\redis\build\msvc_compat.h(157,9): warning C4028: formal parameter 1 different from declaration [C:\Users\samue\repos\redis-windows\build_work\redis\build\src\redis-server.vcxproj]
  (compiling source file '../patched/src/timeout.c')
  
C:\Users\samue\repos\redis-windows\build_work\redis\build\msvc_compat.h(164,5): warning C4028: formal parameter 1 different from declaration [C:\Users\samue\repos\redis-windows\build_work\redis\build\src\redis-server.vcxproj]
  (compiling source file '../patched/src/timeout.c')
  
C:\Users\samue\repos\redis-windows\build_work\redis\build\patched\src\sds.h(146,34): warning C4267: '=': conversion from 'size_t' to 'unsigned char', possible loss of data [C:\Users\samue\repos\redis-windows\build_work\redis\build\src\redis-server.vcxproj]
  (compiling source file '../patched/src/timeout.c')
  
C:\Users\samue\repos\redis-windows\build_work\redis\build\patched\src\sds.h(150,33): warning C4267: '=': conversion from 'size_t' to 'uint8_t', possible loss of data [C:\Users\samue\repos\redis-windows\build_work\redis\build\src\redis-server.vcxproj]
  (compiling source file '../patched/src/timeout.c')
  
C:\Users\samue\repos\redis-windows\build_work\redis\build\patched\src\sds.h(153,34): warning C4267: '=': conversion from 'size_t' to 'uint16_t', possible loss of data [C:\Users\samue\repos\redis-windows\build_work\redis\build\src\redis-server.vcxproj]
  (compiling source file '../patched/src/timeout.c')
  
C:\Users\samue\repos\redis-windows\build_work\redis\build\patched\src\sds.h(156,34): warning C4267: '=': conversion from 'size_t' to 'uint32_t', possible loss of data [C:\Users\samue\repos\redis-windows\build_work\redis\build\src\redis-server.vcxproj]
  (compiling source file '../patched/src/timeout.c')
  
C:\Users\samue\repos\redis-windows\build_work\redis\build\patched\src\sds.h(174,34): warning C4267: '+=': conversion from 'size_t' to 'uint8_t', possible loss of data [C:\Users\samue\repos\redis-windows\build_work\redis\build\src\redis-server.vcxproj]
  (compiling source file '../patched/src/timeout.c')
  
C:\Users\samue\repos\redis-windows\build_work\redis\build\patched\src\sds.h(177,35): warning C4267: '+=': conversion from 'size_t' to 'uint16_t', possible loss of data [C:\Users\samue\repos\redis-windows\build_work\redis\build\src\redis-server.vcxproj]
  (compiling source file '../patched/src/timeout.c')
  
C:\Users\samue\repos\redis-windows\build_work\redis\build\patched\src\sds.h(180,35): warning C4267: '+=': conversion from 'size_t' to 'uint32_t', possible loss of data [C:\Users\samue\repos\redis-windows\build_work\redis\build\src\redis-server.vcxproj]
  (compiling source file '../patched/src/timeout.c')
  
C:\Users\samue\repos\redis-windows\build_work\redis\build\patched\src\sds.h(169,57): warning C4267: 'initializing': conversion from 'size_t' to 'unsigned char', possible loss of data [C:\Users\samue\repos\redis-windows\build_work\redis\build\src\redis-server.vcxproj]
  (compiling source file '../patched/src/timeout.c')
  
C:\Users\samue\repos\redis-windows\build_work\redis\build\patched\src\sds.h(234,50): warning C4267: '=': conversion from 'size_t' to 'uint8_t', possible loss of data [C:\Users\samue\repos\redis-windows\build_work\redis\build\src\redis-server.vcxproj]
  (compiling source file '../patched/src/timeout.c')
  
C:\Users\samue\repos\redis-windows\build_work\redis\build\patched\src\sds.h(237,53): warning C4267: '=': conversion from 'size_t' to 'uint16_t', possible loss of data [C:\Users\samue\repos\redis-windows\build_work\redis\build\src\redis-server.vcxproj]
  (compiling source file '../patched/src/timeout.c')
  
C:\Users\samue\repos\redis-windows\build_work\redis\build\patched\src\sds.h(240,36): warning C4267: '=': conversion from 'size_t' to 'uint32_t', possible loss of data [C:\Users\samue\repos\redis-windows\build_work\redis\build\src\redis-server.vcxproj]
  (compiling source file '../patched/src/timeout.c')
  
  setcpuaffinity.c
C:\Users\samue\repos\redis-windows\build_work\redis\build\msvc_compat.h(156,9): warning C4028: formal parameter 1 different from declaration [C:\Users\samue\repos\redis-windows\build_work\redis\build\src\redis-server.vcxproj]
  (compiling source file '../patched/src/setcpuaffinity.c')
  
C:\Users\samue\repos\redis-windows\build_work\redis\build\msvc_compat.h(157,9): warning C4028: formal parameter 1 different from declaration [C:\Users\samue\repos\redis-windows\build_work\redis\build\src\redis-server.vcxproj]
  (compiling source file '../patched/src/setcpuaffinity.c')
  
C:\Users\samue\repos\redis-windows\build_work\redis\build\msvc_compat.h(164,5): warning C4028: formal parameter 1 different from declaration [C:\Users\samue\repos\redis-windows\build_work\redis\build\src\redis-server.vcxproj]
  (compiling source file '../patched/src/setcpuaffinity.c')
  
  monotonic.c
C:\Users\samue\repos\redis-windows\build_work\redis\build\msvc_compat.h(156,9): warning C4028: formal parameter 1 different from declaration [C:\Users\samue\repos\redis-windows\build_work\redis\build\src\redis-server.vcxproj]
  (compiling source file '../patched/src/monotonic.c')
  
C:\Users\samue\repos\redis-windows\build_work\redis\build\msvc_compat.h(157,9): warning C4028: formal parameter 1 different from declaration [C:\Users\samue\repos\redis-windows\build_work\redis\build\src\redis-server.vcxproj]
  (compiling source file '../patched/src/monotonic.c')
  
C:\Users\samue\repos\redis-windows\build_work\redis\build\msvc_compat.h(164,5): warning C4028: formal parameter 1 different from declaration [C:\Users\samue\repos\redis-windows\build_work\redis\build\src\redis-server.vcxproj]
  (compiling source file '../patched/src/monotonic.c')
  
  mt19937-64.c
C:\Users\samue\repos\redis-windows\build_work\redis\build\msvc_compat.h(156,9): warning C4028: formal parameter 1 different from declaration [C:\Users\samue\repos\redis-windows\build_work\redis\build\src\redis-server.vcxproj]
  (compiling source file '../patched/src/mt19937-64.c')
  
C:\Users\samue\repos\redis-windows\build_work\redis\build\msvc_compat.h(157,9): warning C4028: formal parameter 1 different from declaration [C:\Users\samue\repos\redis-windows\build_work\redis\build\src\redis-server.vcxproj]
  (compiling source file '../patched/src/mt19937-64.c')
  
C:\Users\samue\repos\redis-windows\build_work\redis\build\msvc_compat.h(164,5): warning C4028: formal parameter 1 different from declaration [C:\Users\samue\repos\redis-windows\build_work\redis\build\src\redis-server.vcxproj]
  (compiling source file '../patched/src/mt19937-64.c')
  
  resp_parser.c
C:\Users\samue\repos\redis-windows\build_work\redis\build\msvc_compat.h(156,9): warning C4028: formal parameter 1 different from declaration [C:\Users\samue\repos\redis-windows\build_work\redis\build\src\redis-server.vcxproj]
  (compiling source file '../patched/src/resp_parser.c')
  
C:\Users\samue\repos\redis-windows\build_work\redis\build\msvc_compat.h(157,9): warning C4028: formal parameter 1 different from declaration [C:\Users\samue\repos\redis-windows\build_work\redis\build\src\redis-server.vcxproj]
  (compiling source file '../patched/src/resp_parser.c')
  
C:\Users\samue\repos\redis-windows\build_work\redis\build\msvc_compat.h(164,5): warning C4028: formal parameter 1 different from declaration [C:\Users\samue\repos\redis-windows\build_work\redis\build\src\redis-server.vcxproj]
  (compiling source file '../patched/src/resp_parser.c')
  
C:\Users\samue\repos\redis-windows\build_work\redis\build\patched\src\sds.h(146,34): warning C4267: '=': conversion from 'size_t' to 'unsigned char', possible loss of data [C:\Users\samue\repos\redis-windows\build_work\redis\build\src\redis-server.vcxproj]
  (compiling source file '../patched/src/resp_parser.c')
  
C:\Users\samue\repos\redis-windows\build_work\redis\build\patched\src\sds.h(150,33): warning C4267: '=': conversion from 'size_t' to 'uint8_t', possible loss of data [C:\Users\samue\repos\redis-windows\build_work\redis\build\src\redis-server.vcxproj]
  (compiling source file '../patched/src/resp_parser.c')
  
C:\Users\samue\repos\redis-windows\build_work\redis\build\patched\src\sds.h(153,34): warning C4267: '=': conversion from 'size_t' to 'uint16_t', possible loss of data [C:\Users\samue\repos\redis-windows\build_work\redis\build\src\redis-server.vcxproj]
  (compiling source file '../patched/src/resp_parser.c')
  
C:\Users\samue\repos\redis-windows\build_work\redis\build\patched\src\sds.h(156,34): warning C4267: '=': conversion from 'size_t' to 'uint32_t', possible loss of data [C:\Users\samue\repos\redis-windows\build_work\redis\build\src\redis-server.vcxproj]
  (compiling source file '../patched/src/resp_parser.c')
  
C:\Users\samue\repos\redis-windows\build_work\redis\build\patched\src\sds.h(174,34): warning C4267: '+=': conversion from 'size_t' to 'uint8_t', possible loss of data [C:\Users\samue\repos\redis-windows\build_work\redis\build\src\redis-server.vcxproj]
  (compiling source file '../patched/src/resp_parser.c')
  
C:\Users\samue\repos\redis-windows\build_work\redis\build\patched\src\sds.h(177,35): warning C4267: '+=': conversion from 'size_t' to 'uint16_t', possible loss of data [C:\Users\samue\repos\redis-windows\build_work\redis\build\src\redis-server.vcxproj]
  (compiling source file '../patched/src/resp_parser.c')
  
C:\Users\samue\repos\redis-windows\build_work\redis\build\patched\src\sds.h(180,35): warning C4267: '+=': conversion from 'size_t' to 'uint32_t', possible loss of data [C:\Users\samue\repos\redis-windows\build_work\redis\build\src\redis-server.vcxproj]
  (compiling source file '../patched/src/resp_parser.c')
  
C:\Users\samue\repos\redis-windows\build_work\redis\build\patched\src\sds.h(169,57): warning C4267: 'initializing': conversion from 'size_t' to 'unsigned char', possible loss of data [C:\Users\samue\repos\redis-windows\build_work\redis\build\src\redis-server.vcxproj]
  (compiling source file '../patched/src/resp_parser.c')
  
C:\Users\samue\repos\redis-windows\build_work\redis\build\patched\src\sds.h(234,50): warning C4267: '=': conversion from 'size_t' to 'uint8_t', possible loss of data [C:\Users\samue\repos\redis-windows\build_work\redis\build\src\redis-server.vcxproj]
  (compiling source file '../patched/src/resp_parser.c')
  
C:\Users\samue\repos\redis-windows\build_work\redis\build\patched\src\sds.h(237,53): warning C4267: '=': conversion from 'size_t' to 'uint16_t', possible loss of data [C:\Users\samue\repos\redis-windows\build_work\redis\build\src\redis-server.vcxproj]
  (compiling source file '../patched/src/resp_parser.c')
  
C:\Users\samue\repos\redis-windows\build_work\redis\build\patched\src\sds.h(240,36): warning C4267: '=': conversion from 'size_t' to 'uint32_t', possible loss of data [C:\Users\samue\repos\redis-windows\build_work\redis\build\src\redis-server.vcxproj]
  (compiling source file '../patched/src/resp_parser.c')
  
  call_reply.c
C:\Users\samue\repos\redis-windows\build_work\redis\build\msvc_compat.h(156,9): warning C4028: formal parameter 1 different from declaration [C:\Users\samue\repos\redis-windows\build_work\redis\build\src\redis-server.vcxproj]
  (compiling source file '../patched/src/call_reply.c')
  
C:\Users\samue\repos\redis-windows\build_work\redis\build\msvc_compat.h(157,9): warning C4028: formal parameter 1 different from declaration [C:\Users\samue\repos\redis-windows\build_work\redis\build\src\redis-server.vcxproj]
  (compiling source file '../patched/src/call_reply.c')
  
C:\Users\samue\repos\redis-windows\build_work\redis\build\msvc_compat.h(164,5): warning C4028: formal parameter 1 different from declaration [C:\Users\samue\repos\redis-windows\build_work\redis\build\src\redis-server.vcxproj]
  (compiling source file '../patched/src/call_reply.c')
  
C:\Users\samue\repos\redis-windows\build_work\redis\build\patched\src\sds.h(146,34): warning C4267: '=': conversion from 'size_t' to 'unsigned char', possible loss of data [C:\Users\samue\repos\redis-windows\build_work\redis\build\src\redis-server.vcxproj]
  (compiling source file '../patched/src/call_reply.c')
  
C:\Users\samue\repos\redis-windows\build_work\redis\build\patched\src\sds.h(150,33): warning C4267: '=': conversion from 'size_t' to 'uint8_t', possible loss of data [C:\Users\samue\repos\redis-windows\build_work\redis\build\src\redis-server.vcxproj]
  (compiling source file '../patched/src/call_reply.c')
  
C:\Users\samue\repos\redis-windows\build_work\redis\build\patched\src\sds.h(153,34): warning C4267: '=': conversion from 'size_t' to 'uint16_t', possible loss of data [C:\Users\samue\repos\redis-windows\build_work\redis\build\src\redis-server.vcxproj]
  (compiling source file '../patched/src/call_reply.c')
  
C:\Users\samue\repos\redis-windows\build_work\redis\build\patched\src\sds.h(156,34): warning C4267: '=': conversion from 'size_t' to 'uint32_t', possible loss of data [C:\Users\samue\repos\redis-windows\build_work\redis\build\src\redis-server.vcxproj]
  (compiling source file '../patched/src/call_reply.c')
  
C:\Users\samue\repos\redis-windows\build_work\redis\build\patched\src\sds.h(174,34): warning C4267: '+=': conversion from 'size_t' to 'uint8_t', possible loss of data [C:\Users\samue\repos\redis-windows\build_work\redis\build\src\redis-server.vcxproj]
  (compiling source file '../patched/src/call_reply.c')
  
C:\Users\samue\repos\redis-windows\build_work\redis\build\patched\src\sds.h(177,35): warning C4267: '+=': conversion from 'size_t' to 'uint16_t', possible loss of data [C:\Users\samue\repos\redis-windows\build_work\redis\build\src\redis-server.vcxproj]
  (compiling source file '../patched/src/call_reply.c')
  
C:\Users\samue\repos\redis-windows\build_work\redis\build\patched\src\sds.h(180,35): warning C4267: '+=': conversion from 'size_t' to 'uint32_t', possible loss of data [C:\Users\samue\repos\redis-windows\build_work\redis\build\src\redis-server.vcxproj]
  (compiling source file '../patched/src/call_reply.c')
  
C:\Users\samue\repos\redis-windows\build_work\redis\build\patched\src\sds.h(169,57): warning C4267: 'initializing': conversion from 'size_t' to 'unsigned char', possible loss of data [C:\Users\samue\repos\redis-windows\build_work\redis\build\src\redis-server.vcxproj]
  (compiling source file '../patched/src/call_reply.c')
  
C:\Users\samue\repos\redis-windows\build_work\redis\build\patched\src\sds.h(234,50): warning C4267: '=': conversion from 'size_t' to 'uint8_t', possible loss of data [C:\Users\samue\repos\redis-windows\build_work\redis\build\src\redis-server.vcxproj]
  (compiling source file '../patched/src/call_reply.c')
  
C:\Users\samue\repos\redis-windows\build_work\redis\build\patched\src\sds.h(237,53): warning C4267: '=': conversion from 'size_t' to 'uint16_t', possible loss of data [C:\Users\samue\repos\redis-windows\build_work\redis\build\src\redis-server.vcxproj]
  (compiling source file '../patched/src/call_reply.c')
  
C:\Users\samue\repos\redis-windows\build_work\redis\build\patched\src\sds.h(240,36): warning C4267: '=': conversion from 'size_t' to 'uint32_t', possible loss of data [C:\Users\samue\repos\redis-windows\build_work\redis\build\src\redis-server.vcxproj]
  (compiling source file '../patched/src/call_reply.c')
  
C:\Users\samue\repos\redis-windows\build_work\redis\build\patched\src\call_reply.c(321,20): warning C4244: 'return': conversion from '__int64' to 'int', possible loss of data [C:\Users\samue\repos\redis-windows\build_work\redis\build\src\redis-server.vcxproj]
  script.c
C:\Users\samue\repos\redis-windows\build_work\redis\build\msvc_compat.h(156,9): warning C4028: formal parameter 1 different from declaration [C:\Users\samue\repos\redis-windows\build_work\redis\build\src\redis-server.vcxproj]
  (compiling source file '../patched/src/script.c')
  
C:\Users\samue\repos\redis-windows\build_work\redis\build\msvc_compat.h(157,9): warning C4028: formal parameter 1 different from declaration [C:\Users\samue\repos\redis-windows\build_work\redis\build\src\redis-server.vcxproj]
  (compiling source file '../patched/src/script.c')
  
C:\Users\samue\repos\redis-windows\build_work\redis\build\msvc_compat.h(164,5): warning C4028: formal parameter 1 different from declaration [C:\Users\samue\repos\redis-windows\build_work\redis\build\src\redis-server.vcxproj]
  (compiling source file '../patched/src/script.c')
  
C:\Users\samue\repos\redis-windows\build_work\redis\build\patched\src\sds.h(146,34): warning C4267: '=': conversion from 'size_t' to 'unsigned char', possible loss of data [C:\Users\samue\repos\redis-windows\build_work\redis\build\src\redis-server.vcxproj]
  (compiling source file '../patched/src/script.c')
  
C:\Users\samue\repos\redis-windows\build_work\redis\build\patched\src\sds.h(150,33): warning C4267: '=': conversion from 'size_t' to 'uint8_t', possible loss of data [C:\Users\samue\repos\redis-windows\build_work\redis\build\src\redis-server.vcxproj]
  (compiling source file '../patched/src/script.c')
  
C:\Users\samue\repos\redis-windows\build_work\redis\build\patched\src\sds.h(153,34): warning C4267: '=': conversion from 'size_t' to 'uint16_t', possible loss of data [C:\Users\samue\repos\redis-windows\build_work\redis\build\src\redis-server.vcxproj]
  (compiling source file '../patched/src/script.c')
  
C:\Users\samue\repos\redis-windows\build_work\redis\build\patched\src\sds.h(156,34): warning C4267: '=': conversion from 'size_t' to 'uint32_t', possible loss of data [C:\Users\samue\repos\redis-windows\build_work\redis\build\src\redis-server.vcxproj]
  (compiling source file '../patched/src/script.c')
  
C:\Users\samue\repos\redis-windows\build_work\redis\build\patched\src\sds.h(174,34): warning C4267: '+=': conversion from 'size_t' to 'uint8_t', possible loss of data [C:\Users\samue\repos\redis-windows\build_work\redis\build\src\redis-server.vcxproj]
  (compiling source file '../patched/src/script.c')
  
C:\Users\samue\repos\redis-windows\build_work\redis\build\patched\src\sds.h(177,35): warning C4267: '+=': conversion from 'size_t' to 'uint16_t', possible loss of data [C:\Users\samue\repos\redis-windows\build_work\redis\build\src\redis-server.vcxproj]
  (compiling source file '../patched/src/script.c')
  
C:\Users\samue\repos\redis-windows\build_work\redis\build\patched\src\sds.h(180,35): warning C4267: '+=': conversion from 'size_t' to 'uint32_t', possible loss of data [C:\Users\samue\repos\redis-windows\build_work\redis\build\src\redis-server.vcxproj]
  (compiling source file '../patched/src/script.c')
  
C:\Users\samue\repos\redis-windows\build_work\redis\build\patched\src\sds.h(169,57): warning C4267: 'initializing': conversion from 'size_t' to 'unsigned char', possible loss of data [C:\Users\samue\repos\redis-windows\build_work\redis\build\src\redis-server.vcxproj]
  (compiling source file '../patched/src/script.c')
  
C:\Users\samue\repos\redis-windows\build_work\redis\build\patched\src\sds.h(234,50): warning C4267: '=': conversion from 'size_t' to 'uint8_t', possible loss of data [C:\Users\samue\repos\redis-windows\build_work\redis\build\src\redis-server.vcxproj]
  (compiling source file '../patched/src/script.c')
  
C:\Users\samue\repos\redis-windows\build_work\redis\build\patched\src\sds.h(237,53): warning C4267: '=': conversion from 'size_t' to 'uint16_t', possible loss of data [C:\Users\samue\repos\redis-windows\build_work\redis\build\src\redis-server.vcxproj]
  (compiling source file '../patched/src/script.c')
  
C:\Users\samue\repos\redis-windows\build_work\redis\build\patched\src\sds.h(240,36): warning C4267: '=': conversion from 'size_t' to 'uint32_t', possible loss of data [C:\Users\samue\repos\redis-windows\build_work\redis\build\src\redis-server.vcxproj]
  (compiling source file '../patched/src/script.c')
  
  functions.c
C:\Users\samue\repos\redis-windows\build_work\redis\build\msvc_compat.h(156,9): warning C4028: formal parameter 1 different from declaration [C:\Users\samue\repos\redis-windows\build_work\redis\build\src\redis-server.vcxproj]
  (compiling source file '../patched/src/functions.c')
  
C:\Users\samue\repos\redis-windows\build_work\redis\build\msvc_compat.h(157,9): warning C4028: formal parameter 1 different from declaration [C:\Users\samue\repos\redis-windows\build_work\redis\build\src\redis-server.vcxproj]
  (compiling source file '../patched/src/functions.c')
  
C:\Users\samue\repos\redis-windows\build_work\redis\build\msvc_compat.h(164,5): warning C4028: formal parameter 1 different from declaration [C:\Users\samue\repos\redis-windows\build_work\redis\build\src\redis-server.vcxproj]
  (compiling source file '../patched/src/functions.c')
  
C:\Users\samue\repos\redis-windows\build_work\redis\build\patched\src\sds.h(146,34): warning C4267: '=': conversion from 'size_t' to 'unsigned char', possible loss of data [C:\Users\samue\repos\redis-windows\build_work\redis\build\src\redis-server.vcxproj]
  (compiling source file '../patched/src/functions.c')
  
C:\Users\samue\repos\redis-windows\build_work\redis\build\patched\src\sds.h(150,33): warning C4267: '=': conversion from 'size_t' to 'uint8_t', possible loss of data [C:\Users\samue\repos\redis-windows\build_work\redis\build\src\redis-server.vcxproj]
  (compiling source file '../patched/src/functions.c')
  
C:\Users\samue\repos\redis-windows\build_work\redis\build\patched\src\sds.h(153,34): warning C4267: '=': conversion from 'size_t' to 'uint16_t', possible loss of data [C:\Users\samue\repos\redis-windows\build_work\redis\build\src\redis-server.vcxproj]
  (compiling source file '../patched/src/functions.c')
  
C:\Users\samue\repos\redis-windows\build_work\redis\build\patched\src\sds.h(156,34): warning C4267: '=': conversion from 'size_t' to 'uint32_t', possible loss of data [C:\Users\samue\repos\redis-windows\build_work\redis\build\src\redis-server.vcxproj]
  (compiling source file '../patched/src/functions.c')
  
C:\Users\samue\repos\redis-windows\build_work\redis\build\patched\src\sds.h(174,34): warning C4267: '+=': conversion from 'size_t' to 'uint8_t', possible loss of data [C:\Users\samue\repos\redis-windows\build_work\redis\build\src\redis-server.vcxproj]
  (compiling source file '../patched/src/functions.c')
  
C:\Users\samue\repos\redis-windows\build_work\redis\build\patched\src\sds.h(177,35): warning C4267: '+=': conversion from 'size_t' to 'uint16_t', possible loss of data [C:\Users\samue\repos\redis-windows\build_work\redis\build\src\redis-server.vcxproj]
  (compiling source file '../patched/src/functions.c')
  
C:\Users\samue\repos\redis-windows\build_work\redis\build\patched\src\sds.h(180,35): warning C4267: '+=': conversion from 'size_t' to 'uint32_t', possible loss of data [C:\Users\samue\repos\redis-windows\build_work\redis\build\src\redis-server.vcxproj]
  (compiling source file '../patched/src/functions.c')
  
C:\Users\samue\repos\redis-windows\build_work\redis\build\patched\src\sds.h(169,57): warning C4267: 'initializing': conversion from 'size_t' to 'unsigned char', possible loss of data [C:\Users\samue\repos\redis-windows\build_work\redis\build\src\redis-server.vcxproj]
  (compiling source file '../patched/src/functions.c')
  
C:\Users\samue\repos\redis-windows\build_work\redis\build\patched\src\sds.h(234,50): warning C4267: '=': conversion from 'size_t' to 'uint8_t', possible loss of data [C:\Users\samue\repos\redis-windows\build_work\redis\build\src\redis-server.vcxproj]
  (compiling source file '../patched/src/functions.c')
  
C:\Users\samue\repos\redis-windows\build_work\redis\build\patched\src\sds.h(237,53): warning C4267: '=': conversion from 'size_t' to 'uint16_t', possible loss of data [C:\Users\samue\repos\redis-windows\build_work\redis\build\src\redis-server.vcxproj]
  (compiling source file '../patched/src/functions.c')
  
C:\Users\samue\repos\redis-windows\build_work\redis\build\patched\src\sds.h(240,36): warning C4267: '=': conversion from 'size_t' to 'uint32_t', possible loss of data [C:\Users\samue\repos\redis-windows\build_work\redis\build\src\redis-server.vcxproj]
  (compiling source file '../patched/src/functions.c')
  
C:\Users\samue\repos\redis-windows\build_work\redis\build\patched\src\functions.c(540,47): warning C4267: 'function': conversion from 'size_t' to 'int', possible loss of data [C:\Users\samue\repos\redis-windows\build_work\redis\build\src\redis-server.vcxproj]
C:\Users\samue\repos\redis-windows\build_work\redis\build\patched\src\functions.c(540,79): warning C4267: 'function': conversion from 'size_t' to 'int', possible loss of data [C:\Users\samue\repos\redis-windows\build_work\redis\build\src\redis-server.vcxproj]
C:\Users\samue\repos\redis-windows\build_work\redis\build\patched\src\functions.c(579,41): warning C4267: 'function': conversion from 'size_t' to 'long', possible loss of data [C:\Users\samue\repos\redis-windows\build_work\redis\build\src\redis-server.vcxproj]
C:\Users\samue\repos\redis-windows\build_work\redis\build\patched\src\functions.c(1094,12): warning C4267: 'return': conversion from 'size_t' to 'unsigned long', possible loss of data [C:\Users\samue\repos\redis-windows\build_work\redis\build\src\redis-server.vcxproj]
C:\Users\samue\repos\redis-windows\build_work\redis\build\patched\src\functions.c(1105,12): warning C4267: 'return': conversion from 'size_t' to 'unsigned long', possible loss of data [C:\Users\samue\repos\redis-windows\build_work\redis\build\src\redis-server.vcxproj]
  commands.c
C:\Users\samue\repos\redis-windows\build_work\redis\build\msvc_compat.h(156,9): warning C4028: formal parameter 1 different from declaration [C:\Users\samue\repos\redis-windows\build_work\redis\build\src\redis-server.vcxproj]
  (compiling source file '../patched/src/commands.c')
  
C:\Users\samue\repos\redis-windows\build_work\redis\build\msvc_compat.h(157,9): warning C4028: formal parameter 1 different from declaration [C:\Users\samue\repos\redis-windows\build_work\redis\build\src\redis-server.vcxproj]
  (compiling source file '../patched/src/commands.c')
  
C:\Users\samue\repos\redis-windows\build_work\redis\build\msvc_compat.h(164,5): warning C4028: formal parameter 1 different from declaration [C:\Users\samue\repos\redis-windows\build_work\redis\build\src\redis-server.vcxproj]
  (compiling source file '../patched/src/commands.c')
  
C:\Users\samue\repos\redis-windows\build_work\redis\build\patched\src\sds.h(146,34): warning C4267: '=': conversion from 'size_t' to 'unsigned char', possible loss of data [C:\Users\samue\repos\redis-windows\build_work\redis\build\src\redis-server.vcxproj]
  (compiling source file '../patched/src/commands.c')
  
C:\Users\samue\repos\redis-windows\build_work\redis\build\patched\src\sds.h(150,33): warning C4267: '=': conversion from 'size_t' to 'uint8_t', possible loss of data [C:\Users\samue\repos\redis-windows\build_work\redis\build\src\redis-server.vcxproj]
  (compiling source file '../patched/src/commands.c')
  
C:\Users\samue\repos\redis-windows\build_work\redis\build\patched\src\sds.h(153,34): warning C4267: '=': conversion from 'size_t' to 'uint16_t', possible loss of data [C:\Users\samue\repos\redis-windows\build_work\redis\build\src\redis-server.vcxproj]
  (compiling source file '../patched/src/commands.c')
  
C:\Users\samue\repos\redis-windows\build_work\redis\build\patched\src\sds.h(156,34): warning C4267: '=': conversion from 'size_t' to 'uint32_t', possible loss of data [C:\Users\samue\repos\redis-windows\build_work\redis\build\src\redis-server.vcxproj]
  (compiling source file '../patched/src/commands.c')
  
C:\Users\samue\repos\redis-windows\build_work\redis\build\patched\src\sds.h(174,34): warning C4267: '+=': conversion from 'size_t' to 'uint8_t', possible loss of data [C:\Users\samue\repos\redis-windows\build_work\redis\build\src\redis-server.vcxproj]
  (compiling source file '../patched/src/commands.c')
  
C:\Users\samue\repos\redis-windows\build_work\redis\build\patched\src\sds.h(177,35): warning C4267: '+=': conversion from 'size_t' to 'uint16_t', possible loss of data [C:\Users\samue\repos\redis-windows\build_work\redis\build\src\redis-server.vcxproj]
  (compiling source file '../patched/src/commands.c')
  
C:\Users\samue\repos\redis-windows\build_work\redis\build\patched\src\sds.h(180,35): warning C4267: '+=': conversion from 'size_t' to 'uint32_t', possible loss of data [C:\Users\samue\repos\redis-windows\build_work\redis\build\src\redis-server.vcxproj]
  (compiling source file '../patched/src/commands.c')
  
C:\Users\samue\repos\redis-windows\build_work\redis\build\patched\src\sds.h(169,57): warning C4267: 'initializing': conversion from 'size_t' to 'unsigned char', possible loss of data [C:\Users\samue\repos\redis-windows\build_work\redis\build\src\redis-server.vcxproj]
  (compiling source file '../patched/src/commands.c')
  
C:\Users\samue\repos\redis-windows\build_work\redis\build\patched\src\sds.h(234,50): warning C4267: '=': conversion from 'size_t' to 'uint8_t', possible loss of data [C:\Users\samue\repos\redis-windows\build_work\redis\build\src\redis-server.vcxproj]
  (compiling source file '../patched/src/commands.c')
  
C:\Users\samue\repos\redis-windows\build_work\redis\build\patched\src\sds.h(237,53): warning C4267: '=': conversion from 'size_t' to 'uint16_t', possible loss of data [C:\Users\samue\repos\redis-windows\build_work\redis\build\src\redis-server.vcxproj]
  (compiling source file '../patched/src/commands.c')
  
C:\Users\samue\repos\redis-windows\build_work\redis\build\patched\src\sds.h(240,36): warning C4267: '=': conversion from 'size_t' to 'uint32_t', possible loss of data [C:\Users\samue\repos\redis-windows\build_work\redis\build\src\redis-server.vcxproj]
  (compiling source file '../patched/src/commands.c')
  
  strl.c
C:\Users\samue\repos\redis-windows\build_work\redis\build\msvc_compat.h(156,9): warning C4028: formal parameter 1 different from declaration [C:\Users\samue\repos\redis-windows\build_work\redis\build\src\redis-server.vcxproj]
  (compiling source file '../patched/src/strl.c')
  
C:\Users\samue\repos\redis-windows\build_work\redis\build\msvc_compat.h(157,9): warning C4028: formal parameter 1 different from declaration [C:\Users\samue\repos\redis-windows\build_work\redis\build\src\redis-server.vcxproj]
  (compiling source file '../patched/src/strl.c')
  
C:\Users\samue\repos\redis-windows\build_work\redis\build\msvc_compat.h(164,5): warning C4028: formal parameter 1 different from declaration [C:\Users\samue\repos\redis-windows\build_work\redis\build\src\redis-server.vcxproj]
  (compiling source file '../patched/src/strl.c')
  
  connection.c
C:\Users\samue\repos\redis-windows\build_work\redis\build\msvc_compat.h(156,9): warning C4028: formal parameter 1 different from declaration [C:\Users\samue\repos\redis-windows\build_work\redis\build\src\redis-server.vcxproj]
  (compiling source file '../patched/src/connection.c')
  
C:\Users\samue\repos\redis-windows\build_work\redis\build\msvc_compat.h(157,9): warning C4028: formal parameter 1 different from declaration [C:\Users\samue\repos\redis-windows\build_work\redis\build\src\redis-server.vcxproj]
  (compiling source file '../patched/src/connection.c')
  
C:\Users\samue\repos\redis-windows\build_work\redis\build\msvc_compat.h(164,5): warning C4028: formal parameter 1 different from declaration [C:\Users\samue\repos\redis-windows\build_work\redis\build\src\redis-server.vcxproj]
  (compiling source file '../patched/src/connection.c')
  
C:\Users\samue\repos\redis-windows\build_work\redis\build\patched\src\sds.h(146,34): warning C4267: '=': conversion from 'size_t' to 'unsigned char', possible loss of data [C:\Users\samue\repos\redis-windows\build_work\redis\build\src\redis-server.vcxproj]
  (compiling source file '../patched/src/connection.c')
  
C:\Users\samue\repos\redis-windows\build_work\redis\build\patched\src\sds.h(150,33): warning C4267: '=': conversion from 'size_t' to 'uint8_t', possible loss of data [C:\Users\samue\repos\redis-windows\build_work\redis\build\src\redis-server.vcxproj]
  (compiling source file '../patched/src/connection.c')
  
C:\Users\samue\repos\redis-windows\build_work\redis\build\patched\src\sds.h(153,34): warning C4267: '=': conversion from 'size_t' to 'uint16_t', possible loss of data [C:\Users\samue\repos\redis-windows\build_work\redis\build\src\redis-server.vcxproj]
  (compiling source file '../patched/src/connection.c')
  
C:\Users\samue\repos\redis-windows\build_work\redis\build\patched\src\sds.h(156,34): warning C4267: '=': conversion from 'size_t' to 'uint32_t', possible loss of data [C:\Users\samue\repos\redis-windows\build_work\redis\build\src\redis-server.vcxproj]
  (compiling source file '../patched/src/connection.c')
  
C:\Users\samue\repos\redis-windows\build_work\redis\build\patched\src\sds.h(174,34): warning C4267: '+=': conversion from 'size_t' to 'uint8_t', possible loss of data [C:\Users\samue\repos\redis-windows\build_work\redis\build\src\redis-server.vcxproj]
  (compiling source file '../patched/src/connection.c')
  
C:\Users\samue\repos\redis-windows\build_work\redis\build\patched\src\sds.h(177,35): warning C4267: '+=': conversion from 'size_t' to 'uint16_t', possible loss of data [C:\Users\samue\repos\redis-windows\build_work\redis\build\src\redis-server.vcxproj]
  (compiling source file '../patched/src/connection.c')
  
C:\Users\samue\repos\redis-windows\build_work\redis\build\patched\src\sds.h(180,35): warning C4267: '+=': conversion from 'size_t' to 'uint32_t', possible loss of data [C:\Users\samue\repos\redis-windows\build_work\redis\build\src\redis-server.vcxproj]
  (compiling source file '../patched/src/connection.c')
  
C:\Users\samue\repos\redis-windows\build_work\redis\build\patched\src\sds.h(169,57): warning C4267: 'initializing': conversion from 'size_t' to 'unsigned char', possible loss of data [C:\Users\samue\repos\redis-windows\build_work\redis\build\src\redis-server.vcxproj]
  (compiling source file '../patched/src/connection.c')
  
C:\Users\samue\repos\redis-windows\build_work\redis\build\patched\src\sds.h(234,50): warning C4267: '=': conversion from 'size_t' to 'uint8_t', possible loss of data [C:\Users\samue\repos\redis-windows\build_work\redis\build\src\redis-server.vcxproj]
  (compiling source file '../patched/src/connection.c')
  
C:\Users\samue\repos\redis-windows\build_work\redis\build\patched\src\sds.h(237,53): warning C4267: '=': conversion from 'size_t' to 'uint16_t', possible loss of data [C:\Users\samue\repos\redis-windows\build_work\redis\build\src\redis-server.vcxproj]
  (compiling source file '../patched/src/connection.c')
  
C:\Users\samue\repos\redis-windows\build_work\redis\build\patched\src\sds.h(240,36): warning C4267: '=': conversion from 'size_t' to 'uint32_t', possible loss of data [C:\Users\samue\repos\redis-windows\build_work\redis\build\src\redis-server.vcxproj]
  (compiling source file '../patched/src/connection.c')
  
  unix.c
C:\Users\samue\repos\redis-windows\build_work\redis\build\msvc_compat.h(156,9): warning C4028: formal parameter 1 different from declaration [C:\Users\samue\repos\redis-windows\build_work\redis\build\src\redis-server.vcxproj]
  (compiling source file '../patched/src/unix.c')
  
C:\Users\samue\repos\redis-windows\build_work\redis\build\msvc_compat.h(157,9): warning C4028: formal parameter 1 different from declaration [C:\Users\samue\repos\redis-windows\build_work\redis\build\src\redis-server.vcxproj]
  (compiling source file '../patched/src/unix.c')
  
C:\Users\samue\repos\redis-windows\build_work\redis\build\msvc_compat.h(164,5): warning C4028: formal parameter 1 different from declaration [C:\Users\samue\repos\redis-windows\build_work\redis\build\src\redis-server.vcxproj]
  (compiling source file '../patched/src/unix.c')
  
C:\Users\samue\repos\redis-windows\build_work\redis\build\patched\src\sds.h(146,34): warning C4267: '=': conversion from 'size_t' to 'unsigned char', possible loss of data [C:\Users\samue\repos\redis-windows\build_work\redis\build\src\redis-server.vcxproj]
  (compiling source file '../patched/src/unix.c')
  
C:\Users\samue\repos\redis-windows\build_work\redis\build\patched\src\sds.h(150,33): warning C4267: '=': conversion from 'size_t' to 'uint8_t', possible loss of data [C:\Users\samue\repos\redis-windows\build_work\redis\build\src\redis-server.vcxproj]
  (compiling source file '../patched/src/unix.c')
  
C:\Users\samue\repos\redis-windows\build_work\redis\build\patched\src\sds.h(153,34): warning C4267: '=': conversion from 'size_t' to 'uint16_t', possible loss of data [C:\Users\samue\repos\redis-windows\build_work\redis\build\src\redis-server.vcxproj]
  (compiling source file '../patched/src/unix.c')
  
C:\Users\samue\repos\redis-windows\build_work\redis\build\patched\src\sds.h(156,34): warning C4267: '=': conversion from 'size_t' to 'uint32_t', possible loss of data [C:\Users\samue\repos\redis-windows\build_work\redis\build\src\redis-server.vcxproj]
  (compiling source file '../patched/src/unix.c')
  
C:\Users\samue\repos\redis-windows\build_work\redis\build\patched\src\sds.h(174,34): warning C4267: '+=': conversion from 'size_t' to 'uint8_t', possible loss of data [C:\Users\samue\repos\redis-windows\build_work\redis\build\src\redis-server.vcxproj]
  (compiling source file '../patched/src/unix.c')
  
C:\Users\samue\repos\redis-windows\build_work\redis\build\patched\src\sds.h(177,35): warning C4267: '+=': conversion from 'size_t' to 'uint16_t', possible loss of data [C:\Users\samue\repos\redis-windows\build_work\redis\build\src\redis-server.vcxproj]
  (compiling source file '../patched/src/unix.c')
  
C:\Users\samue\repos\redis-windows\build_work\redis\build\patched\src\sds.h(180,35): warning C4267: '+=': conversion from 'size_t' to 'uint32_t', possible loss of data [C:\Users\samue\repos\redis-windows\build_work\redis\build\src\redis-server.vcxproj]
  (compiling source file '../patched/src/unix.c')
  
C:\Users\samue\repos\redis-windows\build_work\redis\build\patched\src\sds.h(169,57): warning C4267: 'initializing': conversion from 'size_t' to 'unsigned char', possible loss of data [C:\Users\samue\repos\redis-windows\build_work\redis\build\src\redis-server.vcxproj]
  (compiling source file '../patched/src/unix.c')
  
C:\Users\samue\repos\redis-windows\build_work\redis\build\patched\src\sds.h(234,50): warning C4267: '=': conversion from 'size_t' to 'uint8_t', possible loss of data [C:\Users\samue\repos\redis-windows\build_work\redis\build\src\redis-server.vcxproj]
  (compiling source file '../patched/src/unix.c')
  
C:\Users\samue\repos\redis-windows\build_work\redis\build\patched\src\sds.h(237,53): warning C4267: '=': conversion from 'size_t' to 'uint16_t', possible loss of data [C:\Users\samue\repos\redis-windows\build_work\redis\build\src\redis-server.vcxproj]
  (compiling source file '../patched/src/unix.c')
  
C:\Users\samue\repos\redis-windows\build_work\redis\build\patched\src\sds.h(240,36): warning C4267: '=': conversion from 'size_t' to 'uint32_t', possible loss of data [C:\Users\samue\repos\redis-windows\build_work\redis\build\src\redis-server.vcxproj]
  (compiling source file '../patched/src/unix.c')
  
  server.c
C:\Users\samue\repos\redis-windows\build_work\redis\build\msvc_compat.h(156,9): warning C4028: formal parameter 1 different from declaration [C:\Users\samue\repos\redis-windows\build_work\redis\build\src\redis-server.vcxproj]
  (compiling source file '../patched/src/server.c')
  
C:\Users\samue\repos\redis-windows\build_work\redis\build\msvc_compat.h(157,9): warning C4028: formal parameter 1 different from declaration [C:\Users\samue\repos\redis-windows\build_work\redis\build\src\redis-server.vcxproj]
  (compiling source file '../patched/src/server.c')
  
C:\Users\samue\repos\redis-windows\build_work\redis\build\msvc_compat.h(164,5): warning C4028: formal parameter 1 different from declaration [C:\Users\samue\repos\redis-windows\build_work\redis\build\src\redis-server.vcxproj]
  (compiling source file '../patched/src/server.c')
  
C:\Users\samue\repos\redis-windows\build_work\redis\build\patched\src\sds.h(146,34): warning C4267: '=': conversion from 'size_t' to 'unsigned char', possible loss of data [C:\Users\samue\repos\redis-windows\build_work\redis\build\src\redis-server.vcxproj]
  (compiling source file '../patched/src/server.c')
  
C:\Users\samue\repos\redis-windows\build_work\redis\build\patched\src\sds.h(150,33): warning C4267: '=': conversion from 'size_t' to 'uint8_t', possible loss of data [C:\Users\samue\repos\redis-windows\build_work\redis\build\src\redis-server.vcxproj]
  (compiling source file '../patched/src/server.c')
  
C:\Users\samue\repos\redis-windows\build_work\redis\build\patched\src\sds.h(153,34): warning C4267: '=': conversion from 'size_t' to 'uint16_t', possible loss of data [C:\Users\samue\repos\redis-windows\build_work\redis\build\src\redis-server.vcxproj]
  (compiling source file '../patched/src/server.c')
  
C:\Users\samue\repos\redis-windows\build_work\redis\build\patched\src\sds.h(156,34): warning C4267: '=': conversion from 'size_t' to 'uint32_t', possible loss of data [C:\Users\samue\repos\redis-windows\build_work\redis\build\src\redis-server.vcxproj]
  (compiling source file '../patched/src/server.c')
  
C:\Users\samue\repos\redis-windows\build_work\redis\build\patched\src\sds.h(174,34): warning C4267: '+=': conversion from 'size_t' to 'uint8_t', possible loss of data [C:\Users\samue\repos\redis-windows\build_work\redis\build\src\redis-server.vcxproj]
  (compiling source file '../patched/src/server.c')
  
C:\Users\samue\repos\redis-windows\build_work\redis\build\patched\src\sds.h(177,35): warning C4267: '+=': conversion from 'size_t' to 'uint16_t', possible loss of data [C:\Users\samue\repos\redis-windows\build_work\redis\build\src\redis-server.vcxproj]
  (compiling source file '../patched/src/server.c')
  
C:\Users\samue\repos\redis-windows\build_work\redis\build\patched\src\sds.h(180,35): warning C4267: '+=': conversion from 'size_t' to 'uint32_t', possible loss of data [C:\Users\samue\repos\redis-windows\build_work\redis\build\src\redis-server.vcxproj]
  (compiling source file '../patched/src/server.c')
  
C:\Users\samue\repos\redis-windows\build_work\redis\build\patched\src\sds.h(169,57): warning C4267: 'initializing': conversion from 'size_t' to 'unsigned char', possible loss of data [C:\Users\samue\repos\redis-windows\build_work\redis\build\src\redis-server.vcxproj]
  (compiling source file '../patched/src/server.c')
  
C:\Users\samue\repos\redis-windows\build_work\redis\build\patched\src\sds.h(234,50): warning C4267: '=': conversion from 'size_t' to 'uint8_t', possible loss of data [C:\Users\samue\repos\redis-windows\build_work\redis\build\src\redis-server.vcxproj]
  (compiling source file '../patched/src/server.c')
  
C:\Users\samue\repos\redis-windows\build_work\redis\build\patched\src\sds.h(237,53): warning C4267: '=': conversion from 'size_t' to 'uint16_t', possible loss of data [C:\Users\samue\repos\redis-windows\build_work\redis\build\src\redis-server.vcxproj]
  (compiling source file '../patched/src/server.c')
  
C:\Users\samue\repos\redis-windows\build_work\redis\build\patched\src\sds.h(240,36): warning C4267: '=': conversion from 'size_t' to 'uint32_t', possible loss of data [C:\Users\samue\repos\redis-windows\build_work\redis\build\src\redis-server.vcxproj]
  (compiling source file '../patched/src/server.c')
  
C:\Users\samue\repos\redis-windows\build_work\redis\build\patched\src\server.c(157,15): warning C4267: '=': conversion from 'size_t' to 'int', possible loss of data [C:\Users\samue\repos\redis-windows\build_work\redis\build\src\redis-server.vcxproj]
C:\Users\samue\repos\redis-windows\build_work\redis\build\patched\src\server.c(371,10): warning C4267: '=': conversion from 'size_t' to 'int', possible loss of data [C:\Users\samue\repos\redis-windows\build_work\redis\build\src\redis-server.vcxproj]
C:\Users\samue\repos\redis-windows\build_work\redis\build\patched\src\server.c(372,10): warning C4267: '=': conversion from 'size_t' to 'int', possible loss of data [C:\Users\samue\repos\redis-windows\build_work\redis\build\src\redis-server.vcxproj]
C:\Users\samue\repos\redis-windows\build_work\redis\build\patched\src\server.c(464,10): warning C4267: '=': conversion from 'size_t' to 'int', possible loss of data [C:\Users\samue\repos\redis-windows\build_work\redis\build\src\redis-server.vcxproj]
C:\Users\samue\repos\redis-windows\build_work\redis\build\patched\src\server.c(465,10): warning C4267: '=': conversion from 'size_t' to 'int', possible loss of data [C:\Users\samue\repos\redis-windows\build_work\redis\build\src\redis-server.vcxproj]
C:\Users\samue\repos\redis-windows\build_work\redis\build\patched\src\server.c(506,32): warning C4311: 'type cast': pointer truncation from 'void *' to 'long' [C:\Users\samue\repos\redis-windows\build_work\redis\build\src\redis-server.vcxproj]
C:\Users\samue\repos\redis-windows\build_work\redis\build\patched\src\server.c(1057,40): warning C4267: 'function': conversion from 'size_t' to 'unsigned int', possible loss of data [C:\Users\samue\repos\redis-windows\build_work\redis\build\src\redis-server.vcxproj]
C:\Users\samue\repos\redis-windows\build_work\redis\build\patched\src\server.c(1869,78): warning C4244: 'initializing': conversion from '__int64' to 'int', possible loss of data [C:\Users\samue\repos\redis-windows\build_work\redis\build\src\redis-server.vcxproj]
C:\Users\samue\repos\redis-windows\build_work\redis\build\patched\src\server.c(2321,54): warning C4312: 'type cast': conversion from 'long' to 'void *' of greater size [C:\Users\samue\repos\redis-windows\build_work\redis\build\src\redis-server.vcxproj]
C:\Users\samue\repos\redis-windows\build_work\redis\build\patched\src\server.c(2557,28): warning C4244: 'function': conversion from 'mstime_t' to 'unsigned int', possible loss of data [C:\Users\samue\repos\redis-windows\build_work\redis\build\src\redis-server.vcxproj]
C:\Users\samue\repos\redis-windows\build_work\redis\build\patched\src\server.c(4010,20): warning C4244: '+=': conversion from 'ustime_t' to 'long', possible loss of data [C:\Users\samue\repos\redis-windows\build_work\redis\build\src\redis-server.vcxproj]
C:\Users\samue\repos\redis-windows\build_work\redis\build\patched\src\server.c(4800,61): warning C4267: 'function': conversion from 'size_t' to 'int', possible loss of data [C:\Users\samue\repos\redis-windows\build_work\redis\build\src\redis-server.vcxproj]
C:\Users\samue\repos\redis-windows\build_work\redis\build\patched\src\server.c(5031,65): warning C4244: 'initializing': conversion from '__int64' to 'long', possible loss of data [C:\Users\samue\repos\redis-windows\build_work\redis\build\src\redis-server.vcxproj]
C:\Users\samue\repos\redis-windows\build_work\redis\build\patched\src\server.c(5811,49): warning C4267: 'function': conversion from 'size_t' to 'int', possible loss of data [C:\Users\samue\repos\redis-windows\build_work\redis\build\src\redis-server.vcxproj]
C:\Users\samue\repos\redis-windows\build_work\redis\build\patched\src\server.c(5811,85): warning C4267: 'function': conversion from 'size_t' to 'int', possible loss of data [C:\Users\samue\repos\redis-windows\build_work\redis\build\src\redis-server.vcxproj]
C:\Users\samue\repos\redis-windows\build_work\redis\build\patched\src\server.c(6314,35): warning C4244: '+=': conversion from 'int64_t' to 'int', possible loss of data [C:\Users\samue\repos\redis-windows\build_work\redis\build\src\redis-server.vcxproj]
C:\Users\samue\repos\redis-windows\build_work\redis\build\patched\src\server.c(6863,38): warning C4244: '=': conversion from '__int64' to 'long', possible loss of data [C:\Users\samue\repos\redis-windows\build_work\redis\build\src\redis-server.vcxproj]
C:\Users\samue\repos\redis-windows\build_work\redis\build\patched\src\server.c(7967,30): warning C4244: 'function': conversion from 'time_t' to 'unsigned int', possible loss of data [C:\Users\samue\repos\redis-windows\build_work\redis\build\src\redis-server.vcxproj]
C:\Users\samue\repos\redis-windows\build_work\redis\build\patched\src\server.c(7968,32): warning C4244: 'function': conversion from 'time_t' to 'unsigned int', possible loss of data [C:\Users\samue\repos\redis-windows\build_work\redis\build\src\redis-server.vcxproj]
  logreqres.c
C:\Users\samue\repos\redis-windows\build_work\redis\build\msvc_compat.h(156,9): warning C4028: formal parameter 1 different from declaration [C:\Users\samue\repos\redis-windows\build_work\redis\build\src\redis-server.vcxproj]
  (compiling source file '../patched/src/logreqres.c')
  
C:\Users\samue\repos\redis-windows\build_work\redis\build\msvc_compat.h(157,9): warning C4028: formal parameter 1 different from declaration [C:\Users\samue\repos\redis-windows\build_work\redis\build\src\redis-server.vcxproj]
  (compiling source file '../patched/src/logreqres.c')
  
C:\Users\samue\repos\redis-windows\build_work\redis\build\msvc_compat.h(164,5): warning C4028: formal parameter 1 different from declaration [C:\Users\samue\repos\redis-windows\build_work\redis\build\src\redis-server.vcxproj]
  (compiling source file '../patched/src/logreqres.c')
  
C:\Users\samue\repos\redis-windows\build_work\redis\build\patched\src\sds.h(146,34): warning C4267: '=': conversion from 'size_t' to 'unsigned char', possible loss of data [C:\Users\samue\repos\redis-windows\build_work\redis\build\src\redis-server.vcxproj]
  (compiling source file '../patched/src/logreqres.c')
  
C:\Users\samue\repos\redis-windows\build_work\redis\build\patched\src\sds.h(150,33): warning C4267: '=': conversion from 'size_t' to 'uint8_t', possible loss of data [C:\Users\samue\repos\redis-windows\build_work\redis\build\src\redis-server.vcxproj]
  (compiling source file '../patched/src/logreqres.c')
  
C:\Users\samue\repos\redis-windows\build_work\redis\build\patched\src\sds.h(153,34): warning C4267: '=': conversion from 'size_t' to 'uint16_t', possible loss of data [C:\Users\samue\repos\redis-windows\build_work\redis\build\src\redis-server.vcxproj]
  (compiling source file '../patched/src/logreqres.c')
  
C:\Users\samue\repos\redis-windows\build_work\redis\build\patched\src\sds.h(156,34): warning C4267: '=': conversion from 'size_t' to 'uint32_t', possible loss of data [C:\Users\samue\repos\redis-windows\build_work\redis\build\src\redis-server.vcxproj]
  (compiling source file '../patched/src/logreqres.c')
  
C:\Users\samue\repos\redis-windows\build_work\redis\build\patched\src\sds.h(174,34): warning C4267: '+=': conversion from 'size_t' to 'uint8_t', possible loss of data [C:\Users\samue\repos\redis-windows\build_work\redis\build\src\redis-server.vcxproj]
  (compiling source file '../patched/src/logreqres.c')
  
C:\Users\samue\repos\redis-windows\build_work\redis\build\patched\src\sds.h(177,35): warning C4267: '+=': conversion from 'size_t' to 'uint16_t', possible loss of data [C:\Users\samue\repos\redis-windows\build_work\redis\build\src\redis-server.vcxproj]
  (compiling source file '../patched/src/logreqres.c')
  
C:\Users\samue\repos\redis-windows\build_work\redis\build\patched\src\sds.h(180,35): warning C4267: '+=': conversion from 'size_t' to 'uint32_t', possible loss of data [C:\Users\samue\repos\redis-windows\build_work\redis\build\src\redis-server.vcxproj]
  (compiling source file '../patched/src/logreqres.c')
  
C:\Users\samue\repos\redis-windows\build_work\redis\build\patched\src\sds.h(169,57): warning C4267: 'initializing': conversion from 'size_t' to 'unsigned char', possible loss of data [C:\Users\samue\repos\redis-windows\build_work\redis\build\src\redis-server.vcxproj]
  (compiling source file '../patched/src/logreqres.c')
  
C:\Users\samue\repos\redis-windows\build_work\redis\build\patched\src\sds.h(234,50): warning C4267: '=': conversion from 'size_t' to 'uint8_t', possible loss of data [C:\Users\samue\repos\redis-windows\build_work\redis\build\src\redis-server.vcxproj]
  (compiling source file '../patched/src/logreqres.c')
  
C:\Users\samue\repos\redis-windows\build_work\redis\build\patched\src\sds.h(237,53): warning C4267: '=': conversion from 'size_t' to 'uint16_t', possible loss of data [C:\Users\samue\repos\redis-windows\build_work\redis\build\src\redis-server.vcxproj]
  (compiling source file '../patched/src/logreqres.c')
  
C:\Users\samue\repos\redis-windows\build_work\redis\build\patched\src\sds.h(240,36): warning C4267: '=': conversion from 'size_t' to 'uint32_t', possible loss of data [C:\Users\samue\repos\redis-windows\build_work\redis\build\src\redis-server.vcxproj]
  (compiling source file '../patched/src/logreqres.c')
  
  entry.c
C:\Users\samue\repos\redis-windows\build_work\redis\build\msvc_compat.h(156,9): warning C4028: formal parameter 1 different from declaration [C:\Users\samue\repos\redis-windows\build_work\redis\build\src\redis-server.vcxproj]
  (compiling source file '../patched/src/entry.c')
  
C:\Users\samue\repos\redis-windows\build_work\redis\build\msvc_compat.h(157,9): warning C4028: formal parameter 1 different from declaration [C:\Users\samue\repos\redis-windows\build_work\redis\build\src\redis-server.vcxproj]
  (compiling source file '../patched/src/entry.c')
  
C:\Users\samue\repos\redis-windows\build_work\redis\build\msvc_compat.h(164,5): warning C4028: formal parameter 1 different from declaration [C:\Users\samue\repos\redis-windows\build_work\redis\build\src\redis-server.vcxproj]
  (compiling source file '../patched/src/entry.c')
  
C:\Users\samue\repos\redis-windows\build_work\redis\build\patched\src\sds.h(146,34): warning C4267: '=': conversion from 'size_t' to 'unsigned char', possible loss of data [C:\Users\samue\repos\redis-windows\build_work\redis\build\src\redis-server.vcxproj]
  (compiling source file '../patched/src/entry.c')
  
C:\Users\samue\repos\redis-windows\build_work\redis\build\patched\src\sds.h(150,33): warning C4267: '=': conversion from 'size_t' to 'uint8_t', possible loss of data [C:\Users\samue\repos\redis-windows\build_work\redis\build\src\redis-server.vcxproj]
  (compiling source file '../patched/src/entry.c')
  
C:\Users\samue\repos\redis-windows\build_work\redis\build\patched\src\sds.h(153,34): warning C4267: '=': conversion from 'size_t' to 'uint16_t', possible loss of data [C:\Users\samue\repos\redis-windows\build_work\redis\build\src\redis-server.vcxproj]
  (compiling source file '../patched/src/entry.c')
  
C:\Users\samue\repos\redis-windows\build_work\redis\build\patched\src\sds.h(156,34): warning C4267: '=': conversion from 'size_t' to 'uint32_t', possible loss of data [C:\Users\samue\repos\redis-windows\build_work\redis\build\src\redis-server.vcxproj]
  (compiling source file '../patched/src/entry.c')
  
C:\Users\samue\repos\redis-windows\build_work\redis\build\patched\src\sds.h(174,34): warning C4267: '+=': conversion from 'size_t' to 'uint8_t', possible loss of data [C:\Users\samue\repos\redis-windows\build_work\redis\build\src\redis-server.vcxproj]
  (compiling source file '../patched/src/entry.c')
  
C:\Users\samue\repos\redis-windows\build_work\redis\build\patched\src\sds.h(177,35): warning C4267: '+=': conversion from 'size_t' to 'uint16_t', possible loss of data [C:\Users\samue\repos\redis-windows\build_work\redis\build\src\redis-server.vcxproj]
  (compiling source file '../patched/src/entry.c')
  
C:\Users\samue\repos\redis-windows\build_work\redis\build\patched\src\sds.h(180,35): warning C4267: '+=': conversion from 'size_t' to 'uint32_t', possible loss of data [C:\Users\samue\repos\redis-windows\build_work\redis\build\src\redis-server.vcxproj]
  (compiling source file '../patched/src/entry.c')
  
C:\Users\samue\repos\redis-windows\build_work\redis\build\patched\src\sds.h(169,57): warning C4267: 'initializing': conversion from 'size_t' to 'unsigned char', possible loss of data [C:\Users\samue\repos\redis-windows\build_work\redis\build\src\redis-server.vcxproj]
  (compiling source file '../patched/src/entry.c')
  
C:\Users\samue\repos\redis-windows\build_work\redis\build\patched\src\sds.h(234,50): warning C4267: '=': conversion from 'size_t' to 'uint8_t', possible loss of data [C:\Users\samue\repos\redis-windows\build_work\redis\build\src\redis-server.vcxproj]
  (compiling source file '../patched/src/entry.c')
  
C:\Users\samue\repos\redis-windows\build_work\redis\build\patched\src\sds.h(237,53): warning C4267: '=': conversion from 'size_t' to 'uint16_t', possible loss of data [C:\Users\samue\repos\redis-windows\build_work\redis\build\src\redis-server.vcxproj]
  (compiling source file '../patched/src/entry.c')
  
C:\Users\samue\repos\redis-windows\build_work\redis\build\patched\src\sds.h(240,36): warning C4267: '=': conversion from 'size_t' to 'uint32_t', possible loss of data [C:\Users\samue\repos\redis-windows\build_work\redis\build\src\redis-server.vcxproj]
  (compiling source file '../patched/src/entry.c')
  
C:\Users\samue\repos\redis-windows\build_work\redis\build\patched\src\entry.c(395,44): warning C4244: 'initializing': conversion from '__int64' to 'int', possible loss of data [C:\Users\samue\repos\redis-windows\build_work\redis\build\src\redis-server.vcxproj]
  chk.c
C:\Users\samue\repos\redis-windows\build_work\redis\build\msvc_compat.h(156,9): warning C4028: formal parameter 1 different from declaration [C:\Users\samue\repos\redis-windows\build_work\redis\build\src\redis-server.vcxproj]
  (compiling source file '../patched/src/chk.c')
  
C:\Users\samue\repos\redis-windows\build_work\redis\build\msvc_compat.h(157,9): warning C4028: formal parameter 1 different from declaration [C:\Users\samue\repos\redis-windows\build_work\redis\build\src\redis-server.vcxproj]
  (compiling source file '../patched/src/chk.c')
  
C:\Users\samue\repos\redis-windows\build_work\redis\build\msvc_compat.h(164,5): warning C4028: formal parameter 1 different from declaration [C:\Users\samue\repos\redis-windows\build_work\redis\build\src\redis-server.vcxproj]
  (compiling source file '../patched/src/chk.c')
  
C:\Users\samue\repos\redis-windows\build_work\redis\build\patched\src\sds.h(146,34): warning C4267: '=': conversion from 'size_t' to 'unsigned char', possible loss of data [C:\Users\samue\repos\redis-windows\build_work\redis\build\src\redis-server.vcxproj]
  (compiling source file '../patched/src/chk.c')
  
C:\Users\samue\repos\redis-windows\build_work\redis\build\patched\src\sds.h(150,33): warning C4267: '=': conversion from 'size_t' to 'uint8_t', possible loss of data [C:\Users\samue\repos\redis-windows\build_work\redis\build\src\redis-server.vcxproj]
  (compiling source file '../patched/src/chk.c')
  
C:\Users\samue\repos\redis-windows\build_work\redis\build\patched\src\sds.h(153,34): warning C4267: '=': conversion from 'size_t' to 'uint16_t', possible loss of data [C:\Users\samue\repos\redis-windows\build_work\redis\build\src\redis-server.vcxproj]
  (compiling source file '../patched/src/chk.c')
  
C:\Users\samue\repos\redis-windows\build_work\redis\build\patched\src\sds.h(156,34): warning C4267: '=': conversion from 'size_t' to 'uint32_t', possible loss of data [C:\Users\samue\repos\redis-windows\build_work\redis\build\src\redis-server.vcxproj]
  (compiling source file '../patched/src/chk.c')
  
C:\Users\samue\repos\redis-windows\build_work\redis\build\patched\src\sds.h(174,34): warning C4267: '+=': conversion from 'size_t' to 'uint8_t', possible loss of data [C:\Users\samue\repos\redis-windows\build_work\redis\build\src\redis-server.vcxproj]
  (compiling source file '../patched/src/chk.c')
  
C:\Users\samue\repos\redis-windows\build_work\redis\build\patched\src\sds.h(177,35): warning C4267: '+=': conversion from 'size_t' to 'uint16_t', possible loss of data [C:\Users\samue\repos\redis-windows\build_work\redis\build\src\redis-server.vcxproj]
  (compiling source file '../patched/src/chk.c')
  
C:\Users\samue\repos\redis-windows\build_work\redis\build\patched\src\sds.h(180,35): warning C4267: '+=': conversion from 'size_t' to 'uint32_t', possible loss of data [C:\Users\samue\repos\redis-windows\build_work\redis\build\src\redis-server.vcxproj]
  (compiling source file '../patched/src/chk.c')
  
C:\Users\samue\repos\redis-windows\build_work\redis\build\patched\src\sds.h(169,57): warning C4267: 'initializing': conversion from 'size_t' to 'unsigned char', possible loss of data [C:\Users\samue\repos\redis-windows\build_work\redis\build\src\redis-server.vcxproj]
  (compiling source file '../patched/src/chk.c')
  
C:\Users\samue\repos\redis-windows\build_work\redis\build\patched\src\sds.h(234,50): warning C4267: '=': conversion from 'size_t' to 'uint8_t', possible loss of data [C:\Users\samue\repos\redis-windows\build_work\redis\build\src\redis-server.vcxproj]
  (compiling source file '../patched/src/chk.c')
  
C:\Users\samue\repos\redis-windows\build_work\redis\build\patched\src\sds.h(237,53): warning C4267: '=': conversion from 'size_t' to 'uint16_t', possible loss of data [C:\Users\samue\repos\redis-windows\build_work\redis\build\src\redis-server.vcxproj]
  (compiling source file '../patched/src/chk.c')
  
C:\Users\samue\repos\redis-windows\build_work\redis\build\patched\src\sds.h(240,36): warning C4267: '=': conversion from 'size_t' to 'uint32_t', possible loss of data [C:\Users\samue\repos\redis-windows\build_work\redis\build\src\redis-server.vcxproj]
  (compiling source file '../patched/src/chk.c')
  
C:\Users\samue\repos\redis-windows\build_work\redis\build\patched\src\chk.c(182,52): warning C4267: 'function': conversion from 'size_t' to 'int', possible loss of data [C:\Users\samue\repos\redis-windows\build_work\redis\build\src\redis-server.vcxproj]
C:\Users\samue\repos\redis-windows\build_work\redis\build\patched\src\chk.c(201,27): warning C4267: 'initializing': conversion from 'size_t' to 'int', possible loss of data [C:\Users\samue\repos\redis-windows\build_work\redis\build\src\redis-server.vcxproj]
C:\Users\samue\repos\redis-windows\build_work\redis\build\patched\src\chk.c(227,23): warning C4267: 'initializing': conversion from 'size_t' to 'int', possible loss of data [C:\Users\samue\repos\redis-windows\build_work\redis\build\src\redis-server.vcxproj]
C:\Users\samue\repos\redis-windows\build_work\redis\build\patched\src\chk.c(289,23): warning C4267: 'initializing': conversion from 'size_t' to 'int', possible loss of data [C:\Users\samue\repos\redis-windows\build_work\redis\build\src\redis-server.vcxproj]
C:\Users\samue\repos\redis-windows\build_work\redis\build\patched\src\chk.c(344,34): warning C4244: '=': conversion from 'uint16_t' to 'lobby_counter_t', possible loss of data [C:\Users\samue\repos\redis-windows\build_work\redis\build\src\redis-server.vcxproj]
C:\Users\samue\repos\redis-windows\build_work\redis\build\patched\src\chk.c(333,27): warning C4267: 'initializing': conversion from 'size_t' to 'int', possible loss of data [C:\Users\samue\repos\redis-windows\build_work\redis\build\src\redis-server.vcxproj]
C:\Users\samue\repos\redis-windows\build_work\redis\build\patched\src\chk.c(493,45): warning C4244: '=': conversion from 'counter_t' to 'lobby_counter_t', possible loss of data [C:\Users\samue\repos\redis-windows\build_work\redis\build\src\redis-server.vcxproj]
C:\Users\samue\repos\redis-windows\build_work\redis\build\patched\src\chk.c(546,24): warning C4267: '=': conversion from 'size_t' to 'int', possible loss of data [C:\Users\samue\repos\redis-windows\build_work\redis\build\src\redis-server.vcxproj]
C:\Users\samue\repos\redis-windows\build_work\redis\build\patched\src\chk.c(484,32): warning C4267: 'initializing': conversion from 'size_t' to 'int', possible loss of data [C:\Users\samue\repos\redis-windows\build_work\redis\build\src\redis-server.vcxproj]
C:\Users\samue\repos\redis-windows\build_work\redis\build\patched\src\chk.c(510,28): warning C4267: 'initializing': conversion from 'size_t' to 'int', possible loss of data [C:\Users\samue\repos\redis-windows\build_work\redis\build\src\redis-server.vcxproj]
C:\Users\samue\repos\redis-windows\build_work\redis\build\patched\src\chk.c(523,35): warning C4244: 'initializing': conversion from 'double' to 'counter_t', possible loss of data [C:\Users\samue\repos\redis-windows\build_work\redis\build\src\redis-server.vcxproj]
  cluster_asm.c
C:\Users\samue\repos\redis-windows\build_work\redis\build\msvc_compat.h(156,9): warning C4028: formal parameter 1 different from declaration [C:\Users\samue\repos\redis-windows\build_work\redis\build\src\redis-server.vcxproj]
  (compiling source file '../patched/src/cluster_asm.c')
  
C:\Users\samue\repos\redis-windows\build_work\redis\build\msvc_compat.h(157,9): warning C4028: formal parameter 1 different from declaration [C:\Users\samue\repos\redis-windows\build_work\redis\build\src\redis-server.vcxproj]
  (compiling source file '../patched/src/cluster_asm.c')
  
C:\Users\samue\repos\redis-windows\build_work\redis\build\msvc_compat.h(164,5): warning C4028: formal parameter 1 different from declaration [C:\Users\samue\repos\redis-windows\build_work\redis\build\src\redis-server.vcxproj]
  (compiling source file '../patched/src/cluster_asm.c')
  
C:\Users\samue\repos\redis-windows\build_work\redis\build\patched\src\sds.h(146,34): warning C4267: '=': conversion from 'size_t' to 'unsigned char', possible loss of data [C:\Users\samue\repos\redis-windows\build_work\redis\build\src\redis-server.vcxproj]
  (compiling source file '../patched/src/cluster_asm.c')
  
C:\Users\samue\repos\redis-windows\build_work\redis\build\patched\src\sds.h(150,33): warning C4267: '=': conversion from 'size_t' to 'uint8_t', possible loss of data [C:\Users\samue\repos\redis-windows\build_work\redis\build\src\redis-server.vcxproj]
  (compiling source file '../patched/src/cluster_asm.c')
  
C:\Users\samue\repos\redis-windows\build_work\redis\build\patched\src\sds.h(153,34): warning C4267: '=': conversion from 'size_t' to 'uint16_t', possible loss of data [C:\Users\samue\repos\redis-windows\build_work\redis\build\src\redis-server.vcxproj]
  (compiling source file '../patched/src/cluster_asm.c')
  
C:\Users\samue\repos\redis-windows\build_work\redis\build\patched\src\sds.h(156,34): warning C4267: '=': conversion from 'size_t' to 'uint32_t', possible loss of data [C:\Users\samue\repos\redis-windows\build_work\redis\build\src\redis-server.vcxproj]
  (compiling source file '../patched/src/cluster_asm.c')
  
C:\Users\samue\repos\redis-windows\build_work\redis\build\patched\src\sds.h(174,34): warning C4267: '+=': conversion from 'size_t' to 'uint8_t', possible loss of data [C:\Users\samue\repos\redis-windows\build_work\redis\build\src\redis-server.vcxproj]
  (compiling source file '../patched/src/cluster_asm.c')
  
C:\Users\samue\repos\redis-windows\build_work\redis\build\patched\src\sds.h(177,35): warning C4267: '+=': conversion from 'size_t' to 'uint16_t', possible loss of data [C:\Users\samue\repos\redis-windows\build_work\redis\build\src\redis-server.vcxproj]
  (compiling source file '../patched/src/cluster_asm.c')
  
C:\Users\samue\repos\redis-windows\build_work\redis\build\patched\src\sds.h(180,35): warning C4267: '+=': conversion from 'size_t' to 'uint32_t', possible loss of data [C:\Users\samue\repos\redis-windows\build_work\redis\build\src\redis-server.vcxproj]
  (compiling source file '../patched/src/cluster_asm.c')
  
C:\Users\samue\repos\redis-windows\build_work\redis\build\patched\src\sds.h(169,57): warning C4267: 'initializing': conversion from 'size_t' to 'unsigned char', possible loss of data [C:\Users\samue\repos\redis-windows\build_work\redis\build\src\redis-server.vcxproj]
  (compiling source file '../patched/src/cluster_asm.c')
  
C:\Users\samue\repos\redis-windows\build_work\redis\build\patched\src\sds.h(234,50): warning C4267: '=': conversion from 'size_t' to 'uint8_t', possible loss of data [C:\Users\samue\repos\redis-windows\build_work\redis\build\src\redis-server.vcxproj]
  (compiling source file '../patched/src/cluster_asm.c')
  
C:\Users\samue\repos\redis-windows\build_work\redis\build\patched\src\sds.h(237,53): warning C4267: '=': conversion from 'size_t' to 'uint16_t', possible loss of data [C:\Users\samue\repos\redis-windows\build_work\redis\build\src\redis-server.vcxproj]
  (compiling source file '../patched/src/cluster_asm.c')
  
C:\Users\samue\repos\redis-windows\build_work\redis\build\patched\src\sds.h(240,36): warning C4267: '=': conversion from 'size_t' to 'uint32_t', possible loss of data [C:\Users\samue\repos\redis-windows\build_work\redis\build\src\redis-server.vcxproj]
  (compiling source file '../patched/src/cluster_asm.c')
  
C:\Users\samue\repos\redis-windows\build_work\redis\build\patched\src\cluster_asm.c(794,61): warning C4311: 'type cast': pointer truncation from 'void *' to 'long' [C:\Users\samue\repos\redis-windows\build_work\redis\build\src\redis-server.vcxproj]
C:\Users\samue\repos\redis-windows\build_work\redis\build\patched\src\cluster_asm.c(2215,45): warning C4244: 'function': conversion from '__int64' to 'int', possible loss of data [C:\Users\samue\repos\redis-windows\build_work\redis\build\src\redis-server.vcxproj]
C:\Users\samue\repos\redis-windows\build_work\redis\build\patched\src\cluster_asm.c(2215,51): warning C4244: 'function': conversion from '__int64' to 'unsigned long', possible loss of data [C:\Users\samue\repos\redis-windows\build_work\redis\build\src\redis-server.vcxproj]
C:\Users\samue\repos\redis-windows\build_work\redis\build\patched\src\cluster_asm.c(2216,48): warning C4244: 'function': conversion from '__int64' to 'int', possible loss of data [C:\Users\samue\repos\redis-windows\build_work\redis\build\src\redis-server.vcxproj]
C:\Users\samue\repos\redis-windows\build_work\redis\build\patched\src\cluster_asm.c(2216,54): warning C4244: 'function': conversion from '__int64' to 'unsigned long', possible loss of data [C:\Users\samue\repos\redis-windows\build_work\redis\build\src\redis-server.vcxproj]
C:\Users\samue\repos\redis-windows\build_work\redis\build\patched\src\cluster_asm.c(3637,50): warning C4267: 'function': conversion from 'size_t' to 'int', possible loss of data [C:\Users\samue\repos\redis-windows\build_work\redis\build\src\redis-server.vcxproj]
C:\Users\samue\repos\redis-windows\build_work\redis\build\patched\src\cluster_asm.c(3796,61): warning C4311: 'type cast': pointer truncation from 'void *' to 'long' [C:\Users\samue\repos\redis-windows\build_work\redis\build\src\redis-server.vcxproj]
  ebuckets.c
C:\Users\samue\repos\redis-windows\build_work\redis\build\msvc_compat.h(156,9): warning C4028: formal parameter 1 different from declaration [C:\Users\samue\repos\redis-windows\build_work\redis\build\src\redis-server.vcxproj]
  (compiling source file '../patched/src/ebuckets.c')
  
C:\Users\samue\repos\redis-windows\build_work\redis\build\msvc_compat.h(157,9): warning C4028: formal parameter 1 different from declaration [C:\Users\samue\repos\redis-windows\build_work\redis\build\src\redis-server.vcxproj]
  (compiling source file '../patched/src/ebuckets.c')
  
C:\Users\samue\repos\redis-windows\build_work\redis\build\msvc_compat.h(164,5): warning C4028: formal parameter 1 different from declaration [C:\Users\samue\repos\redis-windows\build_work\redis\build\src\redis-server.vcxproj]
  (compiling source file '../patched/src/ebuckets.c')
  
C:\Users\samue\repos\redis-windows\build_work\redis\build\patched\src\ebuckets.c(263,24): warning C4018: '<': signed/unsigned mismatch [C:\Users\samue\repos\redis-windows\build_work\redis\build\src\redis-server.vcxproj]
C:\Users\samue\repos\redis-windows\build_work\redis\build\patched\src\ebuckets.c(599,24): warning C4018: '<': signed/unsigned mismatch [C:\Users\samue\repos\redis-windows\build_work\redis\build\src\redis-server.vcxproj]
C:\Users\samue\repos\redis-windows\build_work\redis\build\patched\src\ebuckets.c(737,23): warning C4018: '<': signed/unsigned mismatch [C:\Users\samue\repos\redis-windows\build_work\redis\build\src\redis-server.vcxproj]
C:\Users\samue\repos\redis-windows\build_work\redis\build\patched\src\ebuckets.c(811,27): warning C4018: '<': signed/unsigned mismatch [C:\Users\samue\repos\redis-windows\build_work\redis\build\src\redis-server.vcxproj]
C:\Users\samue\repos\redis-windows\build_work\redis\build\patched\src\ebuckets.c(1210,31): warning C4018: '<': signed/unsigned mismatch [C:\Users\samue\repos\redis-windows\build_work\redis\build\src\redis-server.vcxproj]
C:\Users\samue\repos\redis-windows\build_work\redis\build\patched\src\ebuckets.c(2393,35): warning C4244: '+=': conversion from 'uint64_t' to 'uint32_t', possible loss of data [C:\Users\samue\repos\redis-windows\build_work\redis\build\src\redis-server.vcxproj]
C:\Users\samue\repos\redis-windows\build_work\redis\build\patched\src\ebuckets.c(2464,38): warning C4244: 'function': conversion from 'uint64_t' to 'int', possible loss of data [C:\Users\samue\repos\redis-windows\build_work\redis\build\src\redis-server.vcxproj]
C:\Users\samue\repos\redis-windows\build_work\redis\build\patched\src\ebuckets.c(2466,58): warning C4146: unary minus operator applied to unsigned type, result still unsigned [C:\Users\samue\repos\redis-windows\build_work\redis\build\src\redis-server.vcxproj]
C:\Users\samue\repos\redis-windows\build_work\redis\build\patched\src\ebuckets.c(2466,58): warning C4244: 'function': conversion from 'uint64_t' to 'int', possible loss of data [C:\Users\samue\repos\redis-windows\build_work\redis\build\src\redis-server.vcxproj]
C:\Users\samue\repos\redis-windows\build_work\redis\build\patched\src\ebuckets.c(2496,47): warning C4244: 'initializing': conversion from 'uint64_t' to 'uint32_t', possible loss of data [C:\Users\samue\repos\redis-windows\build_work\redis\build\src\redis-server.vcxproj]
  Compiling...
  endianconv.c
C:\Users\samue\repos\redis-windows\build_work\redis\build\msvc_compat.h(156,9): warning C4028: formal parameter 1 different from declaration [C:\Users\samue\repos\redis-windows\build_work\redis\build\src\redis-server.vcxproj]
  (compiling source file '../patched/src/endianconv.c')
  
C:\Users\samue\repos\redis-windows\build_work\redis\build\msvc_compat.h(157,9): warning C4028: formal parameter 1 different from declaration [C:\Users\samue\repos\redis-windows\build_work\redis\build\src\redis-server.vcxproj]
  (compiling source file '../patched/src/endianconv.c')
  
C:\Users\samue\repos\redis-windows\build_work\redis\build\msvc_compat.h(164,5): warning C4028: formal parameter 1 different from declaration [C:\Users\samue\repos\redis-windows\build_work\redis\build\src\redis-server.vcxproj]
  (compiling source file '../patched/src/endianconv.c')
  
  estore.c
C:\Users\samue\repos\redis-windows\build_work\redis\build\msvc_compat.h(156,9): warning C4028: formal parameter 1 different from declaration [C:\Users\samue\repos\redis-windows\build_work\redis\build\src\redis-server.vcxproj]
  (compiling source file '../patched/src/estore.c')
  
C:\Users\samue\repos\redis-windows\build_work\redis\build\msvc_compat.h(157,9): warning C4028: formal parameter 1 different from declaration [C:\Users\samue\repos\redis-windows\build_work\redis\build\src\redis-server.vcxproj]
  (compiling source file '../patched/src/estore.c')
  
C:\Users\samue\repos\redis-windows\build_work\redis\build\msvc_compat.h(164,5): warning C4028: formal parameter 1 different from declaration [C:\Users\samue\repos\redis-windows\build_work\redis\build\src\redis-server.vcxproj]
  (compiling source file '../patched/src/estore.c')
  
C:\Users\samue\repos\redis-windows\build_work\redis\build\patched\src\sds.h(146,34): warning C4267: '=': conversion from 'size_t' to 'unsigned char', possible loss of data [C:\Users\samue\repos\redis-windows\build_work\redis\build\src\redis-server.vcxproj]
  (compiling source file '../patched/src/estore.c')
  
C:\Users\samue\repos\redis-windows\build_work\redis\build\patched\src\sds.h(150,33): warning C4267: '=': conversion from 'size_t' to 'uint8_t', possible loss of data [C:\Users\samue\repos\redis-windows\build_work\redis\build\src\redis-server.vcxproj]
  (compiling source file '../patched/src/estore.c')
  
C:\Users\samue\repos\redis-windows\build_work\redis\build\patched\src\sds.h(153,34): warning C4267: '=': conversion from 'size_t' to 'uint16_t', possible loss of data [C:\Users\samue\repos\redis-windows\build_work\redis\build\src\redis-server.vcxproj]
  (compiling source file '../patched/src/estore.c')
  
C:\Users\samue\repos\redis-windows\build_work\redis\build\patched\src\sds.h(156,34): warning C4267: '=': conversion from 'size_t' to 'uint32_t', possible loss of data [C:\Users\samue\repos\redis-windows\build_work\redis\build\src\redis-server.vcxproj]
  (compiling source file '../patched/src/estore.c')
  
C:\Users\samue\repos\redis-windows\build_work\redis\build\patched\src\sds.h(174,34): warning C4267: '+=': conversion from 'size_t' to 'uint8_t', possible loss of data [C:\Users\samue\repos\redis-windows\build_work\redis\build\src\redis-server.vcxproj]
  (compiling source file '../patched/src/estore.c')
  
C:\Users\samue\repos\redis-windows\build_work\redis\build\patched\src\sds.h(177,35): warning C4267: '+=': conversion from 'size_t' to 'uint16_t', possible loss of data [C:\Users\samue\repos\redis-windows\build_work\redis\build\src\redis-server.vcxproj]
  (compiling source file '../patched/src/estore.c')
  
C:\Users\samue\repos\redis-windows\build_work\redis\build\patched\src\sds.h(180,35): warning C4267: '+=': conversion from 'size_t' to 'uint32_t', possible loss of data [C:\Users\samue\repos\redis-windows\build_work\redis\build\src\redis-server.vcxproj]
  (compiling source file '../patched/src/estore.c')
  
C:\Users\samue\repos\redis-windows\build_work\redis\build\patched\src\sds.h(169,57): warning C4267: 'initializing': conversion from 'size_t' to 'unsigned char', possible loss of data [C:\Users\samue\repos\redis-windows\build_work\redis\build\src\redis-server.vcxproj]
  (compiling source file '../patched/src/estore.c')
  
C:\Users\samue\repos\redis-windows\build_work\redis\build\patched\src\sds.h(234,50): warning C4267: '=': conversion from 'size_t' to 'uint8_t', possible loss of data [C:\Users\samue\repos\redis-windows\build_work\redis\build\src\redis-server.vcxproj]
  (compiling source file '../patched/src/estore.c')
  
C:\Users\samue\repos\redis-windows\build_work\redis\build\patched\src\sds.h(237,53): warning C4267: '=': conversion from 'size_t' to 'uint16_t', possible loss of data [C:\Users\samue\repos\redis-windows\build_work\redis\build\src\redis-server.vcxproj]
  (compiling source file '../patched/src/estore.c')
  
C:\Users\samue\repos\redis-windows\build_work\redis\build\patched\src\sds.h(240,36): warning C4267: '=': conversion from 'size_t' to 'uint32_t', possible loss of data [C:\Users\samue\repos\redis-windows\build_work\redis\build\src\redis-server.vcxproj]
  (compiling source file '../patched/src/estore.c')
  
  eventnotifier.c
C:\Users\samue\repos\redis-windows\build_work\redis\build\msvc_compat.h(156,9): warning C4028: formal parameter 1 different from declaration [C:\Users\samue\repos\redis-windows\build_work\redis\build\src\redis-server.vcxproj]
  (compiling source file '../patched/src/eventnotifier.c')
  
C:\Users\samue\repos\redis-windows\build_work\redis\build\msvc_compat.h(157,9): warning C4028: formal parameter 1 different from declaration [C:\Users\samue\repos\redis-windows\build_work\redis\build\src\redis-server.vcxproj]
  (compiling source file '../patched/src/eventnotifier.c')
  
C:\Users\samue\repos\redis-windows\build_work\redis\build\msvc_compat.h(164,5): warning C4028: formal parameter 1 different from declaration [C:\Users\samue\repos\redis-windows\build_work\redis\build\src\redis-server.vcxproj]
  (compiling source file '../patched/src/eventnotifier.c')
  
  function_lua.c
C:\Users\samue\repos\redis-windows\build_work\redis\build\msvc_compat.h(156,9): warning C4028: formal parameter 1 different from declaration [C:\Users\samue\repos\redis-windows\build_work\redis\build\src\redis-server.vcxproj]
  (compiling source file '../patched/src/function_lua.c')
  
C:\Users\samue\repos\redis-windows\build_work\redis\build\msvc_compat.h(157,9): warning C4028: formal parameter 1 different from declaration [C:\Users\samue\repos\redis-windows\build_work\redis\build\src\redis-server.vcxproj]
  (compiling source file '../patched/src/function_lua.c')
  
C:\Users\samue\repos\redis-windows\build_work\redis\build\msvc_compat.h(164,5): warning C4028: formal parameter 1 different from declaration [C:\Users\samue\repos\redis-windows\build_work\redis\build\src\redis-server.vcxproj]
  (compiling source file '../patched/src/function_lua.c')
  
C:\Users\samue\repos\redis-windows\build_work\redis\build\patched\src\sds.h(146,34): warning C4267: '=': conversion from 'size_t' to 'unsigned char', possible loss of data [C:\Users\samue\repos\redis-windows\build_work\redis\build\src\redis-server.vcxproj]
  (compiling source file '../patched/src/function_lua.c')
  
C:\Users\samue\repos\redis-windows\build_work\redis\build\patched\src\sds.h(150,33): warning C4267: '=': conversion from 'size_t' to 'uint8_t', possible loss of data [C:\Users\samue\repos\redis-windows\build_work\redis\build\src\redis-server.vcxproj]
  (compiling source file '../patched/src/function_lua.c')
  
C:\Users\samue\repos\redis-windows\build_work\redis\build\patched\src\sds.h(153,34): warning C4267: '=': conversion from 'size_t' to 'uint16_t', possible loss of data [C:\Users\samue\repos\redis-windows\build_work\redis\build\src\redis-server.vcxproj]
  (compiling source file '../patched/src/function_lua.c')
  
C:\Users\samue\repos\redis-windows\build_work\redis\build\patched\src\sds.h(156,34): warning C4267: '=': conversion from 'size_t' to 'uint32_t', possible loss of data [C:\Users\samue\repos\redis-windows\build_work\redis\build\src\redis-server.vcxproj]
  (compiling source file '../patched/src/function_lua.c')
  
C:\Users\samue\repos\redis-windows\build_work\redis\build\patched\src\sds.h(174,34): warning C4267: '+=': conversion from 'size_t' to 'uint8_t', possible loss of data [C:\Users\samue\repos\redis-windows\build_work\redis\build\src\redis-server.vcxproj]
  (compiling source file '../patched/src/function_lua.c')
  
C:\Users\samue\repos\redis-windows\build_work\redis\build\patched\src\sds.h(177,35): warning C4267: '+=': conversion from 'size_t' to 'uint16_t', possible loss of data [C:\Users\samue\repos\redis-windows\build_work\redis\build\src\redis-server.vcxproj]
  (compiling source file '../patched/src/function_lua.c')
  
C:\Users\samue\repos\redis-windows\build_work\redis\build\patched\src\sds.h(180,35): warning C4267: '+=': conversion from 'size_t' to 'uint32_t', possible loss of data [C:\Users\samue\repos\redis-windows\build_work\redis\build\src\redis-server.vcxproj]
  (compiling source file '../patched/src/function_lua.c')
  
C:\Users\samue\repos\redis-windows\build_work\redis\build\patched\src\sds.h(169,57): warning C4267: 'initializing': conversion from 'size_t' to 'unsigned char', possible loss of data [C:\Users\samue\repos\redis-windows\build_work\redis\build\src\redis-server.vcxproj]
  (compiling source file '../patched/src/function_lua.c')
  
C:\Users\samue\repos\redis-windows\build_work\redis\build\patched\src\sds.h(234,50): warning C4267: '=': conversion from 'size_t' to 'uint8_t', possible loss of data [C:\Users\samue\repos\redis-windows\build_work\redis\build\src\redis-server.vcxproj]
  (compiling source file '../patched/src/function_lua.c')
  
C:\Users\samue\repos\redis-windows\build_work\redis\build\patched\src\sds.h(237,53): warning C4267: '=': conversion from 'size_t' to 'uint16_t', possible loss of data [C:\Users\samue\repos\redis-windows\build_work\redis\build\src\redis-server.vcxproj]
  (compiling source file '../patched/src/function_lua.c')
  
C:\Users\samue\repos\redis-windows\build_work\redis\build\patched\src\sds.h(240,36): warning C4267: '=': conversion from 'size_t' to 'uint32_t', possible loss of data [C:\Users\samue\repos\redis-windows\build_work\redis\build\src\redis-server.vcxproj]
  (compiling source file '../patched/src/function_lua.c')
  
  fwtree.c
C:\Users\samue\repos\redis-windows\build_work\redis\build\msvc_compat.h(156,9): warning C4028: formal parameter 1 different from declaration [C:\Users\samue\repos\redis-windows\build_work\redis\build\src\redis-server.vcxproj]
  (compiling source file '../patched/src/fwtree.c')
  
C:\Users\samue\repos\redis-windows\build_work\redis\build\msvc_compat.h(157,9): warning C4028: formal parameter 1 different from declaration [C:\Users\samue\repos\redis-windows\build_work\redis\build\src\redis-server.vcxproj]
  (compiling source file '../patched/src/fwtree.c')
  
C:\Users\samue\repos\redis-windows\build_work\redis\build\msvc_compat.h(164,5): warning C4028: formal parameter 1 different from declaration [C:\Users\samue\repos\redis-windows\build_work\redis\build\src\redis-server.vcxproj]
  (compiling source file '../patched/src/fwtree.c')
  
C:\Users\samue\repos\redis-windows\build_work\redis\build\patched\src\sds.h(146,34): warning C4267: '=': conversion from 'size_t' to 'unsigned char', possible loss of data [C:\Users\samue\repos\redis-windows\build_work\redis\build\src\redis-server.vcxproj]
  (compiling source file '../patched/src/fwtree.c')
  
C:\Users\samue\repos\redis-windows\build_work\redis\build\patched\src\sds.h(150,33): warning C4267: '=': conversion from 'size_t' to 'uint8_t', possible loss of data [C:\Users\samue\repos\redis-windows\build_work\redis\build\src\redis-server.vcxproj]
  (compiling source file '../patched/src/fwtree.c')
  
C:\Users\samue\repos\redis-windows\build_work\redis\build\patched\src\sds.h(153,34): warning C4267: '=': conversion from 'size_t' to 'uint16_t', possible loss of data [C:\Users\samue\repos\redis-windows\build_work\redis\build\src\redis-server.vcxproj]
  (compiling source file '../patched/src/fwtree.c')
  
C:\Users\samue\repos\redis-windows\build_work\redis\build\patched\src\sds.h(156,34): warning C4267: '=': conversion from 'size_t' to 'uint32_t', possible loss of data [C:\Users\samue\repos\redis-windows\build_work\redis\build\src\redis-server.vcxproj]
  (compiling source file '../patched/src/fwtree.c')
  
C:\Users\samue\repos\redis-windows\build_work\redis\build\patched\src\sds.h(174,34): warning C4267: '+=': conversion from 'size_t' to 'uint8_t', possible loss of data [C:\Users\samue\repos\redis-windows\build_work\redis\build\src\redis-server.vcxproj]
  (compiling source file '../patched/src/fwtree.c')
  
C:\Users\samue\repos\redis-windows\build_work\redis\build\patched\src\sds.h(177,35): warning C4267: '+=': conversion from 'size_t' to 'uint16_t', possible loss of data [C:\Users\samue\repos\redis-windows\build_work\redis\build\src\redis-server.vcxproj]
  (compiling source file '../patched/src/fwtree.c')
  
C:\Users\samue\repos\redis-windows\build_work\redis\build\patched\src\sds.h(180,35): warning C4267: '+=': conversion from 'size_t' to 'uint32_t', possible loss of data [C:\Users\samue\repos\redis-windows\build_work\redis\build\src\redis-server.vcxproj]
  (compiling source file '../patched/src/fwtree.c')
  
C:\Users\samue\repos\redis-windows\build_work\redis\build\patched\src\sds.h(169,57): warning C4267: 'initializing': conversion from 'size_t' to 'unsigned char', possible loss of data [C:\Users\samue\repos\redis-windows\build_work\redis\build\src\redis-server.vcxproj]
  (compiling source file '../patched/src/fwtree.c')
  
C:\Users\samue\repos\redis-windows\build_work\redis\build\patched\src\sds.h(234,50): warning C4267: '=': conversion from 'size_t' to 'uint8_t', possible loss of data [C:\Users\samue\repos\redis-windows\build_work\redis\build\src\redis-server.vcxproj]
  (compiling source file '../patched/src/fwtree.c')
  
C:\Users\samue\repos\redis-windows\build_work\redis\build\patched\src\sds.h(237,53): warning C4267: '=': conversion from 'size_t' to 'uint16_t', possible loss of data [C:\Users\samue\repos\redis-windows\build_work\redis\build\src\redis-server.vcxproj]
  (compiling source file '../patched/src/fwtree.c')
  
C:\Users\samue\repos\redis-windows\build_work\redis\build\patched\src\sds.h(240,36): warning C4267: '=': conversion from 'size_t' to 'uint32_t', possible loss of data [C:\Users\samue\repos\redis-windows\build_work\redis\build\src\redis-server.vcxproj]
  (compiling source file '../patched/src/fwtree.c')
  
  gcra.c
C:\Users\samue\repos\redis-windows\build_work\redis\build\msvc_compat.h(156,9): warning C4028: formal parameter 1 different from declaration [C:\Users\samue\repos\redis-windows\build_work\redis\build\src\redis-server.vcxproj]
  (compiling source file '../patched/src/gcra.c')
  
C:\Users\samue\repos\redis-windows\build_work\redis\build\msvc_compat.h(157,9): warning C4028: formal parameter 1 different from declaration [C:\Users\samue\repos\redis-windows\build_work\redis\build\src\redis-server.vcxproj]
  (compiling source file '../patched/src/gcra.c')
  
C:\Users\samue\repos\redis-windows\build_work\redis\build\msvc_compat.h(164,5): warning C4028: formal parameter 1 different from declaration [C:\Users\samue\repos\redis-windows\build_work\redis\build\src\redis-server.vcxproj]
  (compiling source file '../patched/src/gcra.c')
  
C:\Users\samue\repos\redis-windows\build_work\redis\build\patched\src\sds.h(146,34): warning C4267: '=': conversion from 'size_t' to 'unsigned char', possible loss of data [C:\Users\samue\repos\redis-windows\build_work\redis\build\src\redis-server.vcxproj]
  (compiling source file '../patched/src/gcra.c')
  
C:\Users\samue\repos\redis-windows\build_work\redis\build\patched\src\sds.h(150,33): warning C4267: '=': conversion from 'size_t' to 'uint8_t', possible loss of data [C:\Users\samue\repos\redis-windows\build_work\redis\build\src\redis-server.vcxproj]
  (compiling source file '../patched/src/gcra.c')
  
C:\Users\samue\repos\redis-windows\build_work\redis\build\patched\src\sds.h(153,34): warning C4267: '=': conversion from 'size_t' to 'uint16_t', possible loss of data [C:\Users\samue\repos\redis-windows\build_work\redis\build\src\redis-server.vcxproj]
  (compiling source file '../patched/src/gcra.c')
  
C:\Users\samue\repos\redis-windows\build_work\redis\build\patched\src\sds.h(156,34): warning C4267: '=': conversion from 'size_t' to 'uint32_t', possible loss of data [C:\Users\samue\repos\redis-windows\build_work\redis\build\src\redis-server.vcxproj]
  (compiling source file '../patched/src/gcra.c')
  
C:\Users\samue\repos\redis-windows\build_work\redis\build\patched\src\sds.h(174,34): warning C4267: '+=': conversion from 'size_t' to 'uint8_t', possible loss of data [C:\Users\samue\repos\redis-windows\build_work\redis\build\src\redis-server.vcxproj]
  (compiling source file '../patched/src/gcra.c')
  
C:\Users\samue\repos\redis-windows\build_work\redis\build\patched\src\sds.h(177,35): warning C4267: '+=': conversion from 'size_t' to 'uint16_t', possible loss of data [C:\Users\samue\repos\redis-windows\build_work\redis\build\src\redis-server.vcxproj]
  (compiling source file '../patched/src/gcra.c')
  
C:\Users\samue\repos\redis-windows\build_work\redis\build\patched\src\sds.h(180,35): warning C4267: '+=': conversion from 'size_t' to 'uint32_t', possible loss of data [C:\Users\samue\repos\redis-windows\build_work\redis\build\src\redis-server.vcxproj]
  (compiling source file '../patched/src/gcra.c')
  
C:\Users\samue\repos\redis-windows\build_work\redis\build\patched\src\sds.h(169,57): warning C4267: 'initializing': conversion from 'size_t' to 'unsigned char', possible loss of data [C:\Users\samue\repos\redis-windows\build_work\redis\build\src\redis-server.vcxproj]
  (compiling source file '../patched/src/gcra.c')
  
C:\Users\samue\repos\redis-windows\build_work\redis\build\patched\src\sds.h(234,50): warning C4267: '=': conversion from 'size_t' to 'uint8_t', possible loss of data [C:\Users\samue\repos\redis-windows\build_work\redis\build\src\redis-server.vcxproj]
  (compiling source file '../patched/src/gcra.c')
  
C:\Users\samue\repos\redis-windows\build_work\redis\build\patched\src\sds.h(237,53): warning C4267: '=': conversion from 'size_t' to 'uint16_t', possible loss of data [C:\Users\samue\repos\redis-windows\build_work\redis\build\src\redis-server.vcxproj]
  (compiling source file '../patched/src/gcra.c')
  
C:\Users\samue\repos\redis-windows\build_work\redis\build\patched\src\sds.h(240,36): warning C4267: '=': conversion from 'size_t' to 'uint32_t', possible loss of data [C:\Users\samue\repos\redis-windows\build_work\redis\build\src\redis-server.vcxproj]
  (compiling source file '../patched/src/gcra.c')
  
  hotkeys.c
C:\Users\samue\repos\redis-windows\build_work\redis\build\msvc_compat.h(156,9): warning C4028: formal parameter 1 different from declaration [C:\Users\samue\repos\redis-windows\build_work\redis\build\src\redis-server.vcxproj]
  (compiling source file '../patched/src/hotkeys.c')
  
C:\Users\samue\repos\redis-windows\build_work\redis\build\msvc_compat.h(157,9): warning C4028: formal parameter 1 different from declaration [C:\Users\samue\repos\redis-windows\build_work\redis\build\src\redis-server.vcxproj]
  (compiling source file '../patched/src/hotkeys.c')
  
C:\Users\samue\repos\redis-windows\build_work\redis\build\msvc_compat.h(164,5): warning C4028: formal parameter 1 different from declaration [C:\Users\samue\repos\redis-windows\build_work\redis\build\src\redis-server.vcxproj]
  (compiling source file '../patched/src/hotkeys.c')
  
C:\Users\samue\repos\redis-windows\build_work\redis\build\patched\src\sds.h(146,34): warning C4267: '=': conversion from 'size_t' to 'unsigned char', possible loss of data [C:\Users\samue\repos\redis-windows\build_work\redis\build\src\redis-server.vcxproj]
  (compiling source file '../patched/src/hotkeys.c')
  
C:\Users\samue\repos\redis-windows\build_work\redis\build\patched\src\sds.h(150,33): warning C4267: '=': conversion from 'size_t' to 'uint8_t', possible loss of data [C:\Users\samue\repos\redis-windows\build_work\redis\build\src\redis-server.vcxproj]
  (compiling source file '../patched/src/hotkeys.c')
  
C:\Users\samue\repos\redis-windows\build_work\redis\build\patched\src\sds.h(153,34): warning C4267: '=': conversion from 'size_t' to 'uint16_t', possible loss of data [C:\Users\samue\repos\redis-windows\build_work\redis\build\src\redis-server.vcxproj]
  (compiling source file '../patched/src/hotkeys.c')
  
C:\Users\samue\repos\redis-windows\build_work\redis\build\patched\src\sds.h(156,34): warning C4267: '=': conversion from 'size_t' to 'uint32_t', possible loss of data [C:\Users\samue\repos\redis-windows\build_work\redis\build\src\redis-server.vcxproj]
  (compiling source file '../patched/src/hotkeys.c')
  
C:\Users\samue\repos\redis-windows\build_work\redis\build\patched\src\sds.h(174,34): warning C4267: '+=': conversion from 'size_t' to 'uint8_t', possible loss of data [C:\Users\samue\repos\redis-windows\build_work\redis\build\src\redis-server.vcxproj]
  (compiling source file '../patched/src/hotkeys.c')
  
C:\Users\samue\repos\redis-windows\build_work\redis\build\patched\src\sds.h(177,35): warning C4267: '+=': conversion from 'size_t' to 'uint16_t', possible loss of data [C:\Users\samue\repos\redis-windows\build_work\redis\build\src\redis-server.vcxproj]
  (compiling source file '../patched/src/hotkeys.c')
  
C:\Users\samue\repos\redis-windows\build_work\redis\build\patched\src\sds.h(180,35): warning C4267: '+=': conversion from 'size_t' to 'uint32_t', possible loss of data [C:\Users\samue\repos\redis-windows\build_work\redis\build\src\redis-server.vcxproj]
  (compiling source file '../patched/src/hotkeys.c')
  
C:\Users\samue\repos\redis-windows\build_work\redis\build\patched\src\sds.h(169,57): warning C4267: 'initializing': conversion from 'size_t' to 'unsigned char', possible loss of data [C:\Users\samue\repos\redis-windows\build_work\redis\build\src\redis-server.vcxproj]
  (compiling source file '../patched/src/hotkeys.c')
  
C:\Users\samue\repos\redis-windows\build_work\redis\build\patched\src\sds.h(234,50): warning C4267: '=': conversion from 'size_t' to 'uint8_t', possible loss of data [C:\Users\samue\repos\redis-windows\build_work\redis\build\src\redis-server.vcxproj]
  (compiling source file '../patched/src/hotkeys.c')
  
C:\Users\samue\repos\redis-windows\build_work\redis\build\patched\src\sds.h(237,53): warning C4267: '=': conversion from 'size_t' to 'uint16_t', possible loss of data [C:\Users\samue\repos\redis-windows\build_work\redis\build\src\redis-server.vcxproj]
  (compiling source file '../patched/src/hotkeys.c')
  
C:\Users\samue\repos\redis-windows\build_work\redis\build\patched\src\sds.h(240,36): warning C4267: '=': conversion from 'size_t' to 'uint32_t', possible loss of data [C:\Users\samue\repos\redis-windows\build_work\redis\build\src\redis-server.vcxproj]
  (compiling source file '../patched/src/hotkeys.c')
  
C:\Users\samue\repos\redis-windows\build_work\redis\build\patched\src\hotkeys.c(154,67): warning C4267: 'function': conversion from 'size_t' to 'int', possible loss of data [C:\Users\samue\repos\redis-windows\build_work\redis\build\src\redis-server.vcxproj]
C:\Users\samue\repos\redis-windows\build_work\redis\build\patched\src\hotkeys.c(159,67): warning C4267: 'function': conversion from 'size_t' to 'int', possible loss of data [C:\Users\samue\repos\redis-windows\build_work\redis\build\src\redis-server.vcxproj]
C:\Users\samue\repos\redis-windows\build_work\redis\build\patched\src\hotkeys.c(505,38): warning C4244: '=': conversion from 'mstime_t' to 'int', possible loss of data [C:\Users\samue\repos\redis-windows\build_work\redis\build\src\redis-server.vcxproj]
C:\Users\samue\repos\redis-windows\build_work\redis\build\patched\src\hotkeys.c(507,38): warning C4244: '=': conversion from 'mstime_t' to 'int', possible loss of data [C:\Users\samue\repos\redis-windows\build_work\redis\build\src\redis-server.vcxproj]
  keymeta.c
C:\Users\samue\repos\redis-windows\build_work\redis\build\msvc_compat.h(156,9): warning C4028: formal parameter 1 different from declaration [C:\Users\samue\repos\redis-windows\build_work\redis\build\src\redis-server.vcxproj]
  (compiling source file '../patched/src/keymeta.c')
  
C:\Users\samue\repos\redis-windows\build_work\redis\build\msvc_compat.h(157,9): warning C4028: formal parameter 1 different from declaration [C:\Users\samue\repos\redis-windows\build_work\redis\build\src\redis-server.vcxproj]
  (compiling source file '../patched/src/keymeta.c')
  
C:\Users\samue\repos\redis-windows\build_work\redis\build\msvc_compat.h(164,5): warning C4028: formal parameter 1 different from declaration [C:\Users\samue\repos\redis-windows\build_work\redis\build\src\redis-server.vcxproj]
  (compiling source file '../patched/src/keymeta.c')
  
C:\Users\samue\repos\redis-windows\build_work\redis\build\patched\src\sds.h(146,34): warning C4267: '=': conversion from 'size_t' to 'unsigned char', possible loss of data [C:\Users\samue\repos\redis-windows\build_work\redis\build\src\redis-server.vcxproj]
  (compiling source file '../patched/src/keymeta.c')
  
C:\Users\samue\repos\redis-windows\build_work\redis\build\patched\src\sds.h(150,33): warning C4267: '=': conversion from 'size_t' to 'uint8_t', possible loss of data [C:\Users\samue\repos\redis-windows\build_work\redis\build\src\redis-server.vcxproj]
  (compiling source file '../patched/src/keymeta.c')
  
C:\Users\samue\repos\redis-windows\build_work\redis\build\patched\src\sds.h(153,34): warning C4267: '=': conversion from 'size_t' to 'uint16_t', possible loss of data [C:\Users\samue\repos\redis-windows\build_work\redis\build\src\redis-server.vcxproj]
  (compiling source file '../patched/src/keymeta.c')
  
C:\Users\samue\repos\redis-windows\build_work\redis\build\patched\src\sds.h(156,34): warning C4267: '=': conversion from 'size_t' to 'uint32_t', possible loss of data [C:\Users\samue\repos\redis-windows\build_work\redis\build\src\redis-server.vcxproj]
  (compiling source file '../patched/src/keymeta.c')
  
C:\Users\samue\repos\redis-windows\build_work\redis\build\patched\src\sds.h(174,34): warning C4267: '+=': conversion from 'size_t' to 'uint8_t', possible loss of data [C:\Users\samue\repos\redis-windows\build_work\redis\build\src\redis-server.vcxproj]
  (compiling source file '../patched/src/keymeta.c')
  
C:\Users\samue\repos\redis-windows\build_work\redis\build\patched\src\sds.h(177,35): warning C4267: '+=': conversion from 'size_t' to 'uint16_t', possible loss of data [C:\Users\samue\repos\redis-windows\build_work\redis\build\src\redis-server.vcxproj]
  (compiling source file '../patched/src/keymeta.c')
  
C:\Users\samue\repos\redis-windows\build_work\redis\build\patched\src\sds.h(180,35): warning C4267: '+=': conversion from 'size_t' to 'uint32_t', possible loss of data [C:\Users\samue\repos\redis-windows\build_work\redis\build\src\redis-server.vcxproj]
  (compiling source file '../patched/src/keymeta.c')
  
C:\Users\samue\repos\redis-windows\build_work\redis\build\patched\src\sds.h(169,57): warning C4267: 'initializing': conversion from 'size_t' to 'unsigned char', possible loss of data [C:\Users\samue\repos\redis-windows\build_work\redis\build\src\redis-server.vcxproj]
  (compiling source file '../patched/src/keymeta.c')
  
C:\Users\samue\repos\redis-windows\build_work\redis\build\patched\src\sds.h(234,50): warning C4267: '=': conversion from 'size_t' to 'uint8_t', possible loss of data [C:\Users\samue\repos\redis-windows\build_work\redis\build\src\redis-server.vcxproj]
  (compiling source file '../patched/src/keymeta.c')
  
C:\Users\samue\repos\redis-windows\build_work\redis\build\patched\src\sds.h(237,53): warning C4267: '=': conversion from 'size_t' to 'uint16_t', possible loss of data [C:\Users\samue\repos\redis-windows\build_work\redis\build\src\redis-server.vcxproj]
  (compiling source file '../patched/src/keymeta.c')
  
C:\Users\samue\repos\redis-windows\build_work\redis\build\patched\src\sds.h(240,36): warning C4267: '=': conversion from 'size_t' to 'uint32_t', possible loss of data [C:\Users\samue\repos\redis-windows\build_work\redis\build\src\redis-server.vcxproj]
  (compiling source file '../patched/src/keymeta.c')
  
C:\Users\samue\repos\redis-windows\build_work\redis\build\patched\src\keymeta.c(97,31): warning C4244: 'initializing': conversion from '__int64' to 'unsigned long', possible loss of data [C:\Users\samue\repos\redis-windows\build_work\redis\build\src\redis-server.vcxproj]
  lolwut8.c
C:\Users\samue\repos\redis-windows\build_work\redis\build\msvc_compat.h(156,9): warning C4028: formal parameter 1 different from declaration [C:\Users\samue\repos\redis-windows\build_work\redis\build\src\redis-server.vcxproj]
  (compiling source file '../patched/src/lolwut8.c')
  
C:\Users\samue\repos\redis-windows\build_work\redis\build\msvc_compat.h(157,9): warning C4028: formal parameter 1 different from declaration [C:\Users\samue\repos\redis-windows\build_work\redis\build\src\redis-server.vcxproj]
  (compiling source file '../patched/src/lolwut8.c')
  
C:\Users\samue\repos\redis-windows\build_work\redis\build\msvc_compat.h(164,5): warning C4028: formal parameter 1 different from declaration [C:\Users\samue\repos\redis-windows\build_work\redis\build\src\redis-server.vcxproj]
  (compiling source file '../patched/src/lolwut8.c')
  
C:\Users\samue\repos\redis-windows\build_work\redis\build\patched\src\sds.h(146,34): warning C4267: '=': conversion from 'size_t' to 'unsigned char', possible loss of data [C:\Users\samue\repos\redis-windows\build_work\redis\build\src\redis-server.vcxproj]
  (compiling source file '../patched/src/lolwut8.c')
  
C:\Users\samue\repos\redis-windows\build_work\redis\build\patched\src\sds.h(150,33): warning C4267: '=': conversion from 'size_t' to 'uint8_t', possible loss of data [C:\Users\samue\repos\redis-windows\build_work\redis\build\src\redis-server.vcxproj]
  (compiling source file '../patched/src/lolwut8.c')
  
C:\Users\samue\repos\redis-windows\build_work\redis\build\patched\src\sds.h(153,34): warning C4267: '=': conversion from 'size_t' to 'uint16_t', possible loss of data [C:\Users\samue\repos\redis-windows\build_work\redis\build\src\redis-server.vcxproj]
  (compiling source file '../patched/src/lolwut8.c')
  
C:\Users\samue\repos\redis-windows\build_work\redis\build\patched\src\sds.h(156,34): warning C4267: '=': conversion from 'size_t' to 'uint32_t', possible loss of data [C:\Users\samue\repos\redis-windows\build_work\redis\build\src\redis-server.vcxproj]
  (compiling source file '../patched/src/lolwut8.c')
  
C:\Users\samue\repos\redis-windows\build_work\redis\build\patched\src\sds.h(174,34): warning C4267: '+=': conversion from 'size_t' to 'uint8_t', possible loss of data [C:\Users\samue\repos\redis-windows\build_work\redis\build\src\redis-server.vcxproj]
  (compiling source file '../patched/src/lolwut8.c')
  
C:\Users\samue\repos\redis-windows\build_work\redis\build\patched\src\sds.h(177,35): warning C4267: '+=': conversion from 'size_t' to 'uint16_t', possible loss of data [C:\Users\samue\repos\redis-windows\build_work\redis\build\src\redis-server.vcxproj]
  (compiling source file '../patched/src/lolwut8.c')
  
C:\Users\samue\repos\redis-windows\build_work\redis\build\patched\src\sds.h(180,35): warning C4267: '+=': conversion from 'size_t' to 'uint32_t', possible loss of data [C:\Users\samue\repos\redis-windows\build_work\redis\build\src\redis-server.vcxproj]
  (compiling source file '../patched/src/lolwut8.c')
  
C:\Users\samue\repos\redis-windows\build_work\redis\build\patched\src\sds.h(169,57): warning C4267: 'initializing': conversion from 'size_t' to 'unsigned char', possible loss of data [C:\Users\samue\repos\redis-windows\build_work\redis\build\src\redis-server.vcxproj]
  (compiling source file '../patched/src/lolwut8.c')
  
C:\Users\samue\repos\redis-windows\build_work\redis\build\patched\src\sds.h(234,50): warning C4267: '=': conversion from 'size_t' to 'uint8_t', possible loss of data [C:\Users\samue\repos\redis-windows\build_work\redis\build\src\redis-server.vcxproj]
  (compiling source file '../patched/src/lolwut8.c')
  
C:\Users\samue\repos\redis-windows\build_work\redis\build\patched\src\sds.h(237,53): warning C4267: '=': conversion from 'size_t' to 'uint16_t', possible loss of data [C:\Users\samue\repos\redis-windows\build_work\redis\build\src\redis-server.vcxproj]
  (compiling source file '../patched/src/lolwut8.c')
  
C:\Users\samue\repos\redis-windows\build_work\redis\build\patched\src\sds.h(240,36): warning C4267: '=': conversion from 'size_t' to 'uint32_t', possible loss of data [C:\Users\samue\repos\redis-windows\build_work\redis\build\src\redis-server.vcxproj]
  (compiling source file '../patched/src/lolwut8.c')
  
  mstr.c
C:\Users\samue\repos\redis-windows\build_work\redis\build\msvc_compat.h(156,9): warning C4028: formal parameter 1 different from declaration [C:\Users\samue\repos\redis-windows\build_work\redis\build\src\redis-server.vcxproj]
  (compiling source file '../patched/src/mstr.c')
  
C:\Users\samue\repos\redis-windows\build_work\redis\build\msvc_compat.h(157,9): warning C4028: formal parameter 1 different from declaration [C:\Users\samue\repos\redis-windows\build_work\redis\build\src\redis-server.vcxproj]
  (compiling source file '../patched/src/mstr.c')
  
C:\Users\samue\repos\redis-windows\build_work\redis\build\msvc_compat.h(164,5): warning C4028: formal parameter 1 different from declaration [C:\Users\samue\repos\redis-windows\build_work\redis\build\src\redis-server.vcxproj]
  (compiling source file '../patched/src/mstr.c')
  
C:\Users\samue\repos\redis-windows\build_work\redis\build\patched\src\mstr.c(47,22): warning C4267: '=': conversion from 'size_t' to 'unsigned char', possible loss of data [C:\Users\samue\repos\redis-windows\build_work\redis\build\src\redis-server.vcxproj]
C:\Users\samue\repos\redis-windows\build_work\redis\build\patched\src\mstr.c(53,23): warning C4267: '=': conversion from 'size_t' to 'uint8_t', possible loss of data [C:\Users\samue\repos\redis-windows\build_work\redis\build\src\redis-server.vcxproj]
C:\Users\samue\repos\redis-windows\build_work\redis\build\patched\src\mstr.c(59,23): warning C4267: '=': conversion from 'size_t' to 'uint16_t', possible loss of data [C:\Users\samue\repos\redis-windows\build_work\redis\build\src\redis-server.vcxproj]
C:\Users\samue\repos\redis-windows\build_work\redis\build\patched\src\mstr.c(106,22): warning C4267: '=': conversion from 'size_t' to 'unsigned char', possible loss of data [C:\Users\samue\repos\redis-windows\build_work\redis\build\src\redis-server.vcxproj]
C:\Users\samue\repos\redis-windows\build_work\redis\build\patched\src\mstr.c(111,23): warning C4267: '=': conversion from 'size_t' to 'uint8_t', possible loss of data [C:\Users\samue\repos\redis-windows\build_work\redis\build\src\redis-server.vcxproj]
C:\Users\samue\repos\redis-windows\build_work\redis\build\patched\src\mstr.c(117,23): warning C4267: '=': conversion from 'size_t' to 'uint16_t', possible loss of data [C:\Users\samue\repos\redis-windows\build_work\redis\build\src\redis-server.vcxproj]
  script_lua.c
C:\Users\samue\repos\redis-windows\build_work\redis\build\msvc_compat.h(156,9): warning C4028: formal parameter 1 different from declaration [C:\Users\samue\repos\redis-windows\build_work\redis\build\src\redis-server.vcxproj]
  (compiling source file '../patched/src/script_lua.c')
  
C:\Users\samue\repos\redis-windows\build_work\redis\build\msvc_compat.h(157,9): warning C4028: formal parameter 1 different from declaration [C:\Users\samue\repos\redis-windows\build_work\redis\build\src\redis-server.vcxproj]
  (compiling source file '../patched/src/script_lua.c')
  
C:\Users\samue\repos\redis-windows\build_work\redis\build\msvc_compat.h(164,5): warning C4028: formal parameter 1 different from declaration [C:\Users\samue\repos\redis-windows\build_work\redis\build\src\redis-server.vcxproj]
  (compiling source file '../patched/src/script_lua.c')
  
C:\Users\samue\repos\redis-windows\build_work\redis\build\patched\src\sds.h(146,34): warning C4267: '=': conversion from 'size_t' to 'unsigned char', possible loss of data [C:\Users\samue\repos\redis-windows\build_work\redis\build\src\redis-server.vcxproj]
  (compiling source file '../patched/src/script_lua.c')
  
C:\Users\samue\repos\redis-windows\build_work\redis\build\patched\src\sds.h(150,33): warning C4267: '=': conversion from 'size_t' to 'uint8_t', possible loss of data [C:\Users\samue\repos\redis-windows\build_work\redis\build\src\redis-server.vcxproj]
  (compiling source file '../patched/src/script_lua.c')
  
C:\Users\samue\repos\redis-windows\build_work\redis\build\patched\src\sds.h(153,34): warning C4267: '=': conversion from 'size_t' to 'uint16_t', possible loss of data [C:\Users\samue\repos\redis-windows\build_work\redis\build\src\redis-server.vcxproj]
  (compiling source file '../patched/src/script_lua.c')
  
C:\Users\samue\repos\redis-windows\build_work\redis\build\patched\src\sds.h(156,34): warning C4267: '=': conversion from 'size_t' to 'uint32_t', possible loss of data [C:\Users\samue\repos\redis-windows\build_work\redis\build\src\redis-server.vcxproj]
  (compiling source file '../patched/src/script_lua.c')
  
C:\Users\samue\repos\redis-windows\build_work\redis\build\patched\src\sds.h(174,34): warning C4267: '+=': conversion from 'size_t' to 'uint8_t', possible loss of data [C:\Users\samue\repos\redis-windows\build_work\redis\build\src\redis-server.vcxproj]
  (compiling source file '../patched/src/script_lua.c')
  
C:\Users\samue\repos\redis-windows\build_work\redis\build\patched\src\sds.h(177,35): warning C4267: '+=': conversion from 'size_t' to 'uint16_t', possible loss of data [C:\Users\samue\repos\redis-windows\build_work\redis\build\src\redis-server.vcxproj]
  (compiling source file '../patched/src/script_lua.c')
  
C:\Users\samue\repos\redis-windows\build_work\redis\build\patched\src\sds.h(180,35): warning C4267: '+=': conversion from 'size_t' to 'uint32_t', possible loss of data [C:\Users\samue\repos\redis-windows\build_work\redis\build\src\redis-server.vcxproj]
  (compiling source file '../patched/src/script_lua.c')
  
C:\Users\samue\repos\redis-windows\build_work\redis\build\patched\src\sds.h(169,57): warning C4267: 'initializing': conversion from 'size_t' to 'unsigned char', possible loss of data [C:\Users\samue\repos\redis-windows\build_work\redis\build\src\redis-server.vcxproj]
  (compiling source file '../patched/src/script_lua.c')
  
C:\Users\samue\repos\redis-windows\build_work\redis\build\patched\src\sds.h(234,50): warning C4267: '=': conversion from 'size_t' to 'uint8_t', possible loss of data [C:\Users\samue\repos\redis-windows\build_work\redis\build\src\redis-server.vcxproj]
  (compiling source file '../patched/src/script_lua.c')
  
C:\Users\samue\repos\redis-windows\build_work\redis\build\patched\src\sds.h(237,53): warning C4267: '=': conversion from 'size_t' to 'uint16_t', possible loss of data [C:\Users\samue\repos\redis-windows\build_work\redis\build\src\redis-server.vcxproj]
  (compiling source file '../patched/src/script_lua.c')
  
C:\Users\samue\repos\redis-windows\build_work\redis\build\patched\src\sds.h(240,36): warning C4267: '=': conversion from 'size_t' to 'uint32_t', possible loss of data [C:\Users\samue\repos\redis-windows\build_work\redis\build\src\redis-server.vcxproj]
  (compiling source file '../patched/src/script_lua.c')
  
C:\Users\samue\repos\redis-windows\build_work\redis\build\patched\src\script_lua.c(393,38): warning C4244: 'function': conversion from 'size_t' to 'lua_Number', possible loss of data [C:\Users\samue\repos\redis-windows\build_work\redis\build\src\redis-server.vcxproj]
C:\Users\samue\repos\redis-windows\build_work\redis\build\patched\src\script_lua.c(1106,13): warning C4244: '=': conversion from 'lua_Number' to 'int', possible loss of data [C:\Users\samue\repos\redis-windows\build_work\redis\build\src\redis-server.vcxproj]
C:\Users\samue\repos\redis-windows\build_work\redis\build\patched\src\script_lua.c(1168,13): warning C4244: '=': conversion from 'lua_Number' to 'int', possible loss of data [C:\Users\samue\repos\redis-windows\build_work\redis\build\src\redis-server.vcxproj]
C:\Users\samue\repos\redis-windows\build_work\redis\build\patched\src\script_lua.c(1203,16): warning C4244: 'initializing': conversion from 'lua_Number' to 'int', possible loss of data [C:\Users\samue\repos\redis-windows\build_work\redis\build\src\redis-server.vcxproj]
C:\Users\samue\repos\redis-windows\build_work\redis\build\patched\src\script_lua.c(1682,29): warning C4267: 'function': conversion from 'size_t' to 'int', possible loss of data [C:\Users\samue\repos\redis-windows\build_work\redis\build\src\redis-server.vcxproj]
C:\Users\samue\repos\redis-windows\build_work\redis\build\patched\src\script_lua.c(1690,29): warning C4267: 'function': conversion from 'size_t' to 'int', possible loss of data [C:\Users\samue\repos\redis-windows\build_work\redis\build\src\redis-server.vcxproj]
  slowlog.c
C:\Users\samue\repos\redis-windows\build_work\redis\build\msvc_compat.h(156,9): warning C4028: formal parameter 1 different from declaration [C:\Users\samue\repos\redis-windows\build_work\redis\build\src\redis-server.vcxproj]
  (compiling source file '../patched/src/slowlog.c')
  
C:\Users\samue\repos\redis-windows\build_work\redis\build\msvc_compat.h(157,9): warning C4028: formal parameter 1 different from declaration [C:\Users\samue\repos\redis-windows\build_work\redis\build\src\redis-server.vcxproj]
  (compiling source file '../patched/src/slowlog.c')
  
C:\Users\samue\repos\redis-windows\build_work\redis\build\msvc_compat.h(164,5): warning C4028: formal parameter 1 different from declaration [C:\Users\samue\repos\redis-windows\build_work\redis\build\src\redis-server.vcxproj]
  (compiling source file '../patched/src/slowlog.c')
  
C:\Users\samue\repos\redis-windows\build_work\redis\build\patched\src\sds.h(146,34): warning C4267: '=': conversion from 'size_t' to 'unsigned char', possible loss of data [C:\Users\samue\repos\redis-windows\build_work\redis\build\src\redis-server.vcxproj]
  (compiling source file '../patched/src/slowlog.c')
  
C:\Users\samue\repos\redis-windows\build_work\redis\build\patched\src\sds.h(150,33): warning C4267: '=': conversion from 'size_t' to 'uint8_t', possible loss of data [C:\Users\samue\repos\redis-windows\build_work\redis\build\src\redis-server.vcxproj]
  (compiling source file '../patched/src/slowlog.c')
  
C:\Users\samue\repos\redis-windows\build_work\redis\build\patched\src\sds.h(153,34): warning C4267: '=': conversion from 'size_t' to 'uint16_t', possible loss of data [C:\Users\samue\repos\redis-windows\build_work\redis\build\src\redis-server.vcxproj]
  (compiling source file '../patched/src/slowlog.c')
  
C:\Users\samue\repos\redis-windows\build_work\redis\build\patched\src\sds.h(156,34): warning C4267: '=': conversion from 'size_t' to 'uint32_t', possible loss of data [C:\Users\samue\repos\redis-windows\build_work\redis\build\src\redis-server.vcxproj]
  (compiling source file '../patched/src/slowlog.c')
  
C:\Users\samue\repos\redis-windows\build_work\redis\build\patched\src\sds.h(174,34): warning C4267: '+=': conversion from 'size_t' to 'uint8_t', possible loss of data [C:\Users\samue\repos\redis-windows\build_work\redis\build\src\redis-server.vcxproj]
  (compiling source file '../patched/src/slowlog.c')
  
C:\Users\samue\repos\redis-windows\build_work\redis\build\patched\src\sds.h(177,35): warning C4267: '+=': conversion from 'size_t' to 'uint16_t', possible loss of data [C:\Users\samue\repos\redis-windows\build_work\redis\build\src\redis-server.vcxproj]
  (compiling source file '../patched/src/slowlog.c')
  
C:\Users\samue\repos\redis-windows\build_work\redis\build\patched\src\sds.h(180,35): warning C4267: '+=': conversion from 'size_t' to 'uint32_t', possible loss of data [C:\Users\samue\repos\redis-windows\build_work\redis\build\src\redis-server.vcxproj]
  (compiling source file '../patched/src/slowlog.c')
  
C:\Users\samue\repos\redis-windows\build_work\redis\build\patched\src\sds.h(169,57): warning C4267: 'initializing': conversion from 'size_t' to 'unsigned char', possible loss of data [C:\Users\samue\repos\redis-windows\build_work\redis\build\src\redis-server.vcxproj]
  (compiling source file '../patched/src/slowlog.c')
  
C:\Users\samue\repos\redis-windows\build_work\redis\build\patched\src\sds.h(234,50): warning C4267: '=': conversion from 'size_t' to 'uint8_t', possible loss of data [C:\Users\samue\repos\redis-windows\build_work\redis\build\src\redis-server.vcxproj]
  (compiling source file '../patched/src/slowlog.c')
  
C:\Users\samue\repos\redis-windows\build_work\redis\build\patched\src\sds.h(237,53): warning C4267: '=': conversion from 'size_t' to 'uint16_t', possible loss of data [C:\Users\samue\repos\redis-windows\build_work\redis\build\src\redis-server.vcxproj]
  (compiling source file '../patched/src/slowlog.c')
  
C:\Users\samue\repos\redis-windows\build_work\redis\build\patched\src\sds.h(240,36): warning C4267: '=': conversion from 'size_t' to 'uint32_t', possible loss of data [C:\Users\samue\repos\redis-windows\build_work\redis\build\src\redis-server.vcxproj]
  (compiling source file '../patched/src/slowlog.c')
  
  vector.c
C:\Users\samue\repos\redis-windows\build_work\redis\build\msvc_compat.h(156,9): warning C4028: formal parameter 1 different from declaration [C:\Users\samue\repos\redis-windows\build_work\redis\build\src\redis-server.vcxproj]
  (compiling source file '../patched/src/vector.c')
  
C:\Users\samue\repos\redis-windows\build_work\redis\build\msvc_compat.h(157,9): warning C4028: formal parameter 1 different from declaration [C:\Users\samue\repos\redis-windows\build_work\redis\build\src\redis-server.vcxproj]
  (compiling source file '../patched/src/vector.c')
  
C:\Users\samue\repos\redis-windows\build_work\redis\build\msvc_compat.h(164,5): warning C4028: formal parameter 1 different from declaration [C:\Users\samue\repos\redis-windows\build_work\redis\build\src\redis-server.vcxproj]
  (compiling source file '../patched/src/vector.c')
  
  fast_float_strtod.c
C:\Users\samue\repos\redis-windows\build_work\redis\build\msvc_compat.h(156,9): warning C4028: formal parameter 1 different from declaration [C:\Users\samue\repos\redis-windows\build_work\redis\build\src\redis-server.vcxproj]
  (compiling source file '../patched/src/fast_float_strtod.c')
  
C:\Users\samue\repos\redis-windows\build_work\redis\build\msvc_compat.h(157,9): warning C4028: formal parameter 1 different from declaration [C:\Users\samue\repos\redis-windows\build_work\redis\build\src\redis-server.vcxproj]
  (compiling source file '../patched/src/fast_float_strtod.c')
  
C:\Users\samue\repos\redis-windows\build_work\redis\build\msvc_compat.h(164,5): warning C4028: formal parameter 1 different from declaration [C:\Users\samue\repos\redis-windows\build_work\redis\build\src\redis-server.vcxproj]
  (compiling source file '../patched/src/fast_float_strtod.c')
  
  t_array.c
C:\Users\samue\repos\redis-windows\build_work\redis\build\msvc_compat.h(156,9): warning C4028: formal parameter 1 different from declaration [C:\Users\samue\repos\redis-windows\build_work\redis\build\src\redis-server.vcxproj]
  (compiling source file '../patched/src/t_array.c')
  
C:\Users\samue\repos\redis-windows\build_work\redis\build\msvc_compat.h(157,9): warning C4028: formal parameter 1 different from declaration [C:\Users\samue\repos\redis-windows\build_work\redis\build\src\redis-server.vcxproj]
  (compiling source file '../patched/src/t_array.c')
  
C:\Users\samue\repos\redis-windows\build_work\redis\build\msvc_compat.h(164,5): warning C4028: formal parameter 1 different from declaration [C:\Users\samue\repos\redis-windows\build_work\redis\build\src\redis-server.vcxproj]
  (compiling source file '../patched/src/t_array.c')
  
C:\Users\samue\repos\redis-windows\build_work\redis\build\patched\src\sds.h(146,34): warning C4267: '=': conversion from 'size_t' to 'unsigned char', possible loss of data [C:\Users\samue\repos\redis-windows\build_work\redis\build\src\redis-server.vcxproj]
  (compiling source file '../patched/src/t_array.c')
  
C:\Users\samue\repos\redis-windows\build_work\redis\build\patched\src\sds.h(150,33): warning C4267: '=': conversion from 'size_t' to 'uint8_t', possible loss of data [C:\Users\samue\repos\redis-windows\build_work\redis\build\src\redis-server.vcxproj]
  (compiling source file '../patched/src/t_array.c')
  
C:\Users\samue\repos\redis-windows\build_work\redis\build\patched\src\sds.h(153,34): warning C4267: '=': conversion from 'size_t' to 'uint16_t', possible loss of data [C:\Users\samue\repos\redis-windows\build_work\redis\build\src\redis-server.vcxproj]
  (compiling source file '../patched/src/t_array.c')
  
C:\Users\samue\repos\redis-windows\build_work\redis\build\patched\src\sds.h(156,34): warning C4267: '=': conversion from 'size_t' to 'uint32_t', possible loss of data [C:\Users\samue\repos\redis-windows\build_work\redis\build\src\redis-server.vcxproj]
  (compiling source file '../patched/src/t_array.c')
  
C:\Users\samue\repos\redis-windows\build_work\redis\build\patched\src\sds.h(174,34): warning C4267: '+=': conversion from 'size_t' to 'uint8_t', possible loss of data [C:\Users\samue\repos\redis-windows\build_work\redis\build\src\redis-server.vcxproj]
  (compiling source file '../patched/src/t_array.c')
  
C:\Users\samue\repos\redis-windows\build_work\redis\build\patched\src\sds.h(177,35): warning C4267: '+=': conversion from 'size_t' to 'uint16_t', possible loss of data [C:\Users\samue\repos\redis-windows\build_work\redis\build\src\redis-server.vcxproj]
  (compiling source file '../patched/src/t_array.c')
  
C:\Users\samue\repos\redis-windows\build_work\redis\build\patched\src\sds.h(180,35): warning C4267: '+=': conversion from 'size_t' to 'uint32_t', possible loss of data [C:\Users\samue\repos\redis-windows\build_work\redis\build\src\redis-server.vcxproj]
  (compiling source file '../patched/src/t_array.c')
  
C:\Users\samue\repos\redis-windows\build_work\redis\build\patched\src\sds.h(169,57): warning C4267: 'initializing': conversion from 'size_t' to 'unsigned char', possible loss of data [C:\Users\samue\repos\redis-windows\build_work\redis\build\src\redis-server.vcxproj]
  (compiling source file '../patched/src/t_array.c')
  
C:\Users\samue\repos\redis-windows\build_work\redis\build\patched\src\sds.h(234,50): warning C4267: '=': conversion from 'size_t' to 'uint8_t', possible loss of data [C:\Users\samue\repos\redis-windows\build_work\redis\build\src\redis-server.vcxproj]
  (compiling source file '../patched/src/t_array.c')
  
C:\Users\samue\repos\redis-windows\build_work\redis\build\patched\src\sds.h(237,53): warning C4267: '=': conversion from 'size_t' to 'uint16_t', possible loss of data [C:\Users\samue\repos\redis-windows\build_work\redis\build\src\redis-server.vcxproj]
  (compiling source file '../patched/src/t_array.c')
  
C:\Users\samue\repos\redis-windows\build_work\redis\build\patched\src\sds.h(240,36): warning C4267: '=': conversion from 'size_t' to 'uint32_t', possible loss of data [C:\Users\samue\repos\redis-windows\build_work\redis\build\src\redis-server.vcxproj]
  (compiling source file '../patched/src/t_array.c')
  
C:\Users\samue\repos\redis-windows\build_work\redis\build\patched\src\t_array.c(84,13): warning C4311: 'type cast': pointer truncation from 'void *' to 'long' [C:\Users\samue\repos\redis-windows\build_work\redis\build\src\redis-server.vcxproj]
C:\Users\samue\repos\redis-windows\build_work\redis\build\patched\src\t_array.c(85,35): warning C4311: 'type cast': pointer truncation from 'void *' to 'long' [C:\Users\samue\repos\redis-windows\build_work\redis\build\src\redis-server.vcxproj]
C:\Users\samue\repos\redis-windows\build_work\redis\build\patched\src\t_array.c(453,25): warning C4244: 'function': conversion from 'uint64_t' to 'long', possible loss of data [C:\Users\samue\repos\redis-windows\build_work\redis\build\src\redis-server.vcxproj]
C:\Users\samue\repos\redis-windows\build_work\redis\build\patched\src\t_array.c(879,38): warning C4244: 'function': conversion from 'uint64_t' to 'long', possible loss of data [C:\Users\samue\repos\redis-windows\build_work\redis\build\src\redis-server.vcxproj]
C:\Users\samue\repos\redis-windows\build_work\redis\build\patched\src\t_array.c(1155,46): warning C4267: 'function': conversion from 'size_t' to 'int', possible loss of data [C:\Users\samue\repos\redis-windows\build_work\redis\build\src\redis-server.vcxproj]
C:\Users\samue\repos\redis-windows\build_work\redis\build\patched\src\t_array.c(1155,65): warning C4267: 'function': conversion from 'size_t' to 'int', possible loss of data [C:\Users\samue\repos\redis-windows\build_work\redis\build\src\redis-server.vcxproj]
C:\Users\samue\repos\redis-windows\build_work\redis\build\patched\src\t_array.c(1250,38): warning C4244: 'function': conversion from 'uint64_t' to 'long', possible loss of data [C:\Users\samue\repos\redis-windows\build_work\redis\build\src\redis-server.vcxproj]
C:\Users\samue\repos\redis-windows\build_work\redis\build\patched\src\t_array.c(1873,25): warning C4244: 'function': conversion from 'uint64_t' to 'long', possible loss of data [C:\Users\samue\repos\redis-windows\build_work\redis\build\src\redis-server.vcxproj]
  sparsearray.c
C:\Users\samue\repos\redis-windows\build_work\redis\build\msvc_compat.h(156,9): warning C4028: formal parameter 1 different from declaration [C:\Users\samue\repos\redis-windows\build_work\redis\build\src\redis-server.vcxproj]
  (compiling source file '../patched/src/sparsearray.c')
  
C:\Users\samue\repos\redis-windows\build_work\redis\build\msvc_compat.h(157,9): warning C4028: formal parameter 1 different from declaration [C:\Users\samue\repos\redis-windows\build_work\redis\build\src\redis-server.vcxproj]
  (compiling source file '../patched/src/sparsearray.c')
  
C:\Users\samue\repos\redis-windows\build_work\redis\build\msvc_compat.h(164,5): warning C4028: formal parameter 1 different from declaration [C:\Users\samue\repos\redis-windows\build_work\redis\build\src\redis-server.vcxproj]
  (compiling source file '../patched/src/sparsearray.c')
  
C:\Users\samue\repos\redis-windows\build_work\redis\build\patched\src\sds.h(146,34): warning C4267: '=': conversion from 'size_t' to 'unsigned char', possible loss of data [C:\Users\samue\repos\redis-windows\build_work\redis\build\src\redis-server.vcxproj]
  (compiling source file '../patched/src/sparsearray.c')
  
C:\Users\samue\repos\redis-windows\build_work\redis\build\patched\src\sds.h(150,33): warning C4267: '=': conversion from 'size_t' to 'uint8_t', possible loss of data [C:\Users\samue\repos\redis-windows\build_work\redis\build\src\redis-server.vcxproj]
  (compiling source file '../patched/src/sparsearray.c')
  
C:\Users\samue\repos\redis-windows\build_work\redis\build\patched\src\sds.h(153,34): warning C4267: '=': conversion from 'size_t' to 'uint16_t', possible loss of data [C:\Users\samue\repos\redis-windows\build_work\redis\build\src\redis-server.vcxproj]
  (compiling source file '../patched/src/sparsearray.c')
  
C:\Users\samue\repos\redis-windows\build_work\redis\build\patched\src\sds.h(156,34): warning C4267: '=': conversion from 'size_t' to 'uint32_t', possible loss of data [C:\Users\samue\repos\redis-windows\build_work\redis\build\src\redis-server.vcxproj]
  (compiling source file '../patched/src/sparsearray.c')
  
C:\Users\samue\repos\redis-windows\build_work\redis\build\patched\src\sds.h(174,34): warning C4267: '+=': conversion from 'size_t' to 'uint8_t', possible loss of data [C:\Users\samue\repos\redis-windows\build_work\redis\build\src\redis-server.vcxproj]
  (compiling source file '../patched/src/sparsearray.c')
  
C:\Users\samue\repos\redis-windows\build_work\redis\build\patched\src\sds.h(177,35): warning C4267: '+=': conversion from 'size_t' to 'uint16_t', possible loss of data [C:\Users\samue\repos\redis-windows\build_work\redis\build\src\redis-server.vcxproj]
  (compiling source file '../patched/src/sparsearray.c')
  
C:\Users\samue\repos\redis-windows\build_work\redis\build\patched\src\sds.h(180,35): warning C4267: '+=': conversion from 'size_t' to 'uint32_t', possible loss of data [C:\Users\samue\repos\redis-windows\build_work\redis\build\src\redis-server.vcxproj]
  (compiling source file '../patched/src/sparsearray.c')
  
C:\Users\samue\repos\redis-windows\build_work\redis\build\patched\src\sds.h(169,57): warning C4267: 'initializing': conversion from 'size_t' to 'unsigned char', possible loss of data [C:\Users\samue\repos\redis-windows\build_work\redis\build\src\redis-server.vcxproj]
  (compiling source file '../patched/src/sparsearray.c')
  
C:\Users\samue\repos\redis-windows\build_work\redis\build\patched\src\sds.h(234,50): warning C4267: '=': conversion from 'size_t' to 'uint8_t', possible loss of data [C:\Users\samue\repos\redis-windows\build_work\redis\build\src\redis-server.vcxproj]
  (compiling source file '../patched/src/sparsearray.c')
  
C:\Users\samue\repos\redis-windows\build_work\redis\build\patched\src\sds.h(237,53): warning C4267: '=': conversion from 'size_t' to 'uint16_t', possible loss of data [C:\Users\samue\repos\redis-windows\build_work\redis\build\src\redis-server.vcxproj]
  (compiling source file '../patched/src/sparsearray.c')
  
C:\Users\samue\repos\redis-windows\build_work\redis\build\patched\src\sds.h(240,36): warning C4267: '=': conversion from 'size_t' to 'uint32_t', possible loss of data [C:\Users\samue\repos\redis-windows\build_work\redis\build\src\redis-server.vcxproj]
  (compiling source file '../patched/src/sparsearray.c')
  
C:\Users\samue\repos\redis-windows\build_work\redis\build\patched\src\sparsearray.c(1571,25): warning C4244: '-=': conversion from 'uint64_t' to 'uint32_t', possible loss of data [C:\Users\samue\repos\redis-windows\build_work\redis\build\src\redis-server.vcxproj]
C:\Users\samue\repos\redis-windows\build_work\redis\build\patched\src\sparsearray.c(2066,26): warning C4244: 'return': conversion from 'uint64_t' to 'unsigned long', possible loss of data [C:\Users\samue\repos\redis-windows\build_work\redis\build\src\redis-server.vcxproj]
C:\Users\samue\repos\redis-windows\build_work\redis\build\patched\src\sparsearray.c(2076,22): warning C4244: 'return': conversion from 'uint64_t' to 'unsigned long', possible loss of data [C:\Users\samue\repos\redis-windows\build_work\redis\build\src\redis-server.vcxproj]
  Generating code
  Previous IPDB not found, fall back to full compilation.
  All 5133 functions were compiled because no usable IPDB/IOBJ from previous compilation was found.
  Finished generating code
  redis-server.vcxproj -> C:\Users\samue\repos\redis-windows\build_work\redis\build\bin\Release\redis-server.exe
  
  Hint: It is a good idea to run tests with your CMake-built binaries \;\)
        ./build/runtest
  
  Building Custom Rule C:/Users/samue/repos/redis-windows/build_work/redis/cmake/src/CMakeLists.txt
  Building Custom Rule C:/Users/samue/repos/redis-windows/build_work/redis/build/patched/tests/modules/CMakeLists.txt
  aclcheck.c
C:\Users\samue\repos\redis-windows\build_work\redis\build\msvc_compat.h(156,9): warning C4028: formal parameter 1 different from declaration [C:\Users\samue\repos\redis-windows\build_work\redis\build\tests\modules\aclcheck.vcxproj]
  (compiling source file '../../../tests/modules/aclcheck.c')
  
C:\Users\samue\repos\redis-windows\build_work\redis\build\msvc_compat.h(157,9): warning C4028: formal parameter 1 different from declaration [C:\Users\samue\repos\redis-windows\build_work\redis\build\tests\modules\aclcheck.vcxproj]
  (compiling source file '../../../tests/modules/aclcheck.c')
  
C:\Users\samue\repos\redis-windows\build_work\redis\build\msvc_compat.h(164,5): warning C4028: formal parameter 1 different from declaration [C:\Users\samue\repos\redis-windows\build_work\redis\build\tests\modules\aclcheck.vcxproj]
  (compiling source file '../../../tests/modules/aclcheck.c')
  
  Auto build dll exports
     Creating library C:/Users/samue/repos/redis-windows/build_work/redis/build/lib/Release/aclcheck.lib and object C:/Users/samue/repos/redis-windows/build_work/redis/build/lib/Release/aclcheck.exp
  aclcheck.vcxproj -> C:\Users\samue\repos\redis-windows\build_work\redis\build\bin\Release\aclcheck.dll
  Building Custom Rule C:/Users/samue/repos/redis-windows/build_work/redis/build/patched/tests/modules/CMakeLists.txt
  auth.c
C:\Users\samue\repos\redis-windows\build_work\redis\build\msvc_compat.h(156,9): warning C4028: formal parameter 1 different from declaration [C:\Users\samue\repos\redis-windows\build_work\redis\build\tests\modules\auth.vcxproj]
  (compiling source file '../../../tests/modules/auth.c')
  
C:\Users\samue\repos\redis-windows\build_work\redis\build\msvc_compat.h(157,9): warning C4028: formal parameter 1 different from declaration [C:\Users\samue\repos\redis-windows\build_work\redis\build\tests\modules\auth.vcxproj]
  (compiling source file '../../../tests/modules/auth.c')
  
C:\Users\samue\repos\redis-windows\build_work\redis\build\msvc_compat.h(164,5): warning C4028: formal parameter 1 different from declaration [C:\Users\samue\repos\redis-windows\build_work\redis\build\tests\modules\auth.vcxproj]
  (compiling source file '../../../tests/modules/auth.c')
  
  Auto build dll exports
     Creating library C:/Users/samue/repos/redis-windows/build_work/redis/build/lib/Release/auth.lib and object C:/Users/samue/repos/redis-windows/build_work/redis/build/lib/Release/auth.exp
  auth.vcxproj -> C:\Users\samue\repos\redis-windows\build_work\redis\build\bin\Release\auth.dll
  Building Custom Rule C:/Users/samue/repos/redis-windows/build_work/redis/build/patched/tests/modules/CMakeLists.txt
  basics.c
C:\Users\samue\repos\redis-windows\build_work\redis\build\msvc_compat.h(156,9): warning C4028: formal parameter 1 different from declaration [C:\Users\samue\repos\redis-windows\build_work\redis\build\tests\modules\basics.vcxproj]
  (compiling source file '../../../tests/modules/basics.c')
  
C:\Users\samue\repos\redis-windows\build_work\redis\build\msvc_compat.h(157,9): warning C4028: formal parameter 1 different from declaration [C:\Users\samue\repos\redis-windows\build_work\redis\build\tests\modules\basics.vcxproj]
  (compiling source file '../../../tests/modules/basics.c')
  
C:\Users\samue\repos\redis-windows\build_work\redis\build\msvc_compat.h(164,5): warning C4028: formal parameter 1 different from declaration [C:\Users\samue\repos\redis-windows\build_work\redis\build\tests\modules\basics.vcxproj]
  (compiling source file '../../../tests/modules/basics.c')
  
  Auto build dll exports
     Creating library C:/Users/samue/repos/redis-windows/build_work/redis/build/lib/Release/basics.lib and object C:/Users/samue/repos/redis-windows/build_work/redis/build/lib/Release/basics.exp
  basics.vcxproj -> C:\Users\samue\repos\redis-windows\build_work\redis\build\bin\Release\basics.dll
  Building Custom Rule C:/Users/samue/repos/redis-windows/build_work/redis/build/patched/tests/modules/CMakeLists.txt
  blockedclient.c
C:\Users\samue\repos\redis-windows\build_work\redis\build\msvc_compat.h(156,9): warning C4028: formal parameter 1 different from declaration [C:\Users\samue\repos\redis-windows\build_work\redis\build\tests\modules\blockedclient.vcxproj]
  (compiling source file '../../../tests/modules/blockedclient.c')
  
C:\Users\samue\repos\redis-windows\build_work\redis\build\msvc_compat.h(157,9): warning C4028: formal parameter 1 different from declaration [C:\Users\samue\repos\redis-windows\build_work\redis\build\tests\modules\blockedclient.vcxproj]
  (compiling source file '../../../tests/modules/blockedclient.c')
  
C:\Users\samue\repos\redis-windows\build_work\redis\build\msvc_compat.h(164,5): warning C4028: formal parameter 1 different from declaration [C:\Users\samue\repos\redis-windows\build_work\redis\build\tests\modules\blockedclient.vcxproj]
  (compiling source file '../../../tests/modules/blockedclient.c')
  
  Auto build dll exports
     Creating library C:/Users/samue/repos/redis-windows/build_work/redis/build/lib/Release/blockedclient.lib and object C:/Users/samue/repos/redis-windows/build_work/redis/build/lib/Release/blockedclient.exp
  blockedclient.vcxproj -> C:\Users\samue\repos\redis-windows\build_work\redis\build\bin\Release\blockedclient.dll
  Building Custom Rule C:/Users/samue/repos/redis-windows/build_work/redis/build/patched/tests/modules/CMakeLists.txt
  blockonbackground.c
C:\Users\samue\repos\redis-windows\build_work\redis\build\msvc_compat.h(156,9): warning C4028: formal parameter 1 different from declaration [C:\Users\samue\repos\redis-windows\build_work\redis\build\tests\modules\blockonbackground.vcxproj]
  (compiling source file '../../../tests/modules/blockonbackground.c')
  
C:\Users\samue\repos\redis-windows\build_work\redis\build\msvc_compat.h(157,9): warning C4028: formal parameter 1 different from declaration [C:\Users\samue\repos\redis-windows\build_work\redis\build\tests\modules\blockonbackground.vcxproj]
  (compiling source file '../../../tests/modules/blockonbackground.c')
  
C:\Users\samue\repos\redis-windows\build_work\redis\build\msvc_compat.h(164,5): warning C4028: formal parameter 1 different from declaration [C:\Users\samue\repos\redis-windows\build_work\redis\build\tests\modules\blockonbackground.vcxproj]
  (compiling source file '../../../tests/modules/blockonbackground.c')
  
C:\Users\samue\repos\redis-windows\build_work\redis\tests\modules\blockonbackground.c(75,23): warning C4311: 'type cast': pointer truncation from 'void *' to 'unsigned long' [C:\Users\samue\repos\redis-windows\build_work\redis\build\tests\modules\blockonbackground.vcxproj]
C:\Users\samue\repos\redis-windows\build_work\redis\tests\modules\blockonbackground.c(76,35): warning C4311: 'type cast': pointer truncation from 'void *' to 'unsigned long' [C:\Users\samue\repos\redis-windows\build_work\redis\build\tests\modules\blockonbackground.vcxproj]
C:\Users\samue\repos\redis-windows\build_work\redis\tests\modules\blockonbackground.c(99,23): warning C4311: 'type cast': pointer truncation from 'void *' to 'unsigned long' [C:\Users\samue\repos\redis-windows\build_work\redis\build\tests\modules\blockonbackground.vcxproj]
C:\Users\samue\repos\redis-windows\build_work\redis\tests\modules\blockonbackground.c(154,15): warning C4312: 'type cast': conversion from 'unsigned long' to 'void *' of greater size [C:\Users\samue\repos\redis-windows\build_work\redis\build\tests\modules\blockonbackground.vcxproj]
C:\Users\samue\repos\redis-windows\build_work\redis\tests\modules\blockonbackground.c(197,15): warning C4312: 'type cast': conversion from 'unsigned long' to 'void *' of greater size [C:\Users\samue\repos\redis-windows\build_work\redis\build\tests\modules\blockonbackground.vcxproj]
C:\Users\samue\repos\redis-windows\build_work\redis\tests\modules\blockonbackground.c(230,15): warning C4312: 'type cast': conversion from 'unsigned long' to 'void *' of greater size [C:\Users\samue\repos\redis-windows\build_work\redis\build\tests\modules\blockonbackground.vcxproj]
  Auto build dll exports
     Creating library C:/Users/samue/repos/redis-windows/build_work/redis/build/lib/Release/blockonbackground.lib and object C:/Users/samue/repos/redis-windows/build_work/redis/build/lib/Release/blockonbackground.exp
  blockonbackground.vcxproj -> C:\Users\samue\repos\redis-windows\build_work\redis\build\bin\Release\blockonbackground.dll
  Building Custom Rule C:/Users/samue/repos/redis-windows/build_work/redis/build/patched/tests/modules/CMakeLists.txt
  blockonkeys.c
C:\Users\samue\repos\redis-windows\build_work\redis\build\msvc_compat.h(156,9): warning C4028: formal parameter 1 different from declaration [C:\Users\samue\repos\redis-windows\build_work\redis\build\tests\modules\blockonkeys.vcxproj]
  (compiling source file '../../../tests/modules/blockonkeys.c')
  
C:\Users\samue\repos\redis-windows\build_work\redis\build\msvc_compat.h(157,9): warning C4028: formal parameter 1 different from declaration [C:\Users\samue\repos\redis-windows\build_work\redis\build\tests\modules\blockonkeys.vcxproj]
  (compiling source file '../../../tests/modules/blockonkeys.c')
  
C:\Users\samue\repos\redis-windows\build_work\redis\build\msvc_compat.h(164,5): warning C4028: formal parameter 1 different from declaration [C:\Users\samue\repos\redis-windows\build_work\redis\build\tests\modules\blockonkeys.vcxproj]
  (compiling source file '../../../tests/modules/blockonkeys.c')
  
  Auto build dll exports
     Creating library C:/Users/samue/repos/redis-windows/build_work/redis/build/lib/Release/blockonkeys.lib and object C:/Users/samue/repos/redis-windows/build_work/redis/build/lib/Release/blockonkeys.exp
  blockonkeys.vcxproj -> C:\Users\samue\repos\redis-windows\build_work\redis\build\bin\Release\blockonkeys.dll
  Building Custom Rule C:/Users/samue/repos/redis-windows/build_work/redis/build/_deps/auto_win_msvc-src/bsd-machine-endian/CMakeLists.txt
  bsd-machine-endian.c
  bsd-machine-endian.vcxproj -> C:\Users\samue\repos\redis-windows\build_work\redis\build\_deps\auto_win_msvc-build\bsd-machine-endian\Release\bsd-machine-endian.lib
  Building Custom Rule C:/Users/samue/repos/redis-windows/build_work/redis/build/_deps/auto_win_msvc-src/bsd-malloc-np/CMakeLists.txt
  bsd-malloc-np.c
  bsd-malloc-np.vcxproj -> C:\Users\samue\repos\redis-windows\build_work\redis\build\_deps\auto_win_msvc-build\bsd-malloc-np\Release\bsd-malloc-np.lib
  Building Custom Rule C:/Users/samue/repos/redis-windows/build_work/redis/build/_deps/auto_win_msvc-src/bsd-pthread-np/CMakeLists.txt
  bsd-pthread-np.c
  bsd-pthread-np.vcxproj -> C:\Users\samue\repos\redis-windows\build_work\redis\build\_deps\auto_win_msvc-build\bsd-pthread-np\Release\bsd-pthread-np.lib
  Building Custom Rule C:/Users/samue/repos/redis-windows/build_work/redis/build/_deps/auto_win_msvc-src/bsd-sys-cpuset/CMakeLists.txt
  bsd-sys-cpuset.c
  bsd-sys-cpuset.vcxproj -> C:\Users\samue\repos\redis-windows\build_work\redis\build\_deps\auto_win_msvc-build\bsd-sys-cpuset\Release\bsd-sys-cpuset.lib
  Building Custom Rule C:/Users/samue/repos/redis-windows/build_work/redis/build/_deps/auto_win_msvc-src/bsd-sys-endian/CMakeLists.txt
  bsd-sys-endian.c
  bsd-sys-endian.vcxproj -> C:\Users\samue\repos\redis-windows\build_work\redis\build\_deps\auto_win_msvc-build\bsd-sys-endian\Release\bsd-sys-endian.lib
  Building Custom Rule C:/Users/samue/repos/redis-windows/build_work/redis/build/_deps/auto_win_msvc-src/bsd-sys-event/CMakeLists.txt
  bsd-sys-event.c
  bsd-sys-event.vcxproj -> C:\Users\samue\repos\redis-windows\build_work\redis\build\_deps\auto_win_msvc-build\bsd-sys-event\Release\bsd-sys-event.lib
  Building Custom Rule C:/Users/samue/repos/redis-windows/build_work/redis/build/_deps/auto_win_msvc-src/bsd-sys-file/CMakeLists.txt
  bsd-sys-file.c
  bsd-sys-file.vcxproj -> C:\Users\samue\repos\redis-windows\build_work\redis\build\_deps\auto_win_msvc-build\bsd-sys-file\Release\bsd-sys-file.lib
  Building Custom Rule C:/Users/samue/repos/redis-windows/build_work/redis/build/_deps/auto_win_msvc-src/bsd-sys-param/CMakeLists.txt
  bsd-sys-param.c
  bsd-sys-param.vcxproj -> C:\Users\samue\repos\redis-windows\build_work\redis\build\_deps\auto_win_msvc-build\bsd-sys-param\Release\bsd-sys-param.lib
  Building Custom Rule C:/Users/samue/repos/redis-windows/build_work/redis/build/_deps/auto_win_msvc-src/bsd-sys-sysctl/CMakeLists.txt
  bsd-sys-sysctl.c
  bsd-sys-sysctl.vcxproj -> C:\Users\samue\repos\redis-windows\build_work\redis\build\_deps\auto_win_msvc-build\bsd-sys-sysctl\Release\bsd-sys-sysctl.lib
  Building Custom Rule C:/Users/samue/repos/redis-windows/build_work/redis/build/_deps/auto_win_msvc-src/posix-stdbool/CMakeLists.txt
  posix-stdbool.c
  posix-stdbool.vcxproj -> C:\Users\samue\repos\redis-windows\build_work\redis\build\_deps\auto_win_msvc-build\linux-systemd\posix-stdbool_build\Release\posix-stdbool.lib
  Building Custom Rule C:/Users/samue/repos/redis-windows/build_work/redis/build/_deps/auto_win_msvc-src/posix-stdint/CMakeLists.txt
  posix-stdint.c
  posix-stdint.vcxproj -> C:\Users\samue\repos\redis-windows\build_work\redis\build\_deps\auto_win_msvc-build\linux-systemd\posix-stdint_build\Release\posix-stdint.lib
  Building Custom Rule C:/Users/samue/repos/redis-windows/build_work/redis/build/_deps/auto_win_msvc-src/bsd-vm-param/CMakeLists.txt
  bsd-vm-param.c
  bsd-vm-param.vcxproj -> C:\Users\samue\repos\redis-windows\build_work\redis\build\_deps\auto_win_msvc-build\bsd-vm-param\Release\bsd-vm-param.lib
  Building Custom Rule C:/Users/samue/repos/redis-windows/build_work/redis/build/patched/tests/modules/CMakeLists.txt
  cmdintrospection.c
C:\Users\samue\repos\redis-windows\build_work\redis\build\msvc_compat.h(156,9): warning C4028: formal parameter 1 different from declaration [C:\Users\samue\repos\redis-windows\build_work\redis\build\tests\modules\cmdintrospection.vcxproj]
  (compiling source file '../../../tests/modules/cmdintrospection.c')
  
C:\Users\samue\repos\redis-windows\build_work\redis\build\msvc_compat.h(157,9): warning C4028: formal parameter 1 different from declaration [C:\Users\samue\repos\redis-windows\build_work\redis\build\tests\modules\cmdintrospection.vcxproj]
  (compiling source file '../../../tests/modules/cmdintrospection.c')
  
C:\Users\samue\repos\redis-windows\build_work\redis\build\msvc_compat.h(164,5): warning C4028: formal parameter 1 different from declaration [C:\Users\samue\repos\redis-windows\build_work\redis\build\tests\modules\cmdintrospection.vcxproj]
  (compiling source file '../../../tests/modules/cmdintrospection.c')
  
  Auto build dll exports
     Creating library C:/Users/samue/repos/redis-windows/build_work/redis/build/lib/Release/cmdintrospection.lib and object C:/Users/samue/repos/redis-windows/build_work/redis/build/lib/Release/cmdintrospection.exp
  cmdintrospection.vcxproj -> C:\Users\samue\repos\redis-windows\build_work\redis\build\bin\Release\cmdintrospection.dll
  Building Custom Rule C:/Users/samue/repos/redis-windows/build_work/redis/build/patched/tests/modules/CMakeLists.txt
  commandfilter.c
C:\Users\samue\repos\redis-windows\build_work\redis\build\msvc_compat.h(156,9): warning C4028: formal parameter 1 different from declaration [C:\Users\samue\repos\redis-windows\build_work\redis\build\tests\modules\commandfilter.vcxproj]
  (compiling source file '../../../tests/modules/commandfilter.c')
  
C:\Users\samue\repos\redis-windows\build_work\redis\build\msvc_compat.h(157,9): warning C4028: formal parameter 1 different from declaration [C:\Users\samue\repos\redis-windows\build_work\redis\build\tests\modules\commandfilter.vcxproj]
  (compiling source file '../../../tests/modules/commandfilter.c')
  
C:\Users\samue\repos\redis-windows\build_work\redis\build\msvc_compat.h(164,5): warning C4028: formal parameter 1 different from declaration [C:\Users\samue\repos\redis-windows\build_work\redis\build\tests\modules\commandfilter.vcxproj]
  (compiling source file '../../../tests/modules/commandfilter.c')
  
  Auto build dll exports
     Creating library C:/Users/samue/repos/redis-windows/build_work/redis/build/lib/Release/commandfilter.lib and object C:/Users/samue/repos/redis-windows/build_work/redis/build/lib/Release/commandfilter.exp
  commandfilter.vcxproj -> C:\Users\samue\repos\redis-windows\build_work\redis\build\bin\Release\commandfilter.dll
  Building Custom Rule C:/Users/samue/repos/redis-windows/build_work/redis/build/patched/tests/modules/CMakeLists.txt
  configaccess.c
C:\Users\samue\repos\redis-windows\build_work\redis\build\msvc_compat.h(156,9): warning C4028: formal parameter 1 different from declaration [C:\Users\samue\repos\redis-windows\build_work\redis\build\tests\modules\configaccess.vcxproj]
  (compiling source file '../../../tests/modules/configaccess.c')
  
C:\Users\samue\repos\redis-windows\build_work\redis\build\msvc_compat.h(157,9): warning C4028: formal parameter 1 different from declaration [C:\Users\samue\repos\redis-windows\build_work\redis\build\tests\modules\configaccess.vcxproj]
  (compiling source file '../../../tests/modules/configaccess.c')
  
C:\Users\samue\repos\redis-windows\build_work\redis\build\msvc_compat.h(164,5): warning C4028: formal parameter 1 different from declaration [C:\Users\samue\repos\redis-windows\build_work\redis\build\tests\modules\configaccess.vcxproj]
  (compiling source file '../../../tests/modules/configaccess.c')
  
  Auto build dll exports
     Creating library C:/Users/samue/repos/redis-windows/build_work/redis/build/lib/Release/configaccess.lib and object C:/Users/samue/repos/redis-windows/build_work/redis/build/lib/Release/configaccess.exp
  configaccess.vcxproj -> C:\Users\samue\repos\redis-windows\build_work\redis\build\bin\Release\configaccess.dll
  Building Custom Rule C:/Users/samue/repos/redis-windows/build_work/redis/build/patched/tests/modules/CMakeLists.txt
  crash.c
C:\Users\samue\repos\redis-windows\build_work\redis\build\msvc_compat.h(156,9): warning C4028: formal parameter 1 different from declaration [C:\Users\samue\repos\redis-windows\build_work\redis\build\tests\modules\crash.vcxproj]
  (compiling source file '../../../tests/modules/crash.c')
  
C:\Users\samue\repos\redis-windows\build_work\redis\build\msvc_compat.h(157,9): warning C4028: formal parameter 1 different from declaration [C:\Users\samue\repos\redis-windows\build_work\redis\build\tests\modules\crash.vcxproj]
  (compiling source file '../../../tests/modules/crash.c')
  
C:\Users\samue\repos\redis-windows\build_work\redis\build\msvc_compat.h(164,5): warning C4028: formal parameter 1 different from declaration [C:\Users\samue\repos\redis-windows\build_work\redis\build\tests\modules\crash.vcxproj]
  (compiling source file '../../../tests/modules/crash.c')
  
  Auto build dll exports
     Creating library C:/Users/samue/repos/redis-windows/build_work/redis/build/lib/Release/crash.lib and object C:/Users/samue/repos/redis-windows/build_work/redis/build/lib/Release/crash.exp
  crash.vcxproj -> C:\Users\samue\repos\redis-windows\build_work\redis\build\bin\Release\crash.dll
  Building Custom Rule C:/Users/samue/repos/redis-windows/build_work/redis/build/patched/tests/modules/CMakeLists.txt
  datatype.c
C:\Users\samue\repos\redis-windows\build_work\redis\build\msvc_compat.h(156,9): warning C4028: formal parameter 1 different from declaration [C:\Users\samue\repos\redis-windows\build_work\redis\build\tests\modules\datatype.vcxproj]
  (compiling source file '../../../tests/modules/datatype.c')
  
C:\Users\samue\repos\redis-windows\build_work\redis\build\msvc_compat.h(157,9): warning C4028: formal parameter 1 different from declaration [C:\Users\samue\repos\redis-windows\build_work\redis\build\tests\modules\datatype.vcxproj]
  (compiling source file '../../../tests/modules/datatype.c')
  
C:\Users\samue\repos\redis-windows\build_work\redis\build\msvc_compat.h(164,5): warning C4028: formal parameter 1 different from declaration [C:\Users\samue\repos\redis-windows\build_work\redis\build\tests\modules\datatype.vcxproj]
  (compiling source file '../../../tests/modules/datatype.c')
  
  Auto build dll exports
     Creating library C:/Users/samue/repos/redis-windows/build_work/redis/build/lib/Release/datatype.lib and object C:/Users/samue/repos/redis-windows/build_work/redis/build/lib/Release/datatype.exp
  datatype.vcxproj -> C:\Users\samue\repos\redis-windows\build_work\redis\build\bin\Release\datatype.dll
  Building Custom Rule C:/Users/samue/repos/redis-windows/build_work/redis/build/patched/tests/modules/CMakeLists.txt
  datatype2.c
C:\Users\samue\repos\redis-windows\build_work\redis\build\msvc_compat.h(156,9): warning C4028: formal parameter 1 different from declaration [C:\Users\samue\repos\redis-windows\build_work\redis\build\tests\modules\datatype2.vcxproj]
  (compiling source file '../../../tests/modules/datatype2.c')
  
C:\Users\samue\repos\redis-windows\build_work\redis\build\msvc_compat.h(157,9): warning C4028: formal parameter 1 different from declaration [C:\Users\samue\repos\redis-windows\build_work\redis\build\tests\modules\datatype2.vcxproj]
  (compiling source file '../../../tests/modules/datatype2.c')
  
C:\Users\samue\repos\redis-windows\build_work\redis\build\msvc_compat.h(164,5): warning C4028: formal parameter 1 different from declaration [C:\Users\samue\repos\redis-windows\build_work\redis\build\tests\modules\datatype2.vcxproj]
  (compiling source file '../../../tests/modules/datatype2.c')
  
  Auto build dll exports
     Creating library C:/Users/samue/repos/redis-windows/build_work/redis/build/lib/Release/datatype2.lib and object C:/Users/samue/repos/redis-windows/build_work/redis/build/lib/Release/datatype2.exp
  datatype2.vcxproj -> C:\Users\samue\repos\redis-windows\build_work\redis\build\bin\Release\datatype2.dll
  Building Custom Rule C:/Users/samue/repos/redis-windows/build_work/redis/build/patched/tests/modules/CMakeLists.txt
  defragtest.c
C:\Users\samue\repos\redis-windows\build_work\redis\build\msvc_compat.h(156,9): warning C4028: formal parameter 1 different from declaration [C:\Users\samue\repos\redis-windows\build_work\redis\build\tests\modules\defragtest.vcxproj]
  (compiling source file '../../../tests/modules/defragtest.c')
  
C:\Users\samue\repos\redis-windows\build_work\redis\build\msvc_compat.h(157,9): warning C4028: formal parameter 1 different from declaration [C:\Users\samue\repos\redis-windows\build_work\redis\build\tests\modules\defragtest.vcxproj]
  (compiling source file '../../../tests/modules/defragtest.c')
  
C:\Users\samue\repos\redis-windows\build_work\redis\build\msvc_compat.h(164,5): warning C4028: formal parameter 1 different from declaration [C:\Users\samue\repos\redis-windows\build_work\redis\build\tests\modules\defragtest.vcxproj]
  (compiling source file '../../../tests/modules/defragtest.c')
  
  Auto build dll exports
     Creating library C:/Users/samue/repos/redis-windows/build_work/redis/build/lib/Release/defragtest.lib and object C:/Users/samue/repos/redis-windows/build_work/redis/build/lib/Release/defragtest.exp
  defragtest.vcxproj -> C:\Users\samue\repos\redis-windows\build_work\redis\build\bin\Release\defragtest.dll
  Building Custom Rule C:/Users/samue/repos/redis-windows/build_work/redis/build/patched/tests/modules/CMakeLists.txt
  eventloop.c
C:\Users\samue\repos\redis-windows\build_work\redis\build\msvc_compat.h(156,9): warning C4028: formal parameter 1 different from declaration [C:\Users\samue\repos\redis-windows\build_work\redis\build\tests\modules\eventloop.vcxproj]
  (compiling source file '../../../tests/modules/eventloop.c')
  
C:\Users\samue\repos\redis-windows\build_work\redis\build\msvc_compat.h(157,9): warning C4028: formal parameter 1 different from declaration [C:\Users\samue\repos\redis-windows\build_work\redis\build\tests\modules\eventloop.vcxproj]
  (compiling source file '../../../tests/modules/eventloop.c')
  
C:\Users\samue\repos\redis-windows\build_work\redis\build\msvc_compat.h(164,5): warning C4028: formal parameter 1 different from declaration [C:\Users\samue\repos\redis-windows\build_work\redis\build\tests\modules\eventloop.vcxproj]
  (compiling source file '../../../tests/modules/eventloop.c')
  
  Auto build dll exports
     Creating library C:/Users/samue/repos/redis-windows/build_work/redis/build/lib/Release/eventloop.lib and object C:/Users/samue/repos/redis-windows/build_work/redis/build/lib/Release/eventloop.exp
  eventloop.vcxproj -> C:\Users\samue\repos\redis-windows\build_work\redis\build\bin\Release\eventloop.dll
  Building Custom Rule C:/Users/samue/repos/redis-windows/build_work/redis/build/patched/tests/modules/CMakeLists.txt
  fork.c
C:\Users\samue\repos\redis-windows\build_work\redis\build\msvc_compat.h(156,9): warning C4028: formal parameter 1 different from declaration [C:\Users\samue\repos\redis-windows\build_work\redis\build\tests\modules\fork.vcxproj]
  (compiling source file '../../../tests/modules/fork.c')
  
C:\Users\samue\repos\redis-windows\build_work\redis\build\msvc_compat.h(157,9): warning C4028: formal parameter 1 different from declaration [C:\Users\samue\repos\redis-windows\build_work\redis\build\tests\modules\fork.vcxproj]
  (compiling source file '../../../tests/modules/fork.c')
  
C:\Users\samue\repos\redis-windows\build_work\redis\build\msvc_compat.h(164,5): warning C4028: formal parameter 1 different from declaration [C:\Users\samue\repos\redis-windows\build_work\redis\build\tests\modules\fork.vcxproj]
  (compiling source file '../../../tests/modules/fork.c')
  
C:\Users\samue\repos\redis-windows\build_work\redis\tests\modules\fork.c(40,57): warning C4312: 'type cast': conversion from 'unsigned int' to 'void *' of greater size [C:\Users\samue\repos\redis-windows\build_work\redis\build\tests\modules\fork.vcxproj]
  Auto build dll exports
     Creating library C:/Users/samue/repos/redis-windows/build_work/redis/build/lib/Release/fork.lib and object C:/Users/samue/repos/redis-windows/build_work/redis/build/lib/Release/fork.exp
  fork.vcxproj -> C:\Users\samue\repos\redis-windows\build_work\redis\build\bin\Release\fork.dll
  Building Custom Rule C:/Users/samue/repos/redis-windows/build_work/redis/build/patched/tests/modules/CMakeLists.txt
  getchannels.c
C:\Users\samue\repos\redis-windows\build_work\redis\build\msvc_compat.h(156,9): warning C4028: formal parameter 1 different from declaration [C:\Users\samue\repos\redis-windows\build_work\redis\build\tests\modules\getchannels.vcxproj]
  (compiling source file '../../../tests/modules/getchannels.c')
  
C:\Users\samue\repos\redis-windows\build_work\redis\build\msvc_compat.h(157,9): warning C4028: formal parameter 1 different from declaration [C:\Users\samue\repos\redis-windows\build_work\redis\build\tests\modules\getchannels.vcxproj]
  (compiling source file '../../../tests/modules/getchannels.c')
  
C:\Users\samue\repos\redis-windows\build_work\redis\build\msvc_compat.h(164,5): warning C4028: formal parameter 1 different from declaration [C:\Users\samue\repos\redis-windows\build_work\redis\build\tests\modules\getchannels.vcxproj]
  (compiling source file '../../../tests/modules/getchannels.c')
  
  Auto build dll exports
     Creating library C:/Users/samue/repos/redis-windows/build_work/redis/build/lib/Release/getchannels.lib and object C:/Users/samue/repos/redis-windows/build_work/redis/build/lib/Release/getchannels.exp
  getchannels.vcxproj -> C:\Users\samue\repos\redis-windows\build_work\redis\build\bin\Release\getchannels.dll
  Building Custom Rule C:/Users/samue/repos/redis-windows/build_work/redis/build/patched/tests/modules/CMakeLists.txt
  getkeys.c
C:\Users\samue\repos\redis-windows\build_work\redis\build\msvc_compat.h(156,9): warning C4028: formal parameter 1 different from declaration [C:\Users\samue\repos\redis-windows\build_work\redis\build\tests\modules\getkeys.vcxproj]
  (compiling source file '../../../tests/modules/getkeys.c')
  
C:\Users\samue\repos\redis-windows\build_work\redis\build\msvc_compat.h(157,9): warning C4028: formal parameter 1 different from declaration [C:\Users\samue\repos\redis-windows\build_work\redis\build\tests\modules\getkeys.vcxproj]
  (compiling source file '../../../tests/modules/getkeys.c')
  
C:\Users\samue\repos\redis-windows\build_work\redis\build\msvc_compat.h(164,5): warning C4028: formal parameter 1 different from declaration [C:\Users\samue\repos\redis-windows\build_work\redis\build\tests\modules\getkeys.vcxproj]
  (compiling source file '../../../tests/modules/getkeys.c')
  
  Auto build dll exports
     Creating library C:/Users/samue/repos/redis-windows/build_work/redis/build/lib/Release/getkeys.lib and object C:/Users/samue/repos/redis-windows/build_work/redis/build/lib/Release/getkeys.exp
  getkeys.vcxproj -> C:\Users\samue\repos\redis-windows\build_work\redis\build\bin\Release\getkeys.dll
  Building Custom Rule C:/Users/samue/repos/redis-windows/build_work/redis/build/patched/tests/modules/CMakeLists.txt
  hash.c
C:\Users\samue\repos\redis-windows\build_work\redis\build\msvc_compat.h(156,9): warning C4028: formal parameter 1 different from declaration [C:\Users\samue\repos\redis-windows\build_work\redis\build\tests\modules\hash.vcxproj]
  (compiling source file '../../../tests/modules/hash.c')
  
C:\Users\samue\repos\redis-windows\build_work\redis\build\msvc_compat.h(157,9): warning C4028: formal parameter 1 different from declaration [C:\Users\samue\repos\redis-windows\build_work\redis\build\tests\modules\hash.vcxproj]
  (compiling source file '../../../tests/modules/hash.c')
  
C:\Users\samue\repos\redis-windows\build_work\redis\build\msvc_compat.h(164,5): warning C4028: formal parameter 1 different from declaration [C:\Users\samue\repos\redis-windows\build_work\redis\build\tests\modules\hash.vcxproj]
  (compiling source file '../../../tests/modules/hash.c')
  
  Auto build dll exports
     Creating library C:/Users/samue/repos/redis-windows/build_work/redis/build/lib/Release/hash.lib and object C:/Users/samue/repos/redis-windows/build_work/redis/build/lib/Release/hash.exp
  hash.vcxproj -> C:\Users\samue\repos\redis-windows\build_work\redis\build\bin\Release\hash.dll
  Building Custom Rule C:/Users/samue/repos/redis-windows/build_work/redis/build/patched/tests/modules/CMakeLists.txt
  hooks.c
C:\Users\samue\repos\redis-windows\build_work\redis\build\msvc_compat.h(156,9): warning C4028: formal parameter 1 different from declaration [C:\Users\samue\repos\redis-windows\build_work\redis\build\tests\modules\hooks.vcxproj]
  (compiling source file '../../../tests/modules/hooks.c')
  
C:\Users\samue\repos\redis-windows\build_work\redis\build\msvc_compat.h(157,9): warning C4028: formal parameter 1 different from declaration [C:\Users\samue\repos\redis-windows\build_work\redis\build\tests\modules\hooks.vcxproj]
  (compiling source file '../../../tests/modules/hooks.c')
  
C:\Users\samue\repos\redis-windows\build_work\redis\build\msvc_compat.h(164,5): warning C4028: formal parameter 1 different from declaration [C:\Users\samue\repos\redis-windows\build_work\redis\build\tests\modules\hooks.vcxproj]
  (compiling source file '../../../tests/modules/hooks.c')
  
  Auto build dll exports
     Creating library C:/Users/samue/repos/redis-windows/build_work/redis/build/lib/Release/hooks.lib and object C:/Users/samue/repos/redis-windows/build_work/redis/build/lib/Release/hooks.exp
  hooks.vcxproj -> C:\Users\samue\repos\redis-windows\build_work\redis\build\bin\Release\hooks.dll
  Building Custom Rule C:/Users/samue/repos/redis-windows/build_work/redis/build/patched/tests/modules/CMakeLists.txt
  infotest.c
C:\Users\samue\repos\redis-windows\build_work\redis\build\msvc_compat.h(156,9): warning C4028: formal parameter 1 different from declaration [C:\Users\samue\repos\redis-windows\build_work\redis\build\tests\modules\infotest.vcxproj]
  (compiling source file '../../../tests/modules/infotest.c')
  
C:\Users\samue\repos\redis-windows\build_work\redis\build\msvc_compat.h(157,9): warning C4028: formal parameter 1 different from declaration [C:\Users\samue\repos\redis-windows\build_work\redis\build\tests\modules\infotest.vcxproj]
  (compiling source file '../../../tests/modules/infotest.c')
  
C:\Users\samue\repos\redis-windows\build_work\redis\build\msvc_compat.h(164,5): warning C4028: formal parameter 1 different from declaration [C:\Users\samue\repos\redis-windows\build_work\redis\build\tests\modules\infotest.vcxproj]
  (compiling source file '../../../tests/modules/infotest.c')
  
  Auto build dll exports
     Creating library C:/Users/samue/repos/redis-windows/build_work/redis/build/lib/Release/infotest.lib and object C:/Users/samue/repos/redis-windows/build_work/redis/build/lib/Release/infotest.exp
  infotest.vcxproj -> C:\Users\samue\repos\redis-windows\build_work\redis\build\bin\Release\infotest.dll
  Building Custom Rule C:/Users/samue/repos/redis-windows/build_work/redis/build/patched/tests/modules/CMakeLists.txt
  internalsecret.c
C:\Users\samue\repos\redis-windows\build_work\redis\build\msvc_compat.h(156,9): warning C4028: formal parameter 1 different from declaration [C:\Users\samue\repos\redis-windows\build_work\redis\build\tests\modules\internalsecret.vcxproj]
  (compiling source file '../../../tests/modules/internalsecret.c')
  
C:\Users\samue\repos\redis-windows\build_work\redis\build\msvc_compat.h(157,9): warning C4028: formal parameter 1 different from declaration [C:\Users\samue\repos\redis-windows\build_work\redis\build\tests\modules\internalsecret.vcxproj]
  (compiling source file '../../../tests/modules/internalsecret.c')
  
C:\Users\samue\repos\redis-windows\build_work\redis\build\msvc_compat.h(164,5): warning C4028: formal parameter 1 different from declaration [C:\Users\samue\repos\redis-windows\build_work\redis\build\tests\modules\internalsecret.vcxproj]
  (compiling source file '../../../tests/modules/internalsecret.c')
  
  Auto build dll exports
     Creating library C:/Users/samue/repos/redis-windows/build_work/redis/build/lib/Release/internalsecret.lib and object C:/Users/samue/repos/redis-windows/build_work/redis/build/lib/Release/internalsecret.exp
  internalsecret.vcxproj -> C:\Users\samue\repos\redis-windows\build_work\redis\build\bin\Release\internalsecret.dll
  Building Custom Rule C:/Users/samue/repos/redis-windows/build_work/redis/build/patched/tests/modules/CMakeLists.txt
  keymeta_notify.c
C:\Users\samue\repos\redis-windows\build_work\redis\build\msvc_compat.h(156,9): warning C4028: formal parameter 1 different from declaration [C:\Users\samue\repos\redis-windows\build_work\redis\build\tests\modules\keymeta_notify.vcxproj]
  (compiling source file '../../../tests/modules/keymeta_notify.c')
  
C:\Users\samue\repos\redis-windows\build_work\redis\build\msvc_compat.h(157,9): warning C4028: formal parameter 1 different from declaration [C:\Users\samue\repos\redis-windows\build_work\redis\build\tests\modules\keymeta_notify.vcxproj]
  (compiling source file '../../../tests/modules/keymeta_notify.c')
  
C:\Users\samue\repos\redis-windows\build_work\redis\build\msvc_compat.h(164,5): warning C4028: formal parameter 1 different from declaration [C:\Users\samue\repos\redis-windows\build_work\redis\build\tests\modules\keymeta_notify.vcxproj]
  (compiling source file '../../../tests/modules/keymeta_notify.c')
  
  Auto build dll exports
     Creating library C:/Users/samue/repos/redis-windows/build_work/redis/build/lib/Release/keymeta_notify.lib and object C:/Users/samue/repos/redis-windows/build_work/redis/build/lib/Release/keymeta_notify.exp
  keymeta_notify.vcxproj -> C:\Users\samue\repos\redis-windows\build_work\redis\build\bin\Release\keymeta_notify.dll
  Building Custom Rule C:/Users/samue/repos/redis-windows/build_work/redis/build/patched/tests/modules/CMakeLists.txt
  keyspace_events.c
C:\Users\samue\repos\redis-windows\build_work\redis\build\msvc_compat.h(156,9): warning C4028: formal parameter 1 different from declaration [C:\Users\samue\repos\redis-windows\build_work\redis\build\tests\modules\keyspace_events.vcxproj]
  (compiling source file '../../../tests/modules/keyspace_events.c')
  
C:\Users\samue\repos\redis-windows\build_work\redis\build\msvc_compat.h(157,9): warning C4028: formal parameter 1 different from declaration [C:\Users\samue\repos\redis-windows\build_work\redis\build\tests\modules\keyspace_events.vcxproj]
  (compiling source file '../../../tests/modules/keyspace_events.c')
  
C:\Users\samue\repos\redis-windows\build_work\redis\build\msvc_compat.h(164,5): warning C4028: formal parameter 1 different from declaration [C:\Users\samue\repos\redis-windows\build_work\redis\build\tests\modules\keyspace_events.vcxproj]
  (compiling source file '../../../tests/modules/keyspace_events.c')
  
  Auto build dll exports
     Creating library C:/Users/samue/repos/redis-windows/build_work/redis/build/lib/Release/keyspace_events.lib and object C:/Users/samue/repos/redis-windows/build_work/redis/build/lib/Release/keyspace_events.exp
  keyspace_events.vcxproj -> C:\Users\samue\repos\redis-windows\build_work\redis\build\bin\Release\keyspace_events.dll
  Building Custom Rule C:/Users/samue/repos/redis-windows/build_work/redis/build/patched/tests/modules/CMakeLists.txt
  keyspecs.c
C:\Users\samue\repos\redis-windows\build_work\redis\build\msvc_compat.h(156,9): warning C4028: formal parameter 1 different from declaration [C:\Users\samue\repos\redis-windows\build_work\redis\build\tests\modules\keyspecs.vcxproj]
  (compiling source file '../../../tests/modules/keyspecs.c')
  
C:\Users\samue\repos\redis-windows\build_work\redis\build\msvc_compat.h(157,9): warning C4028: formal parameter 1 different from declaration [C:\Users\samue\repos\redis-windows\build_work\redis\build\tests\modules\keyspecs.vcxproj]
  (compiling source file '../../../tests/modules/keyspecs.c')
  
C:\Users\samue\repos\redis-windows\build_work\redis\build\msvc_compat.h(164,5): warning C4028: formal parameter 1 different from declaration [C:\Users\samue\repos\redis-windows\build_work\redis\build\tests\modules\keyspecs.vcxproj]
  (compiling source file '../../../tests/modules/keyspecs.c')
  
  Auto build dll exports
     Creating library C:/Users/samue/repos/redis-windows/build_work/redis/build/lib/Release/keyspecs.lib and object C:/Users/samue/repos/redis-windows/build_work/redis/build/lib/Release/keyspecs.exp
  keyspecs.vcxproj -> C:\Users\samue\repos\redis-windows\build_work\redis\build\bin\Release\keyspecs.dll
  Building Custom Rule C:/Users/samue/repos/redis-windows/build_work/redis/build/_deps/auto_win_msvc-src/linux-backtrace/CMakeLists.txt
  linux-backtrace.c
  linux-backtrace.vcxproj -> C:\Users\samue\repos\redis-windows\build_work\redis\build\_deps\auto_win_msvc-build\linux-backtrace\Release\linux-backtrace.lib
  Building Custom Rule C:/Users/samue/repos/redis-windows/build_work/redis/build/_deps/auto_win_msvc-src/linux-endian/CMakeLists.txt
  linux-endian.c
  linux-endian.vcxproj -> C:\Users\samue\repos\redis-windows\build_work\redis\build\_deps\auto_win_msvc-build\linux-endian\Release\linux-endian.lib
  Building Custom Rule C:/Users/samue/repos/redis-windows/build_work/redis/build/_deps/auto_win_msvc-src/linux-epoll/CMakeLists.txt
  linux-epoll.c
  linux-epoll.vcxproj -> C:\Users\samue\repos\redis-windows\build_work\redis\build\_deps\auto_win_msvc-build\linux-epoll\Release\linux-epoll.lib
  Building Custom Rule C:/Users/samue/repos/redis-windows/build_work/redis/build/_deps/auto_win_msvc-src/linux-execinfo/CMakeLists.txt
  linux-execinfo.c
  linux-execinfo.vcxproj -> C:\Users\samue\repos\redis-windows\build_work\redis\build\_deps\auto_win_msvc-build\linux-execinfo\Release\linux-execinfo.lib
  Building Custom Rule C:/Users/samue/repos/redis-windows/build_work/redis/build/_deps/auto_win_msvc-src/linux-features/CMakeLists.txt
  linux-features.c
  linux-features.vcxproj -> C:\Users\samue\repos\redis-windows\build_work\redis\build\_deps\auto_win_msvc-build\linux-features\Release\linux-features.lib
  Building Custom Rule C:/Users/samue/repos/redis-windows/build_work/redis/build/_deps/auto_win_msvc-src/linux-getopt/CMakeLists.txt
  linux-getopt.c
  linux-getopt.vcxproj -> C:\Users\samue\repos\redis-windows\build_work\redis\build\_deps\auto_win_msvc-build\linux-getopt\Release\linux-getopt.lib
  Building Custom Rule C:/Users/samue/repos/redis-windows/build_work/redis/build/_deps/auto_win_msvc-src/linux-hv-hloop/CMakeLists.txt
  linux-hv-hloop.c
  linux-hv-hloop.vcxproj -> C:\Users\samue\repos\redis-windows\build_work\redis\build\_deps\auto_win_msvc-build\linux-hv-hloop\Release\linux-hv-hloop.lib
  Building Custom Rule C:/Users/samue/repos/redis-windows/build_work/redis/build/_deps/auto_win_msvc-src/linux-magic/CMakeLists.txt
  linux-magic.c
  linux-magic.vcxproj -> C:\Users\samue\repos\redis-windows\build_work\redis\build\_deps\auto_win_msvc-build\linux-magic\Release\linux-magic.lib
  Building Custom Rule C:/Users/samue/repos/redis-windows/build_work/redis/build/_deps/auto_win_msvc-src/linux-rdma/CMakeLists.txt
  linux-rdma.c
  linux-rdma.vcxproj -> C:\Users\samue\repos\redis-windows\build_work\redis\build\_deps\auto_win_msvc-build\linux-rdma\Release\linux-rdma.lib
  Building Custom Rule C:/Users/samue/repos/redis-windows/build_work/redis/build/_deps/auto_win_msvc-src/linux-sys-bitops/CMakeLists.txt
  linux-sys-bitops.c
  linux-sys-bitops.vcxproj -> C:\Users\samue\repos\redis-windows\build_work\redis\build\_deps\auto_win_msvc-build\linux-sys-bitops\Release\linux-sys-bitops.lib
  Building Custom Rule C:/Users/samue/repos/redis-windows/build_work/redis/build/_deps/auto_win_msvc-src/linux-sys-prctl/CMakeLists.txt
  linux-sys-prctl.c
  linux-sys-prctl.vcxproj -> C:\Users\samue\repos\redis-windows\build_work\redis\build\_deps\auto_win_msvc-build\linux-sys-prctl\Release\linux-sys-prctl.lib
  Building Custom Rule C:/Users/samue/repos/redis-windows/build_work/redis/build/_deps/auto_win_msvc-src/linux-sys-procfs/CMakeLists.txt
  linux-sys-procfs.c
  linux-sys-procfs.vcxproj -> C:\Users\samue\repos\redis-windows\build_work\redis\build\_deps\auto_win_msvc-build\linux-sys-procfs\Release\linux-sys-procfs.lib
  Building Custom Rule C:/Users/samue/repos/redis-windows/build_work/redis/build/_deps/auto_win_msvc-src/linux-sys-statfs/CMakeLists.txt
  linux-sys-statfs.c
  linux-sys-statfs.vcxproj -> C:\Users\samue\repos\redis-windows\build_work\redis\build\_deps\auto_win_msvc-build\linux-sys-statfs\Release\linux-sys-statfs.lib
  Building Custom Rule C:/Users/samue/repos/redis-windows/build_work/redis/build/_deps/auto_win_msvc-src/linux-sys-syscall/CMakeLists.txt
  linux-sys-syscall.c
  linux-sys-syscall.vcxproj -> C:\Users\samue\repos\redis-windows\build_work\redis\build\_deps\auto_win_msvc-build\linux-sys-syscall\Release\linux-sys-syscall.lib
  Building Custom Rule C:/Users/samue/repos/redis-windows/build_work/redis/build/_deps/auto_win_msvc-src/linux-sys-user/CMakeLists.txt
  linux-sys-user.c
  linux-sys-user.vcxproj -> C:\Users\samue\repos\redis-windows\build_work\redis\build\_deps\auto_win_msvc-build\linux-sys-user\Release\linux-sys-user.lib
  Building Custom Rule C:/Users/samue/repos/redis-windows/build_work/redis/build/_deps/auto_win_msvc-src/linux-systemd/CMakeLists.txt
  linux-systemd.c
  linux-systemd.vcxproj -> C:\Users\samue\repos\redis-windows\build_work\redis\build\_deps\auto_win_msvc-build\linux-systemd\Release\linux-systemd.lib
  Building Custom Rule C:/Users/samue/repos/redis-windows/build_work/redis/build/patched/tests/modules/CMakeLists.txt
  list.c
C:\Users\samue\repos\redis-windows\build_work\redis\build\msvc_compat.h(156,9): warning C4028: formal parameter 1 different from declaration [C:\Users\samue\repos\redis-windows\build_work\redis\build\tests\modules\list.vcxproj]
  (compiling source file '../../../tests/modules/list.c')
  
C:\Users\samue\repos\redis-windows\build_work\redis\build\msvc_compat.h(157,9): warning C4028: formal parameter 1 different from declaration [C:\Users\samue\repos\redis-windows\build_work\redis\build\tests\modules\list.vcxproj]
  (compiling source file '../../../tests/modules/list.c')
  
C:\Users\samue\repos\redis-windows\build_work\redis\build\msvc_compat.h(164,5): warning C4028: formal parameter 1 different from declaration [C:\Users\samue\repos\redis-windows\build_work\redis\build\tests\modules\list.vcxproj]
  (compiling source file '../../../tests/modules/list.c')
  
C:\Users\samue\repos\redis-windows\build_work\redis\tests\modules\list.c(153,1): warning C4715: 'replyByErrno': not all control paths return a value [C:\Users\samue\repos\redis-windows\build_work\redis\build\tests\modules\list.vcxproj]
  Auto build dll exports
     Creating library C:/Users/samue/repos/redis-windows/build_work/redis/build/lib/Release/list.lib and object C:/Users/samue/repos/redis-windows/build_work/redis/build/lib/Release/list.exp
  list.vcxproj -> C:\Users\samue\repos\redis-windows\build_work\redis\build\bin\Release\list.dll
  Building Custom Rule C:/Users/samue/repos/redis-windows/build_work/redis/build/patched/tests/modules/CMakeLists.txt
  mallocsize.c
C:\Users\samue\repos\redis-windows\build_work\redis\build\msvc_compat.h(156,9): warning C4028: formal parameter 1 different from declaration [C:\Users\samue\repos\redis-windows\build_work\redis\build\tests\modules\mallocsize.vcxproj]
  (compiling source file '../../../tests/modules/mallocsize.c')
  
C:\Users\samue\repos\redis-windows\build_work\redis\build\msvc_compat.h(157,9): warning C4028: formal parameter 1 different from declaration [C:\Users\samue\repos\redis-windows\build_work\redis\build\tests\modules\mallocsize.vcxproj]
  (compiling source file '../../../tests/modules/mallocsize.c')
  
C:\Users\samue\repos\redis-windows\build_work\redis\build\msvc_compat.h(164,5): warning C4028: formal parameter 1 different from declaration [C:\Users\samue\repos\redis-windows\build_work\redis\build\tests\modules\mallocsize.vcxproj]
  (compiling source file '../../../tests/modules/mallocsize.c')
  
  Auto build dll exports
     Creating library C:/Users/samue/repos/redis-windows/build_work/redis/build/lib/Release/mallocsize.lib and object C:/Users/samue/repos/redis-windows/build_work/redis/build/lib/Release/mallocsize.exp
  mallocsize.vcxproj -> C:\Users\samue\repos\redis-windows\build_work\redis\build\bin\Release\mallocsize.dll
  Building Custom Rule C:/Users/samue/repos/redis-windows/build_work/redis/build/patched/tests/modules/CMakeLists.txt
  misc.c
C:\Users\samue\repos\redis-windows\build_work\redis\build\msvc_compat.h(156,9): warning C4028: formal parameter 1 different from declaration [C:\Users\samue\repos\redis-windows\build_work\redis\build\tests\modules\misc.vcxproj]
  (compiling source file '../../../tests/modules/misc.c')
  
C:\Users\samue\repos\redis-windows\build_work\redis\build\msvc_compat.h(157,9): warning C4028: formal parameter 1 different from declaration [C:\Users\samue\repos\redis-windows\build_work\redis\build\tests\modules\misc.vcxproj]
  (compiling source file '../../../tests/modules/misc.c')
  
C:\Users\samue\repos\redis-windows\build_work\redis\build\msvc_compat.h(164,5): warning C4028: formal parameter 1 different from declaration [C:\Users\samue\repos\redis-windows\build_work\redis\build\tests\modules\misc.vcxproj]
  (compiling source file '../../../tests/modules/misc.c')
  
  Auto build dll exports
     Creating library C:/Users/samue/repos/redis-windows/build_work/redis/build/lib/Release/misc.lib and object C:/Users/samue/repos/redis-windows/build_work/redis/build/lib/Release/misc.exp
  misc.vcxproj -> C:\Users\samue\repos\redis-windows\build_work\redis\build\bin\Release\misc.dll
  Building Custom Rule C:/Users/samue/repos/redis-windows/build_work/redis/build/patched/tests/modules/CMakeLists.txt
  moduleauthtwo.c
C:\Users\samue\repos\redis-windows\build_work\redis\build\msvc_compat.h(156,9): warning C4028: formal parameter 1 different from declaration [C:\Users\samue\repos\redis-windows\build_work\redis\build\tests\modules\moduleauthtwo.vcxproj]
  (compiling source file '../../../tests/modules/moduleauthtwo.c')
  
C:\Users\samue\repos\redis-windows\build_work\redis\build\msvc_compat.h(157,9): warning C4028: formal parameter 1 different from declaration [C:\Users\samue\repos\redis-windows\build_work\redis\build\tests\modules\moduleauthtwo.vcxproj]
  (compiling source file '../../../tests/modules/moduleauthtwo.c')
  
C:\Users\samue\repos\redis-windows\build_work\redis\build\msvc_compat.h(164,5): warning C4028: formal parameter 1 different from declaration [C:\Users\samue\repos\redis-windows\build_work\redis\build\tests\modules\moduleauthtwo.vcxproj]
  (compiling source file '../../../tests/modules/moduleauthtwo.c')
  
  Auto build dll exports
     Creating library C:/Users/samue/repos/redis-windows/build_work/redis/build/lib/Release/moduleauthtwo.lib and object C:/Users/samue/repos/redis-windows/build_work/redis/build/lib/Release/moduleauthtwo.exp
  moduleauthtwo.vcxproj -> C:\Users\samue\repos\redis-windows\build_work\redis\build\bin\Release\moduleauthtwo.dll
  Building Custom Rule C:/Users/samue/repos/redis-windows/build_work/redis/build/patched/tests/modules/CMakeLists.txt
  moduleconfigs.c
C:\Users\samue\repos\redis-windows\build_work\redis\build\msvc_compat.h(156,9): warning C4028: formal parameter 1 different from declaration [C:\Users\samue\repos\redis-windows\build_work\redis\build\tests\modules\moduleconfigs.vcxproj]
  (compiling source file '../../../tests/modules/moduleconfigs.c')
  
C:\Users\samue\repos\redis-windows\build_work\redis\build\msvc_compat.h(157,9): warning C4028: formal parameter 1 different from declaration [C:\Users\samue\repos\redis-windows\build_work\redis\build\tests\modules\moduleconfigs.vcxproj]
  (compiling source file '../../../tests/modules/moduleconfigs.c')
  
C:\Users\samue\repos\redis-windows\build_work\redis\build\msvc_compat.h(164,5): warning C4028: formal parameter 1 different from declaration [C:\Users\samue\repos\redis-windows\build_work\redis\build\tests\modules\moduleconfigs.vcxproj]
  (compiling source file '../../../tests/modules/moduleconfigs.c')
  
  Auto build dll exports
     Creating library C:/Users/samue/repos/redis-windows/build_work/redis/build/lib/Release/moduleconfigs.lib and object C:/Users/samue/repos/redis-windows/build_work/redis/build/lib/Release/moduleconfigs.exp
  moduleconfigs.vcxproj -> C:\Users\samue\repos\redis-windows\build_work\redis\build\bin\Release\moduleconfigs.dll
  Building Custom Rule C:/Users/samue/repos/redis-windows/build_work/redis/build/patched/tests/modules/CMakeLists.txt
  moduleconfigstwo.c
C:\Users\samue\repos\redis-windows\build_work\redis\build\msvc_compat.h(156,9): warning C4028: formal parameter 1 different from declaration [C:\Users\samue\repos\redis-windows\build_work\redis\build\tests\modules\moduleconfigstwo.vcxproj]
  (compiling source file '../../../tests/modules/moduleconfigstwo.c')
  
C:\Users\samue\repos\redis-windows\build_work\redis\build\msvc_compat.h(157,9): warning C4028: formal parameter 1 different from declaration [C:\Users\samue\repos\redis-windows\build_work\redis\build\tests\modules\moduleconfigstwo.vcxproj]
  (compiling source file '../../../tests/modules/moduleconfigstwo.c')
  
C:\Users\samue\repos\redis-windows\build_work\redis\build\msvc_compat.h(164,5): warning C4028: formal parameter 1 different from declaration [C:\Users\samue\repos\redis-windows\build_work\redis\build\tests\modules\moduleconfigstwo.vcxproj]
  (compiling source file '../../../tests/modules/moduleconfigstwo.c')
  
  Auto build dll exports
     Creating library C:/Users/samue/repos/redis-windows/build_work/redis/build/lib/Release/moduleconfigstwo.lib and object C:/Users/samue/repos/redis-windows/build_work/redis/build/lib/Release/moduleconfigstwo.exp
  moduleconfigstwo.vcxproj -> C:\Users\samue\repos\redis-windows\build_work\redis\build\bin\Release\moduleconfigstwo.dll
  Building Custom Rule C:/Users/samue/repos/redis-windows/build_work/redis/build/_deps/auto_win_msvc-src/posix-alloca/CMakeLists.txt
  posix-alloca.c
  posix-alloca.vcxproj -> C:\Users\samue\repos\redis-windows\build_work\redis\build\_deps\auto_win_msvc-build\posix-alloca\Release\posix-alloca.lib
  Building Custom Rule C:/Users/samue/repos/redis-windows/build_work/redis/build/_deps/auto_win_msvc-src/posix-arpa/CMakeLists.txt
  posix-arpa-inet.c
  posix-arpa.vcxproj -> C:\Users\samue\repos\redis-windows\build_work\redis\build\_deps\auto_win_msvc-build\posix-arpa\Release\posix-arpa.lib
  Building Custom Rule C:/Users/samue/repos/redis-windows/build_work/redis/build/_deps/auto_win_msvc-src/posix-poll/CMakeLists.txt
  posix-poll.c
  posix-poll.vcxproj -> C:\Users\samue\repos\redis-windows\build_work\redis\build\_deps\auto_win_msvc-build\posix-core\posix-sockets_build\posix-poll_build\Release\posix-poll.lib
  Building Custom Rule C:/Users/samue/repos/redis-windows/build_work/redis/build/_deps/auto_win_msvc-src/posix-sys-ioctl/CMakeLists.txt
  posix-sys-ioctl.c
  posix-sys-ioctl.vcxproj -> C:\Users\samue\repos\redis-windows\build_work\redis\build\_deps\auto_win_msvc-build\posix-core\posix-sockets_build\posix-sys-ioctl_build\Release\posix-sys-ioctl.lib
  Building Custom Rule C:/Users/samue/repos/redis-windows/build_work/redis/build/_deps/auto_win_msvc-src/posix-sys-uio/CMakeLists.txt
  posix-sys-uio.c
  posix-sys-uio.vcxproj -> C:\Users\samue\repos\redis-windows\build_work\redis\build\_deps\auto_win_msvc-build\posix-core\posix-sockets_build\posix-sys-uio_build\Release\posix-sys-uio.lib
  Building Custom Rule C:/Users/samue/repos/redis-windows/build_work/redis/build/_deps/auto_win_msvc-src/posix-sockets/CMakeLists.txt
  posix-sockets.c
  posix-sockets.vcxproj -> C:\Users\samue\repos\redis-windows\build_work\redis\build\_deps\auto_win_msvc-build\posix-core\posix-sockets_build\Release\posix-sockets.lib
  Building Custom Rule C:/Users/samue/repos/redis-windows/build_work/redis/build/_deps/auto_win_msvc-src/posix-core/CMakeLists.txt
  posix-core.c
  posix_read_write.c
  Generating Code...
  posix-core.vcxproj -> C:\Users\samue\repos\redis-windows\build_work\redis\build\_deps\auto_win_msvc-build\posix-core\Release\posix-core.lib
  Building Custom Rule C:/Users/samue/repos/redis-windows/build_work/redis/build/_deps/auto_win_msvc-src/posix-dirent/CMakeLists.txt
  posix-dirent.c
  posix-dirent.vcxproj -> C:\Users\samue\repos\redis-windows\build_work\redis\build\_deps\auto_win_msvc-build\posix-dirent\Release\posix-dirent.lib
  Building Custom Rule C:/Users/samue/repos/redis-windows/build_work/redis/build/_deps/auto_win_msvc-src/posix-dlfcn/CMakeLists.txt
  posix-dlfcn.c
  posix-dlfcn.vcxproj -> C:\Users\samue\repos\redis-windows\build_work\redis\build\_deps\auto_win_msvc-build\posix-dlfcn\Release\posix-dlfcn.lib
  Building Custom Rule C:/Users/samue/repos/redis-windows/build_work/redis/build/_deps/auto_win_msvc-src/posix-glob/CMakeLists.txt
  posix-glob.c
  posix-glob.vcxproj -> C:\Users\samue\repos\redis-windows\build_work\redis\build\_deps\auto_win_msvc-build\posix-glob\Release\posix-glob.lib
  Building Custom Rule C:/Users/samue/repos/redis-windows/build_work/redis/build/_deps/auto_win_msvc-src/posix-inttypes/CMakeLists.txt
  posix-inttypes.c
  posix-inttypes.vcxproj -> C:\Users\samue\repos\redis-windows\build_work\redis\build\_deps\auto_win_msvc-build\posix-inttypes\Release\posix-inttypes.lib
  Building Custom Rule C:/Users/samue/repos/redis-windows/build_work/redis/build/_deps/auto_win_msvc-src/posix-ipc/CMakeLists.txt
  posix-ipc.c
  posix-ipc.vcxproj -> C:\Users\samue\repos\redis-windows\build_work\redis\build\_deps\auto_win_msvc-build\posix-ipc\Release\posix-ipc.lib
  Building Custom Rule C:/Users/samue/repos/redis-windows/build_work/redis/build/_deps/auto_win_msvc-src/posix-langinfo/CMakeLists.txt
  posix-langinfo.c
  posix-langinfo.vcxproj -> C:\Users\samue\repos\redis-windows\build_work\redis\build\_deps\auto_win_msvc-build\posix-langinfo\Release\posix-langinfo.lib
  Building Custom Rule C:/Users/samue/repos/redis-windows/build_work/redis/build/_deps/auto_win_msvc-src/posix-libgen/CMakeLists.txt
  posix-libgen.c
  posix-libgen.vcxproj -> C:\Users\samue\repos\redis-windows\build_work\redis\build\_deps\auto_win_msvc-build\posix-libgen\Release\posix-libgen.lib
  Building Custom Rule C:/Users/samue/repos/redis-windows/build_work/redis/build/_deps/auto_win_msvc-src/posix-libproc/CMakeLists.txt
  posix-libproc.c
  posix-libproc.vcxproj -> C:\Users\samue\repos\redis-windows\build_work\redis\build\_deps\auto_win_msvc-build\posix-libproc\Release\posix-libproc.lib
  Building Custom Rule C:/Users/samue/repos/redis-windows/build_work/redis/build/_deps/auto_win_msvc-src/posix-mman/CMakeLists.txt
  posix-mman.c
  posix-mman.vcxproj -> C:\Users\samue\repos\redis-windows\build_work\redis\build\_deps\auto_win_msvc-build\posix-mman\Release\posix-mman.lib
  Building Custom Rule C:/Users/samue/repos/redis-windows/build_work/redis/build/_deps/auto_win_msvc-src/posix-netdb/CMakeLists.txt
  posix-netdb.c
  posix-netdb.vcxproj -> C:\Users\samue\repos\redis-windows\build_work\redis\build\_deps\auto_win_msvc-build\posix-netdb\Release\posix-netdb.lib
  Building Custom Rule C:/Users/samue/repos/redis-windows/build_work/redis/build/_deps/auto_win_msvc-src/posix-netinet/CMakeLists.txt
  posix-netinet.c
  posix-netinet.vcxproj -> C:\Users\samue\repos\redis-windows\build_work\redis\build\_deps\auto_win_msvc-build\posix-netinet\Release\posix-netinet.lib
  Building Custom Rule C:/Users/samue/repos/redis-windows/build_work/redis/build/_deps/auto_win_msvc-src/posix-pthread/CMakeLists.txt
  posix-pthread.c
  posix-pthread.vcxproj -> C:\Users\samue\repos\redis-windows\build_work\redis\build\_deps\auto_win_msvc-build\posix-pthread\Release\posix-pthread.lib
  Building Custom Rule C:/Users/samue/repos/redis-windows/build_work/redis/build/_deps/auto_win_msvc-src/posix-pwdgrp/CMakeLists.txt
  posix-pwdgrp.c
  posix-pwdgrp.vcxproj -> C:\Users\samue\repos\redis-windows\build_work\redis\build\_deps\auto_win_msvc-build\posix-pwdgrp\Release\posix-pwdgrp.lib
  Building Custom Rule C:/Users/samue/repos/redis-windows/build_work/redis/build/_deps/auto_win_msvc-src/posix-regex/CMakeLists.txt
  posix-regex.c
  posix-regex.vcxproj -> C:\Users\samue\repos\redis-windows\build_work\redis\build\_deps\auto_win_msvc-build\posix-regex\Release\posix-regex.lib
  Building Custom Rule C:/Users/samue/repos/redis-windows/build_work/redis/build/_deps/auto_win_msvc-src/posix-sched/CMakeLists.txt
  posix-sched.c
  posix-sched.vcxproj -> C:\Users\samue\repos\redis-windows\build_work\redis\build\_deps\auto_win_msvc-build\posix-sched\Release\posix-sched.lib
  Building Custom Rule C:/Users/samue/repos/redis-windows/build_work/redis/build/_deps/auto_win_msvc-src/posix-signal/CMakeLists.txt
  posix-signal.c
  posix-signal.vcxproj -> C:\Users\samue\repos\redis-windows\build_work\redis\build\_deps\auto_win_msvc-build\posix-signal\Release\posix-signal.lib
  Building Custom Rule C:/Users/samue/repos/redis-windows/build_work/redis/build/_deps/auto_win_msvc-src/posix-spawn/CMakeLists.txt
  posix-spawn.c
  posix-spawn.vcxproj -> C:\Users\samue\repos\redis-windows\build_work\redis\build\_deps\auto_win_msvc-build\posix-spawn\Release\posix-spawn.lib
  Building Custom Rule C:/Users/samue/repos/redis-windows/build_work/redis/build/_deps/auto_win_msvc-src/posix-stat/CMakeLists.txt
  posix-stat.c
  posix-stat.vcxproj -> C:\Users\samue\repos\redis-windows\build_work\redis\build\_deps\auto_win_msvc-build\posix-stat\Release\posix-stat.lib
  Building Custom Rule C:/Users/samue/repos/redis-windows/build_work/redis/build/_deps/auto_win_msvc-src/posix-strings/CMakeLists.txt
  posix-strings.c
  posix-strings.vcxproj -> C:\Users\samue\repos\redis-windows\build_work\redis\build\_deps\auto_win_msvc-build\posix-strings\Release\posix-strings.lib
  Building Custom Rule C:/Users/samue/repos/redis-windows/build_work/redis/build/_deps/auto_win_msvc-src/posix-stropts/CMakeLists.txt
  posix-stropts.c
  posix-stropts.vcxproj -> C:\Users\samue\repos\redis-windows\build_work\redis\build\_deps\auto_win_msvc-build\posix-stropts\Release\posix-stropts.lib
  Building Custom Rule C:/Users/samue/repos/redis-windows/build_work/redis/build/_deps/auto_win_msvc-src/posix-sys-resource/CMakeLists.txt
  posix-sys-resource.c
  posix-sys-resource.vcxproj -> C:\Users\samue\repos\redis-windows\build_work\redis\build\_deps\auto_win_msvc-build\posix-sys-resource\Release\posix-sys-resource.lib
  Building Custom Rule C:/Users/samue/repos/redis-windows/build_work/redis/build/_deps/auto_win_msvc-src/posix-syslog/CMakeLists.txt
  posix-syslog.c
  posix-syslog.vcxproj -> C:\Users\samue\repos\redis-windows\build_work\redis\build\_deps\auto_win_msvc-build\posix-syslog\Release\posix-syslog.lib
  Building Custom Rule C:/Users/samue/repos/redis-windows/build_work/redis/build/_deps/auto_win_msvc-src/posix-termios/CMakeLists.txt
  posix-termios.c
  posix-termios.vcxproj -> C:\Users\samue\repos\redis-windows\build_work\redis\build\_deps\auto_win_msvc-build\posix-termios\Release\posix-termios.lib
  Building Custom Rule C:/Users/samue/repos/redis-windows/build_work/redis/build/_deps/auto_win_msvc-src/posix-time/CMakeLists.txt
  posix-time.c
  posix-time.vcxproj -> C:\Users\samue\repos\redis-windows\build_work\redis\build\_deps\auto_win_msvc-build\posix-time\Release\posix-time.lib
  Building Custom Rule C:/Users/samue/repos/redis-windows/build_work/redis/build/_deps/auto_win_msvc-src/posix-times/CMakeLists.txt
  posix-times.c
  posix-times.vcxproj -> C:\Users\samue\repos\redis-windows\build_work\redis\build\_deps\auto_win_msvc-build\posix-times\Release\posix-times.lib
  Building Custom Rule C:/Users/samue/repos/redis-windows/build_work/redis/build/_deps/auto_win_msvc-src/posix-types/CMakeLists.txt
  posix-types.c
  posix-types.vcxproj -> C:\Users\samue\repos\redis-windows\build_work\redis\build\_deps\auto_win_msvc-build\posix-types\Release\posix-types.lib
  Building Custom Rule C:/Users/samue/repos/redis-windows/build_work/redis/build/_deps/auto_win_msvc-src/posix-ucontext/CMakeLists.txt
  posix-ucontext.c
  posix-ucontext.vcxproj -> C:\Users\samue\repos\redis-windows\build_work\redis\build\_deps\auto_win_msvc-build\posix-ucontext\Release\posix-ucontext.lib
  Building Custom Rule C:/Users/samue/repos/redis-windows/build_work/redis/build/_deps/auto_win_msvc-src/posix-unwind/CMakeLists.txt
  posix-unwind.c
  posix-unwind.vcxproj -> C:\Users\samue\repos\redis-windows\build_work\redis\build\_deps\auto_win_msvc-build\posix-unwind\Release\posix-unwind.lib
  Building Custom Rule C:/Users/samue/repos/redis-windows/build_work/redis/build/_deps/auto_win_msvc-src/posix-utsname/CMakeLists.txt
  posix-utsname.c
  posix-utsname.vcxproj -> C:\Users\samue\repos\redis-windows\build_work\redis\build\_deps\auto_win_msvc-build\posix-utsname\Release\posix-utsname.lib
  Building Custom Rule C:/Users/samue/repos/redis-windows/build_work/redis/build/_deps/auto_win_msvc-src/posix-wait/CMakeLists.txt
  posix-wait.c
  posix-wait.vcxproj -> C:\Users\samue\repos\redis-windows\build_work\redis\build\_deps\auto_win_msvc-build\posix-wait\Release\posix-wait.lib
  Building Custom Rule C:/Users/samue/repos/redis-windows/build_work/redis/build/patched/tests/modules/CMakeLists.txt
  postnotifications.c
C:\Users\samue\repos\redis-windows\build_work\redis\build\msvc_compat.h(156,9): warning C4028: formal parameter 1 different from declaration [C:\Users\samue\repos\redis-windows\build_work\redis\build\tests\modules\postnotifications.vcxproj]
  (compiling source file '../../../tests/modules/postnotifications.c')
  
C:\Users\samue\repos\redis-windows\build_work\redis\build\msvc_compat.h(157,9): warning C4028: formal parameter 1 different from declaration [C:\Users\samue\repos\redis-windows\build_work\redis\build\tests\modules\postnotifications.vcxproj]
  (compiling source file '../../../tests/modules/postnotifications.c')
  
C:\Users\samue\repos\redis-windows\build_work\redis\build\msvc_compat.h(164,5): warning C4028: formal parameter 1 different from declaration [C:\Users\samue\repos\redis-windows\build_work\redis\build\tests\modules\postnotifications.vcxproj]
  (compiling source file '../../../tests/modules/postnotifications.c')
  
  Auto build dll exports
     Creating library C:/Users/samue/repos/redis-windows/build_work/redis/build/lib/Release/postnotifications.lib and object C:/Users/samue/repos/redis-windows/build_work/redis/build/lib/Release/postnotifications.exp
  postnotifications.vcxproj -> C:\Users\samue\repos\redis-windows\build_work\redis\build\bin\Release\postnotifications.dll
  Building Custom Rule C:/Users/samue/repos/redis-windows/build_work/redis/build/patched/tests/modules/CMakeLists.txt
  propagate.c
C:\Users\samue\repos\redis-windows\build_work\redis\build\msvc_compat.h(156,9): warning C4028: formal parameter 1 different from declaration [C:\Users\samue\repos\redis-windows\build_work\redis\build\tests\modules\propagate.vcxproj]
  (compiling source file '../../../tests/modules/propagate.c')
  
C:\Users\samue\repos\redis-windows\build_work\redis\build\msvc_compat.h(157,9): warning C4028: formal parameter 1 different from declaration [C:\Users\samue\repos\redis-windows\build_work\redis\build\tests\modules\propagate.vcxproj]
  (compiling source file '../../../tests/modules/propagate.c')
  
C:\Users\samue\repos\redis-windows\build_work\redis\build\msvc_compat.h(164,5): warning C4028: formal parameter 1 different from declaration [C:\Users\samue\repos\redis-windows\build_work\redis\build\tests\modules\propagate.vcxproj]
  (compiling source file '../../../tests/modules/propagate.c')
  
  Auto build dll exports
     Creating library C:/Users/samue/repos/redis-windows/build_work/redis/build/lib/Release/propagate.lib and object C:/Users/samue/repos/redis-windows/build_work/redis/build/lib/Release/propagate.exp
  propagate.vcxproj -> C:\Users\samue\repos\redis-windows\build_work\redis\build\bin\Release\propagate.dll
  Building Custom Rule C:/Users/samue/repos/redis-windows/build_work/redis/build/patched/tests/modules/CMakeLists.txt
  publish.c
C:\Users\samue\repos\redis-windows\build_work\redis\build\msvc_compat.h(156,9): warning C4028: formal parameter 1 different from declaration [C:\Users\samue\repos\redis-windows\build_work\redis\build\tests\modules\publish.vcxproj]
  (compiling source file '../../../tests/modules/publish.c')
  
C:\Users\samue\repos\redis-windows\build_work\redis\build\msvc_compat.h(157,9): warning C4028: formal parameter 1 different from declaration [C:\Users\samue\repos\redis-windows\build_work\redis\build\tests\modules\publish.vcxproj]
  (compiling source file '../../../tests/modules/publish.c')
  
C:\Users\samue\repos\redis-windows\build_work\redis\build\msvc_compat.h(164,5): warning C4028: formal parameter 1 different from declaration [C:\Users\samue\repos\redis-windows\build_work\redis\build\tests\modules\publish.vcxproj]
  (compiling source file '../../../tests/modules/publish.c')
  
  Auto build dll exports
     Creating library C:/Users/samue/repos/redis-windows/build_work/redis/build/lib/Release/publish.lib and object C:/Users/samue/repos/redis-windows/build_work/redis/build/lib/Release/publish.exp
  publish.vcxproj -> C:\Users\samue\repos\redis-windows\build_work\redis\build\bin\Release\publish.dll
  Building Custom Rule C:/Users/samue/repos/redis-windows/build_work/redis/build/patched/tests/modules/CMakeLists.txt
  rdbloadsave.c
C:\Users\samue\repos\redis-windows\build_work\redis\build\msvc_compat.h(156,9): warning C4028: formal parameter 1 different from declaration [C:\Users\samue\repos\redis-windows\build_work\redis\build\tests\modules\rdbloadsave.vcxproj]
  (compiling source file '../../patched/tests/modules/rdbloadsave.c')
  
C:\Users\samue\repos\redis-windows\build_work\redis\build\msvc_compat.h(157,9): warning C4028: formal parameter 1 different from declaration [C:\Users\samue\repos\redis-windows\build_work\redis\build\tests\modules\rdbloadsave.vcxproj]
  (compiling source file '../../patched/tests/modules/rdbloadsave.c')
  
C:\Users\samue\repos\redis-windows\build_work\redis\build\msvc_compat.h(164,5): warning C4028: formal parameter 1 different from declaration [C:\Users\samue\repos\redis-windows\build_work\redis\build\tests\modules\rdbloadsave.vcxproj]
  (compiling source file '../../patched/tests/modules/rdbloadsave.c')
  
  Auto build dll exports
     Creating library C:/Users/samue/repos/redis-windows/build_work/redis/build/lib/Release/rdbloadsave.lib and object C:/Users/samue/repos/redis-windows/build_work/redis/build/lib/Release/rdbloadsave.exp
  rdbloadsave.vcxproj -> C:\Users\samue\repos\redis-windows\build_work\redis\build\bin\Release\rdbloadsave.dll
  Building Custom Rule C:/Users/samue/repos/redis-windows/build_work/redis/build/patched/tests/modules/CMakeLists.txt
  reply.c
C:\Users\samue\repos\redis-windows\build_work\redis\build\msvc_compat.h(156,9): warning C4028: formal parameter 1 different from declaration [C:\Users\samue\repos\redis-windows\build_work\redis\build\tests\modules\reply.vcxproj]
  (compiling source file '../../../tests/modules/reply.c')
  
C:\Users\samue\repos\redis-windows\build_work\redis\build\msvc_compat.h(157,9): warning C4028: formal parameter 1 different from declaration [C:\Users\samue\repos\redis-windows\build_work\redis\build\tests\modules\reply.vcxproj]
  (compiling source file '../../../tests/modules/reply.c')
  
C:\Users\samue\repos\redis-windows\build_work\redis\build\msvc_compat.h(164,5): warning C4028: formal parameter 1 different from declaration [C:\Users\samue\repos\redis-windows\build_work\redis\build\tests\modules\reply.vcxproj]
  (compiling source file '../../../tests/modules/reply.c')
  
  Auto build dll exports
     Creating library C:/Users/samue/repos/redis-windows/build_work/redis/build/lib/Release/reply.lib and object C:/Users/samue/repos/redis-windows/build_work/redis/build/lib/Release/reply.exp
  reply.vcxproj -> C:\Users\samue\repos\redis-windows\build_work\redis\build\bin\Release\reply.dll
  Building Custom Rule C:/Users/samue/repos/redis-windows/build_work/redis/build/patched/tests/modules/CMakeLists.txt
  scan.c
C:\Users\samue\repos\redis-windows\build_work\redis\build\msvc_compat.h(156,9): warning C4028: formal parameter 1 different from declaration [C:\Users\samue\repos\redis-windows\build_work\redis\build\tests\modules\scan.vcxproj]
  (compiling source file '../../../tests/modules/scan.c')
  
C:\Users\samue\repos\redis-windows\build_work\redis\build\msvc_compat.h(157,9): warning C4028: formal parameter 1 different from declaration [C:\Users\samue\repos\redis-windows\build_work\redis\build\tests\modules\scan.vcxproj]
  (compiling source file '../../../tests/modules/scan.c')
  
C:\Users\samue\repos\redis-windows\build_work\redis\build\msvc_compat.h(164,5): warning C4028: formal parameter 1 different from declaration [C:\Users\samue\repos\redis-windows\build_work\redis\build\tests\modules\scan.vcxproj]
  (compiling source file '../../../tests/modules/scan.c')
  
  Auto build dll exports
     Creating library C:/Users/samue/repos/redis-windows/build_work/redis/build/lib/Release/scan.lib and object C:/Users/samue/repos/redis-windows/build_work/redis/build/lib/Release/scan.exp
  scan.vcxproj -> C:\Users\samue\repos\redis-windows\build_work\redis\build\bin\Release\scan.dll
  Building Custom Rule C:/Users/samue/repos/redis-windows/build_work/redis/build/_deps/auto_win_msvc-src/solaris-port/CMakeLists.txt
  solaris-port.c
  solaris-port.vcxproj -> C:\Users\samue\repos\redis-windows\build_work\redis\build\_deps\auto_win_msvc-build\solaris-port\Release\solaris-port.lib
  Building Custom Rule C:/Users/samue/repos/redis-windows/build_work/redis/build/_deps/auto_win_msvc-src/solaris-sys-byteorder/CMakeLists.txt
  solaris-sys-byteorder.c
  solaris-sys-byteorder.vcxproj -> C:\Users\samue\repos\redis-windows\build_work\redis\build\_deps\auto_win_msvc-build\solaris-sys-byteorder\Release\solaris-sys-byteorder.lib
  Building Custom Rule C:/Users/samue/repos/redis-windows/build_work/redis/build/_deps/auto_win_msvc-src/solaris-sys-feature-tests/CMakeLists.txt
  solaris-sys-feature-tests.c
  solaris-sys-feature-tests.vcxproj -> C:\Users\samue\repos\redis-windows\build_work\redis\build\_deps\auto_win_msvc-build\solaris-sys-feature-tests\Release\solaris-sys-feature-tests.lib
  Building Custom Rule C:/Users/samue/repos/redis-windows/build_work/redis/build/patched/tests/modules/CMakeLists.txt
  stream.c
C:\Users\samue\repos\redis-windows\build_work\redis\build\msvc_compat.h(156,9): warning C4028: formal parameter 1 different from declaration [C:\Users\samue\repos\redis-windows\build_work\redis\build\tests\modules\stream.vcxproj]
  (compiling source file '../../../tests/modules/stream.c')
  
C:\Users\samue\repos\redis-windows\build_work\redis\build\msvc_compat.h(157,9): warning C4028: formal parameter 1 different from declaration [C:\Users\samue\repos\redis-windows\build_work\redis\build\tests\modules\stream.vcxproj]
  (compiling source file '../../../tests/modules/stream.c')
  
C:\Users\samue\repos\redis-windows\build_work\redis\build\msvc_compat.h(164,5): warning C4028: formal parameter 1 different from declaration [C:\Users\samue\repos\redis-windows\build_work\redis\build\tests\modules\stream.vcxproj]
  (compiling source file '../../../tests/modules/stream.c')
  
C:\Users\samue\repos\redis-windows\build_work\redis\tests\modules\stream.c(151,1): warning C4700: uninitialized local variable 'field' used [C:\Users\samue\repos\redis-windows\build_work\redis\build\tests\modules\stream.vcxproj]
C:\Users\samue\repos\redis-windows\build_work\redis\tests\modules\stream.c(152,1): warning C4700: uninitialized local variable 'value' used [C:\Users\samue\repos\redis-windows\build_work\redis\build\tests\modules\stream.vcxproj]
  Auto build dll exports
     Creating library C:/Users/samue/repos/redis-windows/build_work/redis/build/lib/Release/stream.lib and object C:/Users/samue/repos/redis-windows/build_work/redis/build/lib/Release/stream.exp
  stream.vcxproj -> C:\Users\samue\repos\redis-windows\build_work\redis\build\bin\Release\stream.dll
  Building Custom Rule C:/Users/samue/repos/redis-windows/build_work/redis/build/patched/tests/modules/CMakeLists.txt
  subcommands.c
C:\Users\samue\repos\redis-windows\build_work\redis\build\msvc_compat.h(156,9): warning C4028: formal parameter 1 different from declaration [C:\Users\samue\repos\redis-windows\build_work\redis\build\tests\modules\subcommands.vcxproj]
  (compiling source file '../../../tests/modules/subcommands.c')
  
C:\Users\samue\repos\redis-windows\build_work\redis\build\msvc_compat.h(157,9): warning C4028: formal parameter 1 different from declaration [C:\Users\samue\repos\redis-windows\build_work\redis\build\tests\modules\subcommands.vcxproj]
  (compiling source file '../../../tests/modules/subcommands.c')
  
C:\Users\samue\repos\redis-windows\build_work\redis\build\msvc_compat.h(164,5): warning C4028: formal parameter 1 different from declaration [C:\Users\samue\repos\redis-windows\build_work\redis\build\tests\modules\subcommands.vcxproj]
  (compiling source file '../../../tests/modules/subcommands.c')
  
  Auto build dll exports
     Creating library C:/Users/samue/repos/redis-windows/build_work/redis/build/lib/Release/subcommands.lib and object C:/Users/samue/repos/redis-windows/build_work/redis/build/lib/Release/subcommands.exp
  subcommands.vcxproj -> C:\Users\samue\repos\redis-windows\build_work\redis\build\bin\Release\subcommands.dll
  Building Custom Rule C:/Users/samue/repos/redis-windows/build_work/redis/build/_deps/auto_win_msvc-src/bsd-sys-cpuset/CMakeLists.txt
  test_core.c
  test_main.c
  Generating Code...
  test_bsd-sys-cpuset.vcxproj -> C:\Users\samue\repos\redis-windows\build_work\redis\build\_deps\auto_win_msvc-build\bsd-sys-cpuset\Release\test_bsd-sys-cpuset.exe
  Building Custom Rule C:/Users/samue/repos/redis-windows/build_work/redis/build/_deps/auto_win_msvc-src/bsd-sys-sysctl/CMakeLists.txt
  test_core.c
  test_main.c
  Generating Code...
  test_bsd-sys-sysctl.vcxproj -> C:\Users\samue\repos\redis-windows\build_work\redis\build\_deps\auto_win_msvc-build\bsd-sys-sysctl\Release\test_bsd-sys-sysctl.exe
  Building Custom Rule C:/Users/samue/repos/redis-windows/build_work/redis/build/patched/tests/modules/CMakeLists.txt
  test_keymeta.c
C:\Users\samue\repos\redis-windows\build_work\redis\build\msvc_compat.h(156,9): warning C4028: formal parameter 1 different from declaration [C:\Users\samue\repos\redis-windows\build_work\redis\build\tests\modules\test_keymeta.vcxproj]
  (compiling source file '../../../tests/modules/test_keymeta.c')
  
C:\Users\samue\repos\redis-windows\build_work\redis\build\msvc_compat.h(157,9): warning C4028: formal parameter 1 different from declaration [C:\Users\samue\repos\redis-windows\build_work\redis\build\tests\modules\test_keymeta.vcxproj]
  (compiling source file '../../../tests/modules/test_keymeta.c')
  
C:\Users\samue\repos\redis-windows\build_work\redis\build\msvc_compat.h(164,5): warning C4028: formal parameter 1 different from declaration [C:\Users\samue\repos\redis-windows\build_work\redis\build\tests\modules\test_keymeta.vcxproj]
  (compiling source file '../../../tests/modules/test_keymeta.c')
  
  Auto build dll exports
     Creating library C:/Users/samue/repos/redis-windows/build_work/redis/build/lib/Release/test_keymeta.lib and object C:/Users/samue/repos/redis-windows/build_work/redis/build/lib/Release/test_keymeta.exp
  test_keymeta.vcxproj -> C:\Users\samue\repos\redis-windows\build_work\redis\build\bin\Release\test_keymeta.dll
  Building Custom Rule C:/Users/samue/repos/redis-windows/build_work/redis/build/patched/tests/modules/CMakeLists.txt
  test_lazyfree.c
C:\Users\samue\repos\redis-windows\build_work\redis\build\msvc_compat.h(156,9): warning C4028: formal parameter 1 different from declaration [C:\Users\samue\repos\redis-windows\build_work\redis\build\tests\modules\test_lazyfree.vcxproj]
  (compiling source file '../../../tests/modules/test_lazyfree.c')
  
C:\Users\samue\repos\redis-windows\build_work\redis\build\msvc_compat.h(157,9): warning C4028: formal parameter 1 different from declaration [C:\Users\samue\repos\redis-windows\build_work\redis\build\tests\modules\test_lazyfree.vcxproj]
  (compiling source file '../../../tests/modules/test_lazyfree.c')
  
C:\Users\samue\repos\redis-windows\build_work\redis\build\msvc_compat.h(164,5): warning C4028: formal parameter 1 different from declaration [C:\Users\samue\repos\redis-windows\build_work\redis\build\tests\modules\test_lazyfree.vcxproj]
  (compiling source file '../../../tests/modules/test_lazyfree.c')
  
  Auto build dll exports
     Creating library C:/Users/samue/repos/redis-windows/build_work/redis/build/lib/Release/test_lazyfree.lib and object C:/Users/samue/repos/redis-windows/build_work/redis/build/lib/Release/test_lazyfree.exp
  test_lazyfree.vcxproj -> C:\Users\samue\repos\redis-windows\build_work\redis\build\bin\Release\test_lazyfree.dll
  Building Custom Rule C:/Users/samue/repos/redis-windows/build_work/redis/build/_deps/auto_win_msvc-src/linux-sys-bitops/CMakeLists.txt
  test_core.c
  test_main.c
  Generating Code...
  test_linux-sys-bitops.vcxproj -> C:\Users\samue\repos\redis-windows\build_work\redis\build\_deps\auto_win_msvc-build\linux-sys-bitops\Release\test_linux-sys-bitops.exe
  Building Custom Rule C:/Users/samue/repos/redis-windows/build_work/redis/build/_deps/auto_win_msvc-src/posix-alloca/CMakeLists.txt
  test_core.c
  test_main.c
  Generating Code...
  test_posix-alloca.vcxproj -> C:\Users\samue\repos\redis-windows\build_work\redis\build\_deps\auto_win_msvc-build\posix-alloca\Release\test_posix-alloca.exe
  Building Custom Rule C:/Users/samue/repos/redis-windows/build_work/redis/build/_deps/auto_win_msvc-src/posix-core/CMakeLists.txt
  test_fs.c
  test_io.c
  test_main.c
  test_misc.c
  test_posix.c
  test_process.c
  test_ugid.c
  Generating Code...
  test_posix-core.vcxproj -> C:\Users\samue\repos\redis-windows\build_work\redis\build\_deps\auto_win_msvc-build\posix-core\Release\test_posix-core.exe
  Building Custom Rule C:/Users/samue/repos/redis-windows/build_work/redis/build/_deps/auto_win_msvc-src/posix-dlfcn/CMakeLists.txt
  test_core.c
  test_main.c
  Generating Code...
  test_posix-dlfcn.vcxproj -> C:\Users\samue\repos\redis-windows\build_work\redis\build\_deps\auto_win_msvc-build\posix-dlfcn\Release\test_posix-dlfcn.exe
  Building Custom Rule C:/Users/samue/repos/redis-windows/build_work/redis/build/_deps/auto_win_msvc-src/posix-langinfo/CMakeLists.txt
  test_core.c
  test_main.c
  Generating Code...
  test_posix-langinfo.vcxproj -> C:\Users\samue\repos\redis-windows\build_work\redis\build\_deps\auto_win_msvc-build\posix-langinfo\Release\test_posix-langinfo.exe
  Building Custom Rule C:/Users/samue/repos/redis-windows/build_work/redis/build/_deps/auto_win_msvc-src/posix-libproc/CMakeLists.txt
  test_core.c
  test_main.c
  Generating Code...
  test_posix-libproc.vcxproj -> C:\Users\samue\repos\redis-windows\build_work\redis\build\_deps\auto_win_msvc-build\posix-libproc\Release\test_posix-libproc.exe
  Building Custom Rule C:/Users/samue/repos/redis-windows/build_work/redis/build/_deps/auto_win_msvc-src/posix-mman/CMakeLists.txt
  test_madvise.c
  test_main.c
  test_mlock.c
  test_mlockall.c
  test_mman.c
  test_mmap.c
  test_mprotect.c
  test_msync.c
  test_munlock.c
  test_munlockall.c
  test_munmap.c
  test_shm.c
  Generating Code...
  test_posix-mman.vcxproj -> C:\Users\samue\repos\redis-windows\build_work\redis\build\_deps\auto_win_msvc-build\posix-mman\Release\test_posix-mman.exe
  Building Custom Rule C:/Users/samue/repos/redis-windows/build_work/redis/build/_deps/auto_win_msvc-src/posix-pthread/CMakeLists.txt
  test_.c
  test_main.c
  test_pthread.c
  test_pthread_attr.c
  test_pthread_barrier.c
  test_pthread_barrierattr.c
  test_pthread_cond.c
  test_pthread_condattr.c
  test_pthread_core.c
  test_pthread_key.c
  test_pthread_mutex.c
  test_pthread_mutexattr.c
  test_pthread_rwlock.c
  test_pthread_rwlockattr.c
  test_pthread_spin.c
  test_sched.c
  test_sem.c
  Generating Code...
  test_posix-pthread.vcxproj -> C:\Users\samue\repos\redis-windows\build_work\redis\build\_deps\auto_win_msvc-build\posix-pthread\Release\test_posix-pthread.exe
  Building Custom Rule C:/Users/samue/repos/redis-windows/build_work/redis/build/_deps/auto_win_msvc-src/posix-regex/CMakeLists.txt
  test_core.c
  test_main.c
  Generating Code...
  test_posix-regex.vcxproj -> C:\Users\samue\repos\redis-windows\build_work\redis\build\_deps\auto_win_msvc-build\posix-regex\Release\test_posix-regex.exe
  Building Custom Rule C:/Users/samue/repos/redis-windows/build_work/redis/build/_deps/auto_win_msvc-src/posix-signal/CMakeLists.txt
  test_main.c
  test_signal.c
  Generating Code...
  test_posix-signal.vcxproj -> C:\Users\samue\repos\redis-windows\build_work\redis\build\_deps\auto_win_msvc-build\posix-signal\Release\test_posix-signal.exe
  Building Custom Rule C:/Users/samue/repos/redis-windows/build_work/redis/build/_deps/auto_win_msvc-src/posix-spawn/CMakeLists.txt
  test_main.c
  test_spawn.c
  test_spawnattr.c
  test_spawnp.c
  Generating Code...
  test_posix-spawn.vcxproj -> C:\Users\samue\repos\redis-windows\build_work\redis\build\_deps\auto_win_msvc-build\posix-spawn\Release\test_posix-spawn.exe
  Building Custom Rule C:/Users/samue/repos/redis-windows/build_work/redis/build/_deps/auto_win_msvc-src/posix-syslog/CMakeLists.txt
  test_core.c
  test_main.c
  Generating Code...
  test_posix-syslog.vcxproj -> C:\Users\samue\repos\redis-windows\build_work\redis\build\_deps\auto_win_msvc-build\posix-syslog\Release\test_posix-syslog.exe
  Building Custom Rule C:/Users/samue/repos/redis-windows/build_work/redis/build/_deps/auto_win_msvc-src/posix-termios/CMakeLists.txt
  test_cfgetispeed.c
  test_cfgetospeed.c
  test_cfsetispeed.c
  test_cfsetospeed.c
  test_main.c
  test_tcdrain.c
  test_tcflow.c
  test_tcflush.c
  test_tcgetattr.c
  test_tcgetsid.c
  test_tcsendbreak.c
  test_tcsetattr.c
  test_termios.c
  Generating Code...
  test_posix-termios.vcxproj -> C:\Users\samue\repos\redis-windows\build_work\redis\build\_deps\auto_win_msvc-build\posix-termios\Release\test_posix-termios.exe
  Building Custom Rule C:/Users/samue/repos/redis-windows/build_work/redis/build/_deps/auto_win_msvc-src/posix-time/CMakeLists.txt
  test_core.c
  test_main.c
  Generating Code...
  test_posix-time.vcxproj -> C:\Users\samue\repos\redis-windows\build_work\redis\build\_deps\auto_win_msvc-build\posix-time\Release\test_posix-time.exe
  Building Custom Rule C:/Users/samue/repos/redis-windows/build_work/redis/build/_deps/auto_win_msvc-src/posix-times/CMakeLists.txt
  test_core.c
  test_main.c
  Generating Code...
  test_posix-times.vcxproj -> C:\Users\samue\repos\redis-windows\build_work\redis\build\_deps\auto_win_msvc-build\posix-times\Release\test_posix-times.exe
  Building Custom Rule C:/Users/samue/repos/redis-windows/build_work/redis/build/_deps/auto_win_msvc-src/posix-types/CMakeLists.txt
  test_core.c
  test_main.c
  Generating Code...
  test_posix-types.vcxproj -> C:\Users\samue\repos\redis-windows\build_work\redis\build\_deps\auto_win_msvc-build\posix-types\Release\test_posix-types.exe
  Building Custom Rule C:/Users/samue/repos/redis-windows/build_work/redis/build/_deps/auto_win_msvc-src/posix-unwind/CMakeLists.txt
  test_core.c
  test_main.c
  Generating Code...
  test_posix-unwind.vcxproj -> C:\Users\samue\repos\redis-windows\build_work\redis\build\_deps\auto_win_msvc-build\posix-unwind\Release\test_posix-unwind.exe
  Building Custom Rule C:/Users/samue/repos/redis-windows/build_work/redis/build/_deps/auto_win_msvc-src/posix-utsname/CMakeLists.txt
  test_core.c
  test_main.c
  Generating Code...
  test_posix-utsname.vcxproj -> C:\Users\samue\repos\redis-windows\build_work\redis\build\_deps\auto_win_msvc-build\posix-utsname\Release\test_posix-utsname.exe
  Building Custom Rule C:/Users/samue/repos/redis-windows/build_work/redis/build/_deps/auto_win_msvc-src/posix-wait/CMakeLists.txt
  test_core.c
  test_main.c
  Generating Code...
  test_posix-wait.vcxproj -> C:\Users\samue\repos\redis-windows\build_work\redis\build\_deps\auto_win_msvc-build\posix-wait\Release\test_posix-wait.exe
  Building Custom Rule C:/Users/samue/repos/redis-windows/build_work/redis/build/patched/tests/modules/CMakeLists.txt
  testrdb.c
C:\Users\samue\repos\redis-windows\build_work\redis\build\msvc_compat.h(156,9): warning C4028: formal parameter 1 different from declaration [C:\Users\samue\repos\redis-windows\build_work\redis\build\tests\modules\testrdb.vcxproj]
  (compiling source file '../../../tests/modules/testrdb.c')
  
C:\Users\samue\repos\redis-windows\build_work\redis\build\msvc_compat.h(157,9): warning C4028: formal parameter 1 different from declaration [C:\Users\samue\repos\redis-windows\build_work\redis\build\tests\modules\testrdb.vcxproj]
  (compiling source file '../../../tests/modules/testrdb.c')
  
C:\Users\samue\repos\redis-windows\build_work\redis\build\msvc_compat.h(164,5): warning C4028: formal parameter 1 different from declaration [C:\Users\samue\repos\redis-windows\build_work\redis\build\tests\modules\testrdb.vcxproj]
  (compiling source file '../../../tests/modules/testrdb.c')
  
  Auto build dll exports
     Creating library C:/Users/samue/repos/redis-windows/build_work/redis/build/lib/Release/testrdb.lib and object C:/Users/samue/repos/redis-windows/build_work/redis/build/lib/Release/testrdb.exp
  testrdb.vcxproj -> C:\Users\samue\repos\redis-windows\build_work\redis\build\bin\Release\testrdb.dll
  Building Custom Rule C:/Users/samue/repos/redis-windows/build_work/redis/build/patched/tests/modules/CMakeLists.txt
  timer.c
C:\Users\samue\repos\redis-windows\build_work\redis\build\msvc_compat.h(156,9): warning C4028: formal parameter 1 different from declaration [C:\Users\samue\repos\redis-windows\build_work\redis\build\tests\modules\timer.vcxproj]
  (compiling source file '../../../tests/modules/timer.c')
  
C:\Users\samue\repos\redis-windows\build_work\redis\build\msvc_compat.h(157,9): warning C4028: formal parameter 1 different from declaration [C:\Users\samue\repos\redis-windows\build_work\redis\build\tests\modules\timer.vcxproj]
  (compiling source file '../../../tests/modules/timer.c')
  
C:\Users\samue\repos\redis-windows\build_work\redis\build\msvc_compat.h(164,5): warning C4028: formal parameter 1 different from declaration [C:\Users\samue\repos\redis-windows\build_work\redis\build\tests\modules\timer.vcxproj]
  (compiling source file '../../../tests/modules/timer.c')
  
  Auto build dll exports
     Creating library C:/Users/samue/repos/redis-windows/build_work/redis/build/lib/Release/timer.lib and object C:/Users/samue/repos/redis-windows/build_work/redis/build/lib/Release/timer.exp
  timer.vcxproj -> C:\Users\samue\repos\redis-windows\build_work\redis\build\bin\Release\timer.dll
  Building Custom Rule C:/Users/samue/repos/redis-windows/build_work/redis/build/_deps/auto_win_msvc-src/posix-utsname/CMakeLists.txt
  uname_main.c
  uname.vcxproj -> C:\Users\samue\repos\redis-windows\build_work\redis\build\_deps\auto_win_msvc-build\posix-utsname\Release\uname.exe
  Building Custom Rule C:/Users/samue/repos/redis-windows/build_work/redis/build/patched/tests/modules/CMakeLists.txt
  usercall.c
C:\Users\samue\repos\redis-windows\build_work\redis\build\msvc_compat.h(156,9): warning C4028: formal parameter 1 different from declaration [C:\Users\samue\repos\redis-windows\build_work\redis\build\tests\modules\usercall.vcxproj]
  (compiling source file '../../../tests/modules/usercall.c')
  
C:\Users\samue\repos\redis-windows\build_work\redis\build\msvc_compat.h(157,9): warning C4028: formal parameter 1 different from declaration [C:\Users\samue\repos\redis-windows\build_work\redis\build\tests\modules\usercall.vcxproj]
  (compiling source file '../../../tests/modules/usercall.c')
  
C:\Users\samue\repos\redis-windows\build_work\redis\build\msvc_compat.h(164,5): warning C4028: formal parameter 1 different from declaration [C:\Users\samue\repos\redis-windows\build_work\redis\build\tests\modules\usercall.vcxproj]
  (compiling source file '../../../tests/modules/usercall.c')
  
  Auto build dll exports
     Creating library C:/Users/samue/repos/redis-windows/build_work/redis/build/lib/Release/usercall.lib and object C:/Users/samue/repos/redis-windows/build_work/redis/build/lib/Release/usercall.exp
  usercall.vcxproj -> C:\Users\samue\repos\redis-windows\build_work\redis\build\bin\Release\usercall.dll
  Building Custom Rule C:/Users/samue/repos/redis-windows/build_work/redis/cmake/CMakeLists.txt
  win_kill.c
C:\Users\samue\repos\redis-windows\build_work\redis\build\msvc_compat.h(156,9): warning C4028: formal parameter 1 different from declaration [C:\Users\samue\repos\redis-windows\build_work\redis\build\win_kill.vcxproj]
  (compiling source file 'win_kill.c')
  
C:\Users\samue\repos\redis-windows\build_work\redis\build\msvc_compat.h(157,9): warning C4028: formal parameter 1 different from declaration [C:\Users\samue\repos\redis-windows\build_work\redis\build\win_kill.vcxproj]
  (compiling source file 'win_kill.c')
  
C:\Users\samue\repos\redis-windows\build_work\redis\build\msvc_compat.h(164,5): warning C4028: formal parameter 1 different from declaration [C:\Users\samue\repos\redis-windows\build_work\redis\build\win_kill.vcxproj]
  (compiling source file 'win_kill.c')
  
  win_kill.vcxproj -> C:\Users\samue\repos\redis-windows\build_work\redis\build\bin\Release\win_kill.exe
  Building Custom Rule C:/Users/samue/repos/redis-windows/build_work/redis/build/patched/tests/modules/CMakeLists.txt
  zset.c
C:\Users\samue\repos\redis-windows\build_work\redis\build\msvc_compat.h(156,9): warning C4028: formal parameter 1 different from declaration [C:\Users\samue\repos\redis-windows\build_work\redis\build\tests\modules\zset.vcxproj]
  (compiling source file '../../../tests/modules/zset.c')
  
C:\Users\samue\repos\redis-windows\build_work\redis\build\msvc_compat.h(157,9): warning C4028: formal parameter 1 different from declaration [C:\Users\samue\repos\redis-windows\build_work\redis\build\tests\modules\zset.vcxproj]
  (compiling source file '../../../tests/modules/zset.c')
  
C:\Users\samue\repos\redis-windows\build_work\redis\build\msvc_compat.h(164,5): warning C4028: formal parameter 1 different from declaration [C:\Users\samue\repos\redis-windows\build_work\redis\build\tests\modules\zset.vcxproj]
  (compiling source file '../../../tests/modules/zset.c')
  
  Auto build dll exports
     Creating library C:/Users/samue/repos/redis-windows/build_work/redis/build/lib/Release/zset.lib and object C:/Users/samue/repos/redis-windows/build_work/redis/build/lib/Release/zset.exp
  zset.vcxproj -> C:\Users\samue\repos\redis-windows\build_work\redis\build\bin\Release\zset.dll
  Building Custom Rule C:/Users/samue/repos/redis-windows/build_work/redis/cmake/CMakeLists.txt
Packaging...
CPack: Create package using WIX
CPack: Install projects
CPack: - Install project: redis [Release]
CPack: -   Install component: Unspecified
CPack: -   Install component: redis
CPack: Create package
CPack Warning: CPACK_WIX_UPGRADE_GUID implicitly set to 70DCD94E-A5F4-4995-8963-79383B620B6B . Please refer to the documentation on how and why you might want to set this explicitly.
CPack: - package: C:/Users/samue/repos/redis-windows/build_work/redis/build/redis-8.7.240-win64.msi generated.
CPack: Create package using NSIS
CPack: Install projects
CPack: - Install project: redis [Release]
CPack: -   Install component: Unspecified
CPack: -   Install component: redis
CPack: Create package
CPack: - package: C:/Users/samue/repos/redis-windows/build_work/redis/build/redis-8.7.240-win64.exe generated.
CPack: Create package using ZIP
CPack: Install projects
CPack: - Install project: redis [Release]
CPack: Create package
CPack: - package: C:/Users/samue/repos/redis-windows/build_work/redis/build/redis-8.7.240-win64.zip generated.
[3/5] Running Tests (CTest)...
Test project C:/Users/samue/repos/redis-windows/build_work/redis/build
      Start  1: internal-ziplist
 1/42 Test  #1: internal-ziplist .................   Passed    0.17 sec
      Start  2: internal-quicklist
 2/42 Test  #2: internal-quicklist ...............   Passed    7.15 sec
      Start  3: internal-intset
 3/42 Test  #3: internal-intset ..................   Passed    0.01 sec
      Start  4: internal-zipmap
 4/42 Test  #4: internal-zipmap ..................   Passed    0.01 sec
      Start  5: internal-sha1test
 5/42 Test  #5: internal-sha1test ................   Passed    0.01 sec
      Start  6: internal-util
 6/42 Test  #6: internal-util ....................   Passed    0.01 sec
      Start  7: internal-endianconv
 7/42 Test  #7: internal-endianconv ..............   Passed    0.01 sec
      Start  8: internal-crc64
 8/42 Test  #8: internal-crc64 ...................   Passed    0.40 sec
      Start  9: internal-mstr
 9/42 Test  #9: internal-mstr ....................   Passed    0.01 sec
      Start 10: internal-dict
10/42 Test #10: internal-dict ....................   Passed    0.03 sec
      Start 11: internal-kvstore
11/42 Test #11: internal-kvstore .................   Passed    0.01 sec
      Start 12: internal-fwtree
12/42 Test #12: internal-fwtree ..................   Passed    0.01 sec
      Start 13: internal-estore
13/42 Test #13: internal-estore ..................   Passed    0.01 sec
      Start 14: internal-ebuckets
14/42 Test #14: internal-ebuckets ................   Passed    0.08 sec
      Start 15: internal-bitmap
15/42 Test #15: internal-bitmap ..................   Passed    0.01 sec
      Start 16: internal-rax
16/42 Test #16: internal-rax .....................   Passed    0.01 sec
      Start 17: internal-zset
17/42 Test #17: internal-zset ....................   Passed    0.02 sec
      Start 18: internal-topk
18/42 Test #18: internal-topk ....................   Passed    0.01 sec
      Start 19: internal-listpack
19/42 Test #19: internal-listpack ................   Passed    0.17 sec
      Start 20: internal-zmalloc
20/42 Test #20: internal-zmalloc .................   Passed    0.01 sec
      Start 21: internal-sds
21/42 Test #21: internal-sds .....................   Passed    0.02 sec
      Start 22: test_bsd-sys-cpuset
22/42 Test #22: test_bsd-sys-cpuset ..............   Passed    0.01 sec
      Start 23: test_bsd-sys-sysctl
23/42 Test #23: test_bsd-sys-sysctl ..............   Passed    0.01 sec
      Start 24: test_linux-sys-bitops
24/42 Test #24: test_linux-sys-bitops ............   Passed    0.01 sec
      Start 25: test_posix-core
25/42 Test #25: test_posix-core ..................   Passed    0.01 sec
      Start 26: test_posix-dlfcn
26/42 Test #26: test_posix-dlfcn .................   Passed    0.01 sec
      Start 27: test_posix-langinfo
27/42 Test #27: test_posix-langinfo ..............   Passed    0.01 sec
      Start 28: test_posix-libproc
28/42 Test #28: test_posix-libproc ...............   Passed    0.04 sec
      Start 29: test_posix-mman
29/42 Test #29: test_posix-mman ..................   Passed    0.01 sec
      Start 30: test_posix-pthread
30/42 Test #30: test_posix-pthread ...............   Passed    0.01 sec
      Start 31: test_posix-regex
31/42 Test #31: test_posix-regex .................   Passed    0.02 sec
      Start 32: test_posix-signal
32/42 Test #32: test_posix-signal ................   Passed    0.01 sec
      Start 33: test_posix-spawn
33/42 Test #33: test_posix-spawn .................   Passed    0.01 sec
      Start 34: test_posix-syslog
34/42 Test #34: test_posix-syslog ................   Passed    0.01 sec
      Start 35: test_posix-termios
35/42 Test #35: test_posix-termios ...............   Passed    0.01 sec
      Start 36: test_posix-time
36/42 Test #36: test_posix-time ..................   Passed    0.01 sec
      Start 37: test_posix-times
37/42 Test #37: test_posix-times .................   Passed    0.01 sec
      Start 38: test_posix-types
38/42 Test #38: test_posix-types .................   Passed    0.01 sec
      Start 39: test_posix-utsname
39/42 Test #39: test_posix-utsname ...............   Passed    0.01 sec
      Start 40: test_posix-wait
40/42 Test #40: test_posix-wait ..................   Passed    0.01 sec
      Start 41: test_posix-alloca
41/42 Test #41: test_posix-alloca ................   Passed    0.01 sec
      Start 42: test_posix-unwind
42/42 Test #42: test_posix-unwind ................   Passed    0.01 sec

100% tests passed, 0 tests failed out of 42

Total Test time (real) =   8.51 sec
Tests passed successfully.

--local-only flag provided. Skipping git tag, push, and GitHub release.
Done Build and tests completed successfully.
